ISO-10303-21;
HEADER;
FILE_DESCRIPTION(('Open CASCADE Model'),'2;1');
FILE_NAME('Open CASCADE Shape Model','2026-09-02T22:19:27',('Author'),(
    'Open CASCADE'),'Open CASCADE STEP processor 7.9','Open CASCADE 7.9'
  ,'Unknown');
FILE_SCHEMA(('AUTOMOTIVE_DESIGN { 1 0 10303 214 1 1 1 1 }'));
ENDSEC;
DATA;
#1 = APPLICATION_PROTOCOL_DEFINITION('international standard',
  'automotive_design',2000,#2);
#2 = APPLICATION_CONTEXT(
  'core data for automotive mechanical design processes');
#3 = SHAPE_DEFINITION_REPRESENTATION(#4,#10);
#4 = PRODUCT_DEFINITION_SHAPE('','',#5);
#5 = PRODUCT_DEFINITION('design','',#6,#9);
#6 = PRODUCT_DEFINITION_FORMATION('','',#7);
#7 = PRODUCT('Open CASCADE STEP translator 7.9 6',
  'Open CASCADE STEP translator 7.9 6','',(#8));
#8 = PRODUCT_CONTEXT('',#2,'mechanical');
#9 = PRODUCT_DEFINITION_CONTEXT('part definition',#2,'design');
#10 = ADVANCED_BREP_SHAPE_REPRESENTATION('',(#11,#15),#3880);
#11 = AXIS2_PLACEMENT_3D('',#12,#13,#14);
#12 = CARTESIAN_POINT('',(0.,0.,0.));
#13 = DIRECTION('',(0.,0.,1.));
#14 = DIRECTION('',(1.,0.,-0.));
#15 = MANIFOLD_SOLID_BREP('',#16);
#16 = CLOSED_SHELL('',(#17,#3872,#3876));
#17 = ADVANCED_FACE('',(#18),#342,.T.);
#18 = FACE_BOUND('',#19,.T.);
#19 = EDGE_LOOP('',(#20,#3193,#3221,#3871));
#20 = ORIENTED_EDGE('',*,*,#21,.T.);
#21 = EDGE_CURVE('',#22,#22,#24,.T.);
#22 = VERTEX_POINT('',#23);
#23 = CARTESIAN_POINT('',(3.,55.,0.));
#24 = SURFACE_CURVE('',#25,(#341,#2869),.PCURVE_S1.);
#25 = B_SPLINE_CURVE_WITH_KNOTS('',3,(#26,#27,#28,#29,#30,#31,#32,#33,
    #34,#35,#36,#37,#38,#39,#40,#41,#42,#43,#44,#45,#46,#47,#48,#49,#50,
    #51,#52,#53,#54,#55,#56,#57,#58,#59,#60,#61,#62,#63,#64,#65,#66,#67,
    #68,#69,#70,#71,#72,#73,#74,#75,#76,#77,#78,#79,#80,#81,#82,#83,#84,
    #85,#86,#87,#88,#89,#90,#91,#92,#93,#94,#95,#96,#97,#98,#99,#100,
    #101,#102,#103,#104,#105,#106,#107,#108,#109,#110,#111,#112,#113,
    #114,#115,#116,#117,#118,#119,#120,#121,#122,#123,#124,#125,#126,
    #127,#128,#129,#130,#131,#132,#133,#134,#135,#136,#137,#138,#139,
    #140,#141,#142,#143,#144,#145,#146,#147,#148,#149,#150,#151,#152,
    #153,#154,#155,#156,#157,#158,#159,#160,#161,#162,#163,#164,#165,
    #166,#167,#168,#169,#170,#171,#172,#173,#174,#175,#176,#177,#178,
    #179,#180,#181,#182,#183,#184,#185,#186,#187,#188,#189,#190,#191,
    #192,#193,#194,#195,#196,#197,#198,#199,#200,#201,#202,#203,#204,
    #205,#206,#207,#208,#209,#210,#211,#212,#213,#214,#215,#216,#217,
    #218,#219,#220,#221,#222,#223,#224,#225,#226,#227,#228,#229,#230,
    #231,#232,#233,#234,#235,#236,#237,#238,#239,#240,#241,#242,#243,
    #244,#245,#246,#247,#248,#249,#250,#251,#252,#253,#254,#255,#256,
    #257,#258,#259,#260,#261,#262,#263,#264,#265,#266,#267,#268,#269,
    #270,#271,#272,#273,#274,#275,#276,#277,#278,#279,#280,#281,#282,
    #283,#284,#285,#286,#287,#288,#289,#290,#291,#292,#293,#294,#295,
    #296,#297,#298,#299,#300,#301,#302,#303,#304,#305,#306,#307,#308,
    #309,#310,#311,#312,#313,#314,#315,#316,#317,#318,#319,#320,#321,
    #322,#323,#324,#325,#326,#327,#328,#329,#330,#331,#332,#333,#334,
    #335,#336,#337,#338,#339,#340),.UNSPECIFIED.,.T.,.F.,(4,1,1,1,1,1,1,
    1,1,1,1,1,1,1,1,1,1,1,1,1,1,1,1,1,1,1,1,1,1,1,1,1,1,1,1,1,1,1,1,1,1,
    1,1,1,1,1,1,1,1,1,1,1,1,1,1,1,1,1,1,1,1,1,1,1,1,1,1,1,1,1,1,1,1,1,1,
    1,1,1,1,1,1,1,1,1,1,1,1,1,1,1,1,1,1,1,1,1,1,1,1,1,1,1,1,1,1,1,1,1,1,
    1,1,1,1,1,1,1,1,1,1,1,1,1,1,1,1,1,1,1,1,1,1,1,1,1,1,1,1,1,1,1,1,1,1,
    1,1,1,1,1,1,1,1,1,1,1,1,1,1,1,1,1,1,1,1,1,1,1,1,1,1,1,1,1,1,1,1,1,1,
    1,1,1,1,1,1,1,1,1,1,1,1,1,1,1,1,1,1,1,1,1,1,1,1,1,1,1,1,1,1,1,1,1,1,
    1,1,1,1,1,1,1,1,1,1,1,1,1,1,1,1,1,1,1,1,1,1,1,1,1,1,1,1,1,1,1,1,1,1,
    1,1,1,1,1,1,1,1,1,1,1,1,1,1,1,1,1,1,1,1,1,1,1,1,1,1,1,1,1,1,1,1,1,1,
    1,1,1,1,1,1,1,1,1,1,1,1,1,1,1,1,1,1,1,1,1,1,1,1,1,1,1,1,1,1,1,1,1,4)
  ,(0.,3.704173808496E-02,3.853123065704E-02,3.969965341824E-02,
    3.993238418426E-02,4.024223661402E-02,4.13635419423E-02,
    4.273098186666E-02,6.41454235551E-02,6.670297813495E-02,
    6.871057125171E-02,6.911058570477E-02,6.964322375689E-02,
    7.157139084363E-02,7.392412299658E-02,8.798229181108E-02,
    9.142688381577E-02,9.41345982466E-02,9.467449969176E-02,
    9.539359974116E-02,9.79986060635E-02,0.101181034377,0.109544756832,
    0.113701703722,0.116977141638,0.117631034906,0.118502363775,
    0.121662626819,0.125531319728,0.129261366267,0.133934097107,
    0.137629017904,0.138368006002,0.139353417329,0.142934025332,
    0.147331186171,0.147415924125,0.152374504434,0.156314770953,
    0.157104865229,0.158159479062,0.162001684612,0.164280609728,
    0.166741923668,0.169256768763,0.173236214754,0.174036903778,
    0.175107101911,0.179020209467,0.180186028534,0.183879181261,
    0.18487503496,0.188653224365,0.189416628917,0.190438725212,
    0.194193366675,0.195576751147,0.198895789819,0.199649381927,
    0.202956802179,0.203628160021,0.204528730921,0.207854793944,
    0.211083750696,0.212064253329,0.214207887829,0.216761918232,
    0.217282460108,0.21798194064,0.220578530215,0.223899762548,
    0.227742224453,0.229592560459,0.231111132833,0.231421401473,
    0.231838779688,0.233393257979,0.235396049494,0.25,0.264603950506,
    0.266606742021,0.268161220312,0.268578598527,0.268888867167,
    0.270407439541,0.272257775547,0.276100237452,0.279421469785,
    0.28201805936,0.282717539892,0.283238081768,0.285792112171,
    0.287935746671,0.288916249304,0.292145206056,0.295471269079,
    0.296371839979,0.297043197821,0.300350618073,0.301104210181,
    0.304423248853,0.305806633325,0.309561274788,0.310583371083,
    0.311346775635,0.31512496504,0.316120818739,0.319813971466,
    0.320979790533,0.324892898089,0.325963096222,0.326763785246,
    0.330743231237,0.333258076332,0.335719390272,0.337998315388,
    0.341840520938,0.342895134771,0.343685229047,0.347625495566,
    0.352584075875,0.352668813829,0.357065974668,0.360646582671,
    0.361631993998,0.362370982096,0.366065902893,0.370738633733,
    0.374468680272,0.378337373181,0.381497636225,0.382368965094,
    0.383022858362,0.386298296278,0.390455243168,0.398818965623,
    0.402001393936,0.404606400259,0.405325500308,0.405865401753,
    0.408573116184,0.412017708189,0.426075877003,0.428428609156,
    0.430356776243,0.430889414295,0.431289428748,0.433297021865,
    0.435854576445,0.457269018133,0.458636458058,0.459757763386,
    0.460067615816,0.460300346582,0.461468769343,0.462958261915,0.5,
    0.537041738085,0.538531230657,0.539699653418,0.539932384184,
    0.540242236614,0.541363541942,0.542730981867,0.564145423555,
    0.566702978135,0.568710571252,0.569110585705,0.569643223757,
    0.571571390844,0.573924122997,0.587982291811,0.591426883816,
    0.594134598247,0.594674499692,0.595393599741,0.597998606064,
    0.601181034377,0.609544756832,0.613701703722,0.616977141638,
    0.617631034906,0.618502363775,0.621662626819,0.625531319728,
    0.629261366267,0.633934097107,0.637629017904,0.638368006002,
    0.639353417329,0.642934025332,0.647331186171,0.647415924125,
    0.652374504434,0.656314770953,0.657104865229,0.658159479062,
    0.662001684612,0.664280609728,0.666741923668,0.669256768763,
    0.673236214754,0.674036903778,0.675107101911,0.679020209467,
    0.680186028534,0.683879181261,0.68487503496,0.688653224365,
    0.689416628917,0.690438725212,0.694193366675,0.695576751147,
    0.698895789819,0.699649381927,0.702956802179,0.703628160021,
    0.704528730921,0.707854793944,0.711083750696,0.712064253329,
    0.714207887829,0.716761918232,0.717282460108,0.71798194064,
    0.720578530215,0.723899762548,0.727742224453,0.729592560459,
    0.731111132833,0.731421401473,0.731838779688,0.733393257979,
    0.735396049494,0.75,0.764603950506,0.766606742021,0.768161220312,
    0.768578598527,0.768888867167,0.770407439541,0.772257775547,
    0.776100237452,0.779421469785,0.78201805936,0.782717539892,
    0.783238081768,0.785792112171,0.787935746671,0.788916249304,
    0.792145206056,0.795471269079,0.796371839979,0.797043197821,
    0.800350618073,0.801104210181,0.804423248853,0.805806633325,
    0.809561274788,0.810583371083,0.811346775635,0.81512496504,
    0.816120818739,0.819813971466,0.820979790533,0.824892898089,
    0.825963096222,0.826763785246,0.830743231237,0.833258076332,
    0.835719390272,0.837998315388,0.841840520938,0.842895134771,
    0.843685229047,0.847625495566,0.852584075875,0.852668813829,
    0.857065974668,0.860646582671,0.861631993998,0.862370982096,
    0.866065902893,0.870738633733,0.874468680272,0.878337373181,
    0.881497636225,0.882368965094,0.883022858362,0.886298296278,
    0.890455243168,0.898818965623,0.902001393936,0.904606400259,
    0.905325500308,0.905865401753,0.908573116184,0.912017708189,
    0.926075877003,0.928428609156,0.930356776243,0.930889414295,
    0.931289428748,0.933297021865,0.935854576445,0.957269018133,
    0.958636458058,0.959757763386,0.960067615816,0.960300346582,
    0.961468769343,0.962958261915,1.),.UNSPECIFIED.);
#26 = CARTESIAN_POINT('',(3.,55.,0.));
#27 = CARTESIAN_POINT('',(3.001117102626,55.326380228917,0.));
#28 = CARTESIAN_POINT('',(2.996554217328,55.66715489356,0.));
#29 = CARTESIAN_POINT('',(2.977478005434,56.01725850384,0.));
#30 = CARTESIAN_POINT('',(2.976015162416,56.042745158815,0.));
#31 = CARTESIAN_POINT('',(2.975125842374,56.057829226756,0.));
#32 = CARTESIAN_POINT('',(2.974252152523,56.072497238865,0.));
#33 = CARTESIAN_POINT('',(2.972743154341,56.097165257851,0.));
#34 = CARTESIAN_POINT('',(2.95925853763,56.307811063613,0.));
#35 = CARTESIAN_POINT('',(2.939065771273,56.530633916022,0.));
#36 = CARTESIAN_POINT('',(2.910079405827,56.758159518549,0.));
#37 = CARTESIAN_POINT('',(2.904229393611,56.801605279378,0.));
#38 = CARTESIAN_POINT('',(2.900666146602,56.82731962042,0.));
#39 = CARTESIAN_POINT('',(2.897161674409,56.852334283199,0.));
#40 = CARTESIAN_POINT('',(2.891097801916,56.894400358086,0.));
#41 = CARTESIAN_POINT('',(2.866863206569,57.054503455863,0.));
#42 = CARTESIAN_POINT('',(2.835811525746,57.227101340129,0.));
#43 = CARTESIAN_POINT('',(2.798231675117,57.401573036341,0.));
#44 = CARTESIAN_POINT('',(2.785065908917,57.459184901107,0.));
#45 = CARTESIAN_POINT('',(2.777029523151,57.493278725357,0.));
#46 = CARTESIAN_POINT('',(2.769112900854,57.526468715532,0.));
#47 = CARTESIAN_POINT('',(2.755386634461,57.582261023669,0.));
#48 = CARTESIAN_POINT('',(2.72399470035,57.703213237475,0.));
#49 = CARTESIAN_POINT('',(2.685644685421,57.83648602368,0.));
#50 = CARTESIAN_POINT('',(2.642919146371,57.969295107323,0.));
#51 = CARTESIAN_POINT('',(2.619729000908,58.03684367037,0.));
#52 = CARTESIAN_POINT('',(2.605533462387,58.076793976465,0.));
#53 = CARTESIAN_POINT('',(2.591515262435,58.115727184277,0.));
#54 = CARTESIAN_POINT('',(2.567144993975,58.181105470579,0.));
#55 = CARTESIAN_POINT('',(2.532158611672,58.26944997931,0.));
#56 = CARTESIAN_POINT('',(2.489954019632,58.369278415057,0.));
#57 = CARTESIAN_POINT('',(2.445752279836,58.466586000844,0.));
#58 = CARTESIAN_POINT('',(2.410443062654,58.538871404,0.));
#59 = CARTESIAN_POINT('',(2.388766018183,58.581550911211,0.));
#60 = CARTESIAN_POINT('',(2.367291441359,58.623199238573,0.));
#61 = CARTESIAN_POINT('',(2.329858521482,58.692966156986,0.));
#62 = CARTESIAN_POINT('',(2.294320702678,58.754691717975,0.));
#63 = CARTESIAN_POINT('',(2.251433834898,58.826218959422,0.));
#64 = CARTESIAN_POINT('',(2.209256066761,58.893482168511,0.));
#65 = CARTESIAN_POINT('',(2.161077617438,58.964258753291,0.));
#66 = CARTESIAN_POINT('',(2.131435925431,59.005895423862,0.));
#67 = CARTESIAN_POINT('',(2.1019592273,59.04658322808,0.));
#68 = CARTESIAN_POINT('',(2.063627551517,59.09708797711,0.));
#69 = CARTESIAN_POINT('',(2.016038324622,59.156131097471,0.));
#70 = CARTESIAN_POINT('',(1.974651861718,59.205106576288,0.));
#71 = CARTESIAN_POINT('',(1.922063903449,59.264270050438,0.));
#72 = CARTESIAN_POINT('',(1.87763041699,59.311004884046,0.));
#73 = CARTESIAN_POINT('',(1.84105246971,59.347544426297,0.));
#74 = CARTESIAN_POINT('',(1.804524011471,59.383299611112,0.));
#75 = CARTESIAN_POINT('',(1.76465487838,59.420240662575,0.));
#76 = CARTESIAN_POINT('',(1.706273041664,59.471256959212,0.));
#77 = CARTESIAN_POINT('',(1.66634461744,59.50420933111,0.));
#78 = CARTESIAN_POINT('',(1.607310517904,59.550235862207,0.));
#79 = CARTESIAN_POINT('',(1.567853451675,59.579234723451,0.));
#80 = CARTESIAN_POINT('',(1.527431832684,59.607254794008,0.));
#81 = CARTESIAN_POINT('',(1.486879613566,59.634714314245,0.));
#82 = CARTESIAN_POINT('',(1.440902741467,59.663912231522,0.));
#83 = CARTESIAN_POINT('',(1.376531837004,59.701918993087,0.));
#84 = CARTESIAN_POINT('',(1.3342778213,59.725188274484,0.));
#85 = CARTESIAN_POINT('',(1.276341813835,59.755180592737,0.));
#86 = CARTESIAN_POINT('',(1.238701417828,59.773462139915,0.));
#87 = CARTESIAN_POINT('',(1.199441584109,59.791339673353,0.));
#88 = CARTESIAN_POINT('',(1.159856685707,59.808899184022,0.));
#89 = CARTESIAN_POINT('',(1.098904656181,59.834041549212,0.));
#90 = CARTESIAN_POINT('',(1.036319764462,59.856937692323,0.));
#91 = CARTESIAN_POINT('',(0.983084515638,59.874863644878,0.));
#92 = CARTESIAN_POINT('',(0.935205655351,59.889978520296,0.));
#93 = CARTESIAN_POINT('',(0.89083175578,59.902637259357,0.));
#94 = CARTESIAN_POINT('',(0.858584149216,59.911221540043,0.));
#95 = CARTESIAN_POINT('',(0.825912807757,59.919674420568,0.));
#96 = CARTESIAN_POINT('',(0.768996835573,59.933267367893,0.));
#97 = CARTESIAN_POINT('',(0.684446851764,59.95056246747,0.));
#98 = CARTESIAN_POINT('',(0.605852170942,59.96354274218,0.));
#99 = CARTESIAN_POINT('',(0.542771023138,59.972088280739,0.));
#100 = CARTESIAN_POINT('',(0.510531074421,59.975926549194,0.));
#101 = CARTESIAN_POINT('',(0.490830535558,59.978106171572,0.));
#102 = CARTESIAN_POINT('',(0.470808190557,59.980255207093,0.));
#103 = CARTESIAN_POINT('',(0.43590460913,59.983694053717,0.));
#104 = CARTESIAN_POINT('',(0.276181217142,59.997048304458,0.));
#105 = CARTESIAN_POINT('',(5.27508974002E-11,60.002595717837,0.));
#106 = CARTESIAN_POINT('',(-0.276181217261,59.997048304339,0.));
#107 = CARTESIAN_POINT('',(-0.435904609237,59.98369405363,0.));
#108 = CARTESIAN_POINT('',(-0.470808190652,59.980255207019,0.));
#109 = CARTESIAN_POINT('',(-0.490830535644,59.978106171507,0.));
#110 = CARTESIAN_POINT('',(-0.510531074495,59.975926549138,0.));
#111 = CARTESIAN_POINT('',(-0.542771023189,59.972088280702,0.));
#112 = CARTESIAN_POINT('',(-0.605852170927,59.963542742192,0.));
#113 = CARTESIAN_POINT('',(-0.684446851616,59.950562467569,0.));
#114 = CARTESIAN_POINT('',(-0.768996835291,59.933267368074,0.));
#115 = CARTESIAN_POINT('',(-0.825912807429,59.919674420776,0.));
#116 = CARTESIAN_POINT('',(-0.858584148885,59.911221540253,0.));
#117 = CARTESIAN_POINT('',(-0.890831755457,59.902637259561,0.));
#118 = CARTESIAN_POINT('',(-0.935205655074,59.88997852047,0.));
#119 = CARTESIAN_POINT('',(-0.983084515493,59.874863644969,0.));
#120 = CARTESIAN_POINT('',(-1.036319764536,59.856937692277,0.));
#121 = CARTESIAN_POINT('',(-1.098904656641,59.834041548927,0.));
#122 = CARTESIAN_POINT('',(-1.159856686545,59.808899183504,0.));
#123 = CARTESIAN_POINT('',(-1.199441585109,59.791339672735,0.));
#124 = CARTESIAN_POINT('',(-1.238701418948,59.773462139223,0.));
#125 = CARTESIAN_POINT('',(-1.276341814955,59.755180592045,0.));
#126 = CARTESIAN_POINT('',(-1.334277822114,59.725188273981,0.));
#127 = CARTESIAN_POINT('',(-1.376531837342,59.701918992878,0.));
#128 = CARTESIAN_POINT('',(-1.440902740457,59.663912232145,0.));
#129 = CARTESIAN_POINT('',(-1.486879611296,59.634714315646,0.));
#130 = CARTESIAN_POINT('',(-1.52743182952,59.60725479596,0.));
#131 = CARTESIAN_POINT('',(-1.567853447751,59.579234725872,0.));
#132 = CARTESIAN_POINT('',(-1.607310513662,59.550235864824,0.));
#133 = CARTESIAN_POINT('',(-1.666344614142,59.504209333144,0.));
#134 = CARTESIAN_POINT('',(-1.706273040121,59.471256960164,0.));
#135 = CARTESIAN_POINT('',(-1.764654881921,59.420240660391,0.));
#136 = CARTESIAN_POINT('',(-1.804524019758,59.383299606001,0.));
#137 = CARTESIAN_POINT('',(-1.841052481641,59.347544418937,0.));
#138 = CARTESIAN_POINT('',(-1.877630432098,59.311004874727,0.));
#139 = CARTESIAN_POINT('',(-1.922063920421,59.264270039969,0.));
#140 = CARTESIAN_POINT('',(-1.974651873559,59.205106568983,0.));
#141 = CARTESIAN_POINT('',(-2.016038326165,59.156131096519,0.));
#142 = CARTESIAN_POINT('',(-2.063627532257,59.097087988991,0.));
#143 = CARTESIAN_POINT('',(-2.101959187164,59.046583252838,0.));
#144 = CARTESIAN_POINT('',(-2.131435872763,59.005895456349,0.));
#145 = CARTESIAN_POINT('',(-2.161077554217,58.964258792289,0.));
#146 = CARTESIAN_POINT('',(-2.209255997387,58.893482211304,0.));
#147 = CARTESIAN_POINT('',(-2.25143379824,58.826218982034,0.));
#148 = CARTESIAN_POINT('',(-2.294320737015,58.754691696795,0.));
#149 = CARTESIAN_POINT('',(-2.329858643641,58.692966081634,0.));
#150 = CARTESIAN_POINT('',(-2.367291653666,58.623199107614,0.));
#151 = CARTESIAN_POINT('',(-2.388766264404,58.581550759333,0.));
#152 = CARTESIAN_POINT('',(-2.410443334223,58.538871236486,0.));
#153 = CARTESIAN_POINT('',(-2.445752548019,58.466585835419,0.));
#154 = CARTESIAN_POINT('',(-2.489954095126,58.369278368489,0.));
#155 = CARTESIAN_POINT('',(-2.532158206092,58.269450229488,0.));
#156 = CARTESIAN_POINT('',(-2.567144136625,58.181105999425,0.));
#157 = CARTESIAN_POINT('',(-2.591514191392,58.115727844938,0.));
#158 = CARTESIAN_POINT('',(-2.60553234322,58.076794666809,0.));
#159 = CARTESIAN_POINT('',(-2.619727867018,58.036844369797,0.));
#160 = CARTESIAN_POINT('',(-2.642918151133,57.969295721223,0.));
#161 = CARTESIAN_POINT('',(-2.685644812738,57.836485945147,0.));
#162 = CARTESIAN_POINT('',(-2.723997896511,57.703211265962,0.));
#163 = CARTESIAN_POINT('',(-2.755391339873,57.582258121193,0.));
#164 = CARTESIAN_POINT('',(-2.769117758181,57.526465719349,0.));
#165 = CARTESIAN_POINT('',(-2.777034215317,57.493275831051,0.));
#166 = CARTESIAN_POINT('',(-2.785070324671,57.459182177303,0.));
#167 = CARTESIAN_POINT('',(-2.798235134767,57.401570902298,0.));
#168 = CARTESIAN_POINT('',(-2.835808586574,57.227103153121,0.));
#169 = CARTESIAN_POINT('',(-2.866841644698,57.054516756041,0.));
#170 = CARTESIAN_POINT('',(-2.891077062426,56.894413150988,0.));
#171 = CARTESIAN_POINT('',(-2.897142713698,56.852345978883,0.));
#172 = CARTESIAN_POINT('',(-2.900648869123,56.827330277822,0.));
#173 = CARTESIAN_POINT('',(-2.904214099871,56.801614713135,0.));
#174 = CARTESIAN_POINT('',(-2.910068600726,56.758166183544,0.));
#175 = CARTESIAN_POINT('',(-2.939091365436,56.530618128575,0.));
#176 = CARTESIAN_POINT('',(-2.959396311312,56.307726079596,0.));
#177 = CARTESIAN_POINT('',(-2.972810458038,56.097123742386,0.));
#178 = CARTESIAN_POINT('',(-2.974308750644,56.072462327004,0.));
#179 = CARTESIAN_POINT('',(-2.975175180138,56.057798793358,0.));
#180 = CARTESIAN_POINT('',(-2.976056679096,56.042719549758,0.));
#181 = CARTESIAN_POINT('',(-2.977504739672,56.017242013151,0.));
#182 = CARTESIAN_POINT('',(-2.996334460834,55.667290447674,0.));
#183 = CARTESIAN_POINT('',(-3.003523841294,55.,0.));
#184 = CARTESIAN_POINT('',(-2.996334460834,54.332709552327,0.));
#185 = CARTESIAN_POINT('',(-2.977504739672,53.982757986849,0.));
#186 = CARTESIAN_POINT('',(-2.976056679096,53.957280450242,0.));
#187 = CARTESIAN_POINT('',(-2.975175180138,53.942201206642,0.));
#188 = CARTESIAN_POINT('',(-2.974308750644,53.927537672996,0.));
#189 = CARTESIAN_POINT('',(-2.972810458038,53.902876257614,0.));
#190 = CARTESIAN_POINT('',(-2.959396311312,53.692273920404,0.));
#191 = CARTESIAN_POINT('',(-2.939091365436,53.469381871425,0.));
#192 = CARTESIAN_POINT('',(-2.910068600726,53.241833816456,0.));
#193 = CARTESIAN_POINT('',(-2.904214099871,53.198385286865,0.));
#194 = CARTESIAN_POINT('',(-2.900648869123,53.172669722178,0.));
#195 = CARTESIAN_POINT('',(-2.897142713698,53.147654021117,0.));
#196 = CARTESIAN_POINT('',(-2.891077062426,53.105586849012,0.));
#197 = CARTESIAN_POINT('',(-2.866841644698,52.945483243959,0.));
#198 = CARTESIAN_POINT('',(-2.835808586574,52.772896846879,0.));
#199 = CARTESIAN_POINT('',(-2.798235134767,52.598429097702,0.));
#200 = CARTESIAN_POINT('',(-2.785070324671,52.540817822697,0.));
#201 = CARTESIAN_POINT('',(-2.777034215317,52.506724168949,0.));
#202 = CARTESIAN_POINT('',(-2.769117758181,52.473534280651,0.));
#203 = CARTESIAN_POINT('',(-2.755391339873,52.417741878807,0.));
#204 = CARTESIAN_POINT('',(-2.723997896511,52.296788734038,0.));
#205 = CARTESIAN_POINT('',(-2.685644812738,52.163514054853,0.));
#206 = CARTESIAN_POINT('',(-2.642918151133,52.030704278777,0.));
#207 = CARTESIAN_POINT('',(-2.619727867018,51.963155630203,0.));
#208 = CARTESIAN_POINT('',(-2.60553234322,51.923205333191,0.));
#209 = CARTESIAN_POINT('',(-2.591514191392,51.884272155062,0.));
#210 = CARTESIAN_POINT('',(-2.567144136625,51.818894000575,0.));
#211 = CARTESIAN_POINT('',(-2.532158206092,51.730549770512,0.));
#212 = CARTESIAN_POINT('',(-2.489954095126,51.630721631511,0.));
#213 = CARTESIAN_POINT('',(-2.445752548019,51.533414164581,0.));
#214 = CARTESIAN_POINT('',(-2.410443334223,51.461128763514,0.));
#215 = CARTESIAN_POINT('',(-2.388766264404,51.418449240667,0.));
#216 = CARTESIAN_POINT('',(-2.367291653666,51.376800892386,0.));
#217 = CARTESIAN_POINT('',(-2.329858643641,51.307033918366,0.));
#218 = CARTESIAN_POINT('',(-2.294320737015,51.245308303205,0.));
#219 = CARTESIAN_POINT('',(-2.25143379824,51.173781017966,0.));
#220 = CARTESIAN_POINT('',(-2.209255997387,51.106517788696,0.));
#221 = CARTESIAN_POINT('',(-2.161077554217,51.035741207711,0.));
#222 = CARTESIAN_POINT('',(-2.131435872763,50.994104543651,0.));
#223 = CARTESIAN_POINT('',(-2.101959187164,50.953416747162,0.));
#224 = CARTESIAN_POINT('',(-2.063627532257,50.902912011009,0.));
#225 = CARTESIAN_POINT('',(-2.016038326165,50.843868903481,0.));
#226 = CARTESIAN_POINT('',(-1.97465187356,50.794893431017,0.));
#227 = CARTESIAN_POINT('',(-1.922063920421,50.735729960031,0.));
#228 = CARTESIAN_POINT('',(-1.877630432098,50.688995125273,0.));
#229 = CARTESIAN_POINT('',(-1.841052481641,50.652455581063,0.));
#230 = CARTESIAN_POINT('',(-1.804524019758,50.616700393999,0.));
#231 = CARTESIAN_POINT('',(-1.764654881921,50.579759339609,0.));
#232 = CARTESIAN_POINT('',(-1.706273040121,50.528743039836,0.));
#233 = CARTESIAN_POINT('',(-1.666344614142,50.495790666856,0.));
#234 = CARTESIAN_POINT('',(-1.607310513662,50.449764135176,0.));
#235 = CARTESIAN_POINT('',(-1.56785344775,50.420765274128,0.));
#236 = CARTESIAN_POINT('',(-1.527431829519,50.39274520404,0.));
#237 = CARTESIAN_POINT('',(-1.486879611295,50.365285684354,0.));
#238 = CARTESIAN_POINT('',(-1.440902740456,50.336087767855,0.));
#239 = CARTESIAN_POINT('',(-1.376531837342,50.298081007122,0.));
#240 = CARTESIAN_POINT('',(-1.334277822115,50.274811726019,0.));
#241 = CARTESIAN_POINT('',(-1.276341814957,50.244819407955,0.));
#242 = CARTESIAN_POINT('',(-1.23870141895,50.226537860777,0.));
#243 = CARTESIAN_POINT('',(-1.199441585112,50.208660327265,0.));
#244 = CARTESIAN_POINT('',(-1.159856686548,50.191100816496,0.));
#245 = CARTESIAN_POINT('',(-1.098904656644,50.165958451073,0.));
#246 = CARTESIAN_POINT('',(-1.036319764537,50.143062307723,0.));
#247 = CARTESIAN_POINT('',(-0.983084515491,50.125136355031,0.));
#248 = CARTESIAN_POINT('',(-0.935205655069,50.11002147953,0.));
#249 = CARTESIAN_POINT('',(-0.890831755449,50.097362740439,0.));
#250 = CARTESIAN_POINT('',(-0.858584148876,50.088778459747,0.));
#251 = CARTESIAN_POINT('',(-0.825912807419,50.080325579224,0.));
#252 = CARTESIAN_POINT('',(-0.768996835279,50.066732631926,0.));
#253 = CARTESIAN_POINT('',(-0.684446851604,50.049437532431,0.));
#254 = CARTESIAN_POINT('',(-0.605852170923,50.036457257808,0.));
#255 = CARTESIAN_POINT('',(-0.542771023197,50.027911719298,0.));
#256 = CARTESIAN_POINT('',(-0.510531074511,50.024073450862,0.));
#257 = CARTESIAN_POINT('',(-0.490830535664,50.021893828493,0.));
#258 = CARTESIAN_POINT('',(-0.470808190677,50.019744792981,0.));
#259 = CARTESIAN_POINT('',(-0.435904609271,50.01630594637,0.));
#260 = CARTESIAN_POINT('',(-0.276181217336,50.002951695661,0.));
#261 = CARTESIAN_POINT('',(-5.290299448513E-11,49.997404282163,0.));
#262 = CARTESIAN_POINT('',(0.276181217455,50.002951695542,0.));
#263 = CARTESIAN_POINT('',(0.435904609378,50.016305946283,0.));
#264 = CARTESIAN_POINT('',(0.470808190772,50.019744792907,0.));
#265 = CARTESIAN_POINT('',(0.490830535749,50.021893828428,0.));
#266 = CARTESIAN_POINT('',(0.510531074585,50.024073450806,0.));
#267 = CARTESIAN_POINT('',(0.542771023248,50.027911719261,0.));
#268 = CARTESIAN_POINT('',(0.605852170908,50.03645725782,0.));
#269 = CARTESIAN_POINT('',(0.684446851456,50.04943753253,0.));
#270 = CARTESIAN_POINT('',(0.768996834997,50.066732632107,0.));
#271 = CARTESIAN_POINT('',(0.825912807091,50.080325579432,0.));
#272 = CARTESIAN_POINT('',(0.858584148546,50.088778459957,0.));
#273 = CARTESIAN_POINT('',(0.890831755126,50.097362740643,0.));
#274 = CARTESIAN_POINT('',(0.935205654793,50.110021479704,0.));
#275 = CARTESIAN_POINT('',(0.983084515345,50.125136355122,0.));
#276 = CARTESIAN_POINT('',(1.036319764611,50.143062307677,0.));
#277 = CARTESIAN_POINT('',(1.098904657103,50.165958450788,0.));
#278 = CARTESIAN_POINT('',(1.159856687387,50.191100815978,0.));
#279 = CARTESIAN_POINT('',(1.199441586112,50.208660326647,0.));
#280 = CARTESIAN_POINT('',(1.23870142007,50.226537860085,0.));
#281 = CARTESIAN_POINT('',(1.276341816078,50.244819407263,0.));
#282 = CARTESIAN_POINT('',(1.334277822928,50.274811725516,0.));
#283 = CARTESIAN_POINT('',(1.37653183768,50.298081006913,0.));
#284 = CARTESIAN_POINT('',(1.440902739447,50.336087768478,0.));
#285 = CARTESIAN_POINT('',(1.486879609025,50.365285685755,0.));
#286 = CARTESIAN_POINT('',(1.527431826355,50.392745205992,0.));
#287 = CARTESIAN_POINT('',(1.567853443825,50.420765276549,0.));
#288 = CARTESIAN_POINT('',(1.60731050942,50.449764137793,0.));
#289 = CARTESIAN_POINT('',(1.666344610845,50.49579066889,0.));
#290 = CARTESIAN_POINT('',(1.706273038578,50.528743040788,0.));
#291 = CARTESIAN_POINT('',(1.764654885462,50.579759337425,0.));
#292 = CARTESIAN_POINT('',(1.804524028045,50.616700388888,0.));
#293 = CARTESIAN_POINT('',(1.841052493573,50.652455573703,0.));
#294 = CARTESIAN_POINT('',(1.877630447206,50.688995115954,0.));
#295 = CARTESIAN_POINT('',(1.922063937393,50.735729949562,0.));
#296 = CARTESIAN_POINT('',(1.974651885401,50.794893423712,0.));
#297 = CARTESIAN_POINT('',(2.016038327707,50.843868902529,0.));
#298 = CARTESIAN_POINT('',(2.063627512997,50.90291202289,0.));
#299 = CARTESIAN_POINT('',(2.101959147027,50.95341677192,0.));
#300 = CARTESIAN_POINT('',(2.131435820096,50.994104576138,0.));
#301 = CARTESIAN_POINT('',(2.161077490995,51.035741246709,0.));
#302 = CARTESIAN_POINT('',(2.209255928012,51.106517831489,0.));
#303 = CARTESIAN_POINT('',(2.251433761583,51.173781040578,0.));
#304 = CARTESIAN_POINT('',(2.294320771351,51.245308282025,0.));
#305 = CARTESIAN_POINT('',(2.329858765799,51.307033843014,0.));
#306 = CARTESIAN_POINT('',(2.367291865973,51.376800761427,0.));
#307 = CARTESIAN_POINT('',(2.388766510625,51.418449088789,0.));
#308 = CARTESIAN_POINT('',(2.410443605792,51.461128596,0.));
#309 = CARTESIAN_POINT('',(2.445752816202,51.533413999156,0.));
#310 = CARTESIAN_POINT('',(2.48995417062,51.630721584943,0.));
#311 = CARTESIAN_POINT('',(2.532157800511,51.73055002069,0.));
#312 = CARTESIAN_POINT('',(2.567143279275,51.818894529421,0.));
#313 = CARTESIAN_POINT('',(2.591513120348,51.884272815723,0.));
#314 = CARTESIAN_POINT('',(2.605531224053,51.923206023535,0.));
#315 = CARTESIAN_POINT('',(2.619726733127,51.96315632963,0.));
#316 = CARTESIAN_POINT('',(2.642917155896,52.030704892677,0.));
#317 = CARTESIAN_POINT('',(2.685644940054,52.16351397632,0.));
#318 = CARTESIAN_POINT('',(2.724001092672,52.296786762525,0.));
#319 = CARTESIAN_POINT('',(2.755396045286,52.417738976331,0.));
#320 = CARTESIAN_POINT('',(2.769122615508,52.473531284468,0.));
#321 = CARTESIAN_POINT('',(2.777038907484,52.506721274643,0.));
#322 = CARTESIAN_POINT('',(2.785074740425,52.540815098893,0.));
#323 = CARTESIAN_POINT('',(2.798238594417,52.598426963659,0.));
#324 = CARTESIAN_POINT('',(2.835805647403,52.772898659871,0.));
#325 = CARTESIAN_POINT('',(2.866820082827,52.945496544137,0.));
#326 = CARTESIAN_POINT('',(2.891056322936,53.105599641914,0.));
#327 = CARTESIAN_POINT('',(2.897123752986,53.147665716801,0.));
#328 = CARTESIAN_POINT('',(2.900631591644,53.17268037958,0.));
#329 = CARTESIAN_POINT('',(2.904198806132,53.198394720622,0.));
#330 = CARTESIAN_POINT('',(2.910057795625,53.241840481451,0.));
#331 = CARTESIAN_POINT('',(2.939116959599,53.469366083978,0.));
#332 = CARTESIAN_POINT('',(2.959534084995,53.692188936387,0.));
#333 = CARTESIAN_POINT('',(2.972877761735,53.902834742149,0.));
#334 = CARTESIAN_POINT('',(2.974365348765,53.927502761135,0.));
#335 = CARTESIAN_POINT('',(2.975224517903,53.942170773244,0.));
#336 = CARTESIAN_POINT('',(2.976098195775,53.957254841185,0.));
#337 = CARTESIAN_POINT('',(2.97753147391,53.98274149616,0.));
#338 = CARTESIAN_POINT('',(2.996114704341,54.33284510644,0.));
#339 = CARTESIAN_POINT('',(2.998882897374,54.673619771083,0.));
#340 = CARTESIAN_POINT('',(3.,55.,0.));
#341 = PCURVE('',#342,#2863);
#342 = ( BOUNDED_SURFACE() B_SPLINE_SURFACE(3,3,(
    (#343,#344,#345,#346,#347,#348,#349,#350)
    ,(#351,#352,#353,#354,#355,#356,#357,#358)
    ,(#359,#360,#361,#362,#363,#364,#365,#366)
    ,(#367,#368,#369,#370,#371,#372,#373,#374)
    ,(#375,#376,#377,#378,#379,#380,#381,#382)
    ,(#383,#384,#385,#386,#387,#388,#389,#390)
    ,(#391,#392,#393,#394,#395,#396,#397,#398)
    ,(#399,#400,#401,#402,#403,#404,#405,#406)
    ,(#407,#408,#409,#410,#411,#412,#413,#414)
    ,(#415,#416,#417,#418,#419,#420,#421,#422)
    ,(#423,#424,#425,#426,#427,#428,#429,#430)
    ,(#431,#432,#433,#434,#435,#436,#437,#438)
    ,(#439,#440,#441,#442,#443,#444,#445,#446)
    ,(#447,#448,#449,#450,#451,#452,#453,#454)
    ,(#455,#456,#457,#458,#459,#460,#461,#462)
    ,(#463,#464,#465,#466,#467,#468,#469,#470)
    ,(#471,#472,#473,#474,#475,#476,#477,#478)
    ,(#479,#480,#481,#482,#483,#484,#485,#486)
    ,(#487,#488,#489,#490,#491,#492,#493,#494)
    ,(#495,#496,#497,#498,#499,#500,#501,#502)
    ,(#503,#504,#505,#506,#507,#508,#509,#510)
    ,(#511,#512,#513,#514,#515,#516,#517,#518)
    ,(#519,#520,#521,#522,#523,#524,#525,#526)
    ,(#527,#528,#529,#530,#531,#532,#533,#534)
    ,(#535,#536,#537,#538,#539,#540,#541,#542)
    ,(#543,#544,#545,#546,#547,#548,#549,#550)
    ,(#551,#552,#553,#554,#555,#556,#557,#558)
    ,(#559,#560,#561,#562,#563,#564,#565,#566)
    ,(#567,#568,#569,#570,#571,#572,#573,#574)
    ,(#575,#576,#577,#578,#579,#580,#581,#582)
    ,(#583,#584,#585,#586,#587,#588,#589,#590)
    ,(#591,#592,#593,#594,#595,#596,#597,#598)
    ,(#599,#600,#601,#602,#603,#604,#605,#606)
    ,(#607,#608,#609,#610,#611,#612,#613,#614)
    ,(#615,#616,#617,#618,#619,#620,#621,#622)
    ,(#623,#624,#625,#626,#627,#628,#629,#630)
    ,(#631,#632,#633,#634,#635,#636,#637,#638)
    ,(#639,#640,#641,#642,#643,#644,#645,#646)
    ,(#647,#648,#649,#650,#651,#652,#653,#654)
    ,(#655,#656,#657,#658,#659,#660,#661,#662)
    ,(#663,#664,#665,#666,#667,#668,#669,#670)
    ,(#671,#672,#673,#674,#675,#676,#677,#678)
    ,(#679,#680,#681,#682,#683,#684,#685,#686)
    ,(#687,#688,#689,#690,#691,#692,#693,#694)
    ,(#695,#696,#697,#698,#699,#700,#701,#702)
    ,(#703,#704,#705,#706,#707,#708,#709,#710)
    ,(#711,#712,#713,#714,#715,#716,#717,#718)
    ,(#719,#720,#721,#722,#723,#724,#725,#726)
    ,(#727,#728,#729,#730,#731,#732,#733,#734)
    ,(#735,#736,#737,#738,#739,#740,#741,#742)
    ,(#743,#744,#745,#746,#747,#748,#749,#750)
    ,(#751,#752,#753,#754,#755,#756,#757,#758)
    ,(#759,#760,#761,#762,#763,#764,#765,#766)
    ,(#767,#768,#769,#770,#771,#772,#773,#774)
    ,(#775,#776,#777,#778,#779,#780,#781,#782)
    ,(#783,#784,#785,#786,#787,#788,#789,#790)
    ,(#791,#792,#793,#794,#795,#796,#797,#798)
    ,(#799,#800,#801,#802,#803,#804,#805,#806)
    ,(#807,#808,#809,#810,#811,#812,#813,#814)
    ,(#815,#816,#817,#818,#819,#820,#821,#822)
    ,(#823,#824,#825,#826,#827,#828,#829,#830)
    ,(#831,#832,#833,#834,#835,#836,#837,#838)
    ,(#839,#840,#841,#842,#843,#844,#845,#846)
    ,(#847,#848,#849,#850,#851,#852,#853,#854)
    ,(#855,#856,#857,#858,#859,#860,#861,#862)
    ,(#863,#864,#865,#866,#867,#868,#869,#870)
    ,(#871,#872,#873,#874,#875,#876,#877,#878)
    ,(#879,#880,#881,#882,#883,#884,#885,#886)
    ,(#887,#888,#889,#890,#891,#892,#893,#894)
    ,(#895,#896,#897,#898,#899,#900,#901,#902)
    ,(#903,#904,#905,#906,#907,#908,#909,#910)
    ,(#911,#912,#913,#914,#915,#916,#917,#918)
    ,(#919,#920,#921,#922,#923,#924,#925,#926)
    ,(#927,#928,#929,#930,#931,#932,#933,#934)
    ,(#935,#936,#937,#938,#939,#940,#941,#942)
    ,(#943,#944,#945,#946,#947,#948,#949,#950)
    ,(#951,#952,#953,#954,#955,#956,#957,#958)
    ,(#959,#960,#961,#962,#963,#964,#965,#966)
    ,(#967,#968,#969,#970,#971,#972,#973,#974)
    ,(#975,#976,#977,#978,#979,#980,#981,#982)
    ,(#983,#984,#985,#986,#987,#988,#989,#990)
    ,(#991,#992,#993,#994,#995,#996,#997,#998)
    ,(#999,#1000,#1001,#1002,#1003,#1004,#1005,#1006)
    ,(#1007,#1008,#1009,#1010,#1011,#1012,#1013,#1014)
    ,(#1015,#1016,#1017,#1018,#1019,#1020,#1021,#1022)
    ,(#1023,#1024,#1025,#1026,#1027,#1028,#1029,#1030)
    ,(#1031,#1032,#1033,#1034,#1035,#1036,#1037,#1038)
    ,(#1039,#1040,#1041,#1042,#1043,#1044,#1045,#1046)
    ,(#1047,#1048,#1049,#1050,#1051,#1052,#1053,#1054)
    ,(#1055,#1056,#1057,#1058,#1059,#1060,#1061,#1062)
    ,(#1063,#1064,#1065,#1066,#1067,#1068,#1069,#1070)
    ,(#1071,#1072,#1073,#1074,#1075,#1076,#1077,#1078)
    ,(#1079,#1080,#1081,#1082,#1083,#1084,#1085,#1086)
    ,(#1087,#1088,#1089,#1090,#1091,#1092,#1093,#1094)
    ,(#1095,#1096,#1097,#1098,#1099,#1100,#1101,#1102)
    ,(#1103,#1104,#1105,#1106,#1107,#1108,#1109,#1110)
    ,(#1111,#1112,#1113,#1114,#1115,#1116,#1117,#1118)
    ,(#1119,#1120,#1121,#1122,#1123,#1124,#1125,#1126)
    ,(#1127,#1128,#1129,#1130,#1131,#1132,#1133,#1134)
    ,(#1135,#1136,#1137,#1138,#1139,#1140,#1141,#1142)
    ,(#1143,#1144,#1145,#1146,#1147,#1148,#1149,#1150)
    ,(#1151,#1152,#1153,#1154,#1155,#1156,#1157,#1158)
    ,(#1159,#1160,#1161,#1162,#1163,#1164,#1165,#1166)
    ,(#1167,#1168,#1169,#1170,#1171,#1172,#1173,#1174)
    ,(#1175,#1176,#1177,#1178,#1179,#1180,#1181,#1182)
    ,(#1183,#1184,#1185,#1186,#1187,#1188,#1189,#1190)
    ,(#1191,#1192,#1193,#1194,#1195,#1196,#1197,#1198)
    ,(#1199,#1200,#1201,#1202,#1203,#1204,#1205,#1206)
    ,(#1207,#1208,#1209,#1210,#1211,#1212,#1213,#1214)
    ,(#1215,#1216,#1217,#1218,#1219,#1220,#1221,#1222)
    ,(#1223,#1224,#1225,#1226,#1227,#1228,#1229,#1230)
    ,(#1231,#1232,#1233,#1234,#1235,#1236,#1237,#1238)
    ,(#1239,#1240,#1241,#1242,#1243,#1244,#1245,#1246)
    ,(#1247,#1248,#1249,#1250,#1251,#1252,#1253,#1254)
    ,(#1255,#1256,#1257,#1258,#1259,#1260,#1261,#1262)
    ,(#1263,#1264,#1265,#1266,#1267,#1268,#1269,#1270)
    ,(#1271,#1272,#1273,#1274,#1275,#1276,#1277,#1278)
    ,(#1279,#1280,#1281,#1282,#1283,#1284,#1285,#1286)
    ,(#1287,#1288,#1289,#1290,#1291,#1292,#1293,#1294)
    ,(#1295,#1296,#1297,#1298,#1299,#1300,#1301,#1302)
    ,(#1303,#1304,#1305,#1306,#1307,#1308,#1309,#1310)
    ,(#1311,#1312,#1313,#1314,#1315,#1316,#1317,#1318)
    ,(#1319,#1320,#1321,#1322,#1323,#1324,#1325,#1326)
    ,(#1327,#1328,#1329,#1330,#1331,#1332,#1333,#1334)
    ,(#1335,#1336,#1337,#1338,#1339,#1340,#1341,#1342)
    ,(#1343,#1344,#1345,#1346,#1347,#1348,#1349,#1350)
    ,(#1351,#1352,#1353,#1354,#1355,#1356,#1357,#1358)
    ,(#1359,#1360,#1361,#1362,#1363,#1364,#1365,#1366)
    ,(#1367,#1368,#1369,#1370,#1371,#1372,#1373,#1374)
    ,(#1375,#1376,#1377,#1378,#1379,#1380,#1381,#1382)
    ,(#1383,#1384,#1385,#1386,#1387,#1388,#1389,#1390)
    ,(#1391,#1392,#1393,#1394,#1395,#1396,#1397,#1398)
    ,(#1399,#1400,#1401,#1402,#1403,#1404,#1405,#1406)
    ,(#1407,#1408,#1409,#1410,#1411,#1412,#1413,#1414)
    ,(#1415,#1416,#1417,#1418,#1419,#1420,#1421,#1422)
    ,(#1423,#1424,#1425,#1426,#1427,#1428,#1429,#1430)
    ,(#1431,#1432,#1433,#1434,#1435,#1436,#1437,#1438)
    ,(#1439,#1440,#1441,#1442,#1443,#1444,#1445,#1446)
    ,(#1447,#1448,#1449,#1450,#1451,#1452,#1453,#1454)
    ,(#1455,#1456,#1457,#1458,#1459,#1460,#1461,#1462)
    ,(#1463,#1464,#1465,#1466,#1467,#1468,#1469,#1470)
    ,(#1471,#1472,#1473,#1474,#1475,#1476,#1477,#1478)
    ,(#1479,#1480,#1481,#1482,#1483,#1484,#1485,#1486)
    ,(#1487,#1488,#1489,#1490,#1491,#1492,#1493,#1494)
    ,(#1495,#1496,#1497,#1498,#1499,#1500,#1501,#1502)
    ,(#1503,#1504,#1505,#1506,#1507,#1508,#1509,#1510)
    ,(#1511,#1512,#1513,#1514,#1515,#1516,#1517,#1518)
    ,(#1519,#1520,#1521,#1522,#1523,#1524,#1525,#1526)
    ,(#1527,#1528,#1529,#1530,#1531,#1532,#1533,#1534)
    ,(#1535,#1536,#1537,#1538,#1539,#1540,#1541,#1542)
    ,(#1543,#1544,#1545,#1546,#1547,#1548,#1549,#1550)
    ,(#1551,#1552,#1553,#1554,#1555,#1556,#1557,#1558)
    ,(#1559,#1560,#1561,#1562,#1563,#1564,#1565,#1566)
    ,(#1567,#1568,#1569,#1570,#1571,#1572,#1573,#1574)
    ,(#1575,#1576,#1577,#1578,#1579,#1580,#1581,#1582)
    ,(#1583,#1584,#1585,#1586,#1587,#1588,#1589,#1590)
    ,(#1591,#1592,#1593,#1594,#1595,#1596,#1597,#1598)
    ,(#1599,#1600,#1601,#1602,#1603,#1604,#1605,#1606)
    ,(#1607,#1608,#1609,#1610,#1611,#1612,#1613,#1614)
    ,(#1615,#1616,#1617,#1618,#1619,#1620,#1621,#1622)
    ,(#1623,#1624,#1625,#1626,#1627,#1628,#1629,#1630)
    ,(#1631,#1632,#1633,#1634,#1635,#1636,#1637,#1638)
    ,(#1639,#1640,#1641,#1642,#1643,#1644,#1645,#1646)
    ,(#1647,#1648,#1649,#1650,#1651,#1652,#1653,#1654)
    ,(#1655,#1656,#1657,#1658,#1659,#1660,#1661,#1662)
    ,(#1663,#1664,#1665,#1666,#1667,#1668,#1669,#1670)
    ,(#1671,#1672,#1673,#1674,#1675,#1676,#1677,#1678)
    ,(#1679,#1680,#1681,#1682,#1683,#1684,#1685,#1686)
    ,(#1687,#1688,#1689,#1690,#1691,#1692,#1693,#1694)
    ,(#1695,#1696,#1697,#1698,#1699,#1700,#1701,#1702)
    ,(#1703,#1704,#1705,#1706,#1707,#1708,#1709,#1710)
    ,(#1711,#1712,#1713,#1714,#1715,#1716,#1717,#1718)
    ,(#1719,#1720,#1721,#1722,#1723,#1724,#1725,#1726)
    ,(#1727,#1728,#1729,#1730,#1731,#1732,#1733,#1734)
    ,(#1735,#1736,#1737,#1738,#1739,#1740,#1741,#1742)
    ,(#1743,#1744,#1745,#1746,#1747,#1748,#1749,#1750)
    ,(#1751,#1752,#1753,#1754,#1755,#1756,#1757,#1758)
    ,(#1759,#1760,#1761,#1762,#1763,#1764,#1765,#1766)
    ,(#1767,#1768,#1769,#1770,#1771,#1772,#1773,#1774)
    ,(#1775,#1776,#1777,#1778,#1779,#1780,#1781,#1782)
    ,(#1783,#1784,#1785,#1786,#1787,#1788,#1789,#1790)
    ,(#1791,#1792,#1793,#1794,#1795,#1796,#1797,#1798)
    ,(#1799,#1800,#1801,#1802,#1803,#1804,#1805,#1806)
    ,(#1807,#1808,#1809,#1810,#1811,#1812,#1813,#1814)
    ,(#1815,#1816,#1817,#1818,#1819,#1820,#1821,#1822)
    ,(#1823,#1824,#1825,#1826,#1827,#1828,#1829,#1830)
    ,(#1831,#1832,#1833,#1834,#1835,#1836,#1837,#1838)
    ,(#1839,#1840,#1841,#1842,#1843,#1844,#1845,#1846)
    ,(#1847,#1848,#1849,#1850,#1851,#1852,#1853,#1854)
    ,(#1855,#1856,#1857,#1858,#1859,#1860,#1861,#1862)
    ,(#1863,#1864,#1865,#1866,#1867,#1868,#1869,#1870)
    ,(#1871,#1872,#1873,#1874,#1875,#1876,#1877,#1878)
    ,(#1879,#1880,#1881,#1882,#1883,#1884,#1885,#1886)
    ,(#1887,#1888,#1889,#1890,#1891,#1892,#1893,#1894)
    ,(#1895,#1896,#1897,#1898,#1899,#1900,#1901,#1902)
    ,(#1903,#1904,#1905,#1906,#1907,#1908,#1909,#1910)
    ,(#1911,#1912,#1913,#1914,#1915,#1916,#1917,#1918)
    ,(#1919,#1920,#1921,#1922,#1923,#1924,#1925,#1926)
    ,(#1927,#1928,#1929,#1930,#1931,#1932,#1933,#1934)
    ,(#1935,#1936,#1937,#1938,#1939,#1940,#1941,#1942)
    ,(#1943,#1944,#1945,#1946,#1947,#1948,#1949,#1950)
    ,(#1951,#1952,#1953,#1954,#1955,#1956,#1957,#1958)
    ,(#1959,#1960,#1961,#1962,#1963,#1964,#1965,#1966)
    ,(#1967,#1968,#1969,#1970,#1971,#1972,#1973,#1974)
    ,(#1975,#1976,#1977,#1978,#1979,#1980,#1981,#1982)
    ,(#1983,#1984,#1985,#1986,#1987,#1988,#1989,#1990)
    ,(#1991,#1992,#1993,#1994,#1995,#1996,#1997,#1998)
    ,(#1999,#2000,#2001,#2002,#2003,#2004,#2005,#2006)
    ,(#2007,#2008,#2009,#2010,#2011,#2012,#2013,#2014)
    ,(#2015,#2016,#2017,#2018,#2019,#2020,#2021,#2022)
    ,(#2023,#2024,#2025,#2026,#2027,#2028,#2029,#2030)
    ,(#2031,#2032,#2033,#2034,#2035,#2036,#2037,#2038)
    ,(#2039,#2040,#2041,#2042,#2043,#2044,#2045,#2046)
    ,(#2047,#2048,#2049,#2050,#2051,#2052,#2053,#2054)
    ,(#2055,#2056,#2057,#2058,#2059,#2060,#2061,#2062)
    ,(#2063,#2064,#2065,#2066,#2067,#2068,#2069,#2070)
    ,(#2071,#2072,#2073,#2074,#2075,#2076,#2077,#2078)
    ,(#2079,#2080,#2081,#2082,#2083,#2084,#2085,#2086)
    ,(#2087,#2088,#2089,#2090,#2091,#2092,#2093,#2094)
    ,(#2095,#2096,#2097,#2098,#2099,#2100,#2101,#2102)
    ,(#2103,#2104,#2105,#2106,#2107,#2108,#2109,#2110)
    ,(#2111,#2112,#2113,#2114,#2115,#2116,#2117,#2118)
    ,(#2119,#2120,#2121,#2122,#2123,#2124,#2125,#2126)
    ,(#2127,#2128,#2129,#2130,#2131,#2132,#2133,#2134)
    ,(#2135,#2136,#2137,#2138,#2139,#2140,#2141,#2142)
    ,(#2143,#2144,#2145,#2146,#2147,#2148,#2149,#2150)
    ,(#2151,#2152,#2153,#2154,#2155,#2156,#2157,#2158)
    ,(#2159,#2160,#2161,#2162,#2163,#2164,#2165,#2166)
    ,(#2167,#2168,#2169,#2170,#2171,#2172,#2173,#2174)
    ,(#2175,#2176,#2177,#2178,#2179,#2180,#2181,#2182)
    ,(#2183,#2184,#2185,#2186,#2187,#2188,#2189,#2190)
    ,(#2191,#2192,#2193,#2194,#2195,#2196,#2197,#2198)
    ,(#2199,#2200,#2201,#2202,#2203,#2204,#2205,#2206)
    ,(#2207,#2208,#2209,#2210,#2211,#2212,#2213,#2214)
    ,(#2215,#2216,#2217,#2218,#2219,#2220,#2221,#2222)
    ,(#2223,#2224,#2225,#2226,#2227,#2228,#2229,#2230)
    ,(#2231,#2232,#2233,#2234,#2235,#2236,#2237,#2238)
    ,(#2239,#2240,#2241,#2242,#2243,#2244,#2245,#2246)
    ,(#2247,#2248,#2249,#2250,#2251,#2252,#2253,#2254)
    ,(#2255,#2256,#2257,#2258,#2259,#2260,#2261,#2262)
    ,(#2263,#2264,#2265,#2266,#2267,#2268,#2269,#2270)
    ,(#2271,#2272,#2273,#2274,#2275,#2276,#2277,#2278)
    ,(#2279,#2280,#2281,#2282,#2283,#2284,#2285,#2286)
    ,(#2287,#2288,#2289,#2290,#2291,#2292,#2293,#2294)
    ,(#2295,#2296,#2297,#2298,#2299,#2300,#2301,#2302)
    ,(#2303,#2304,#2305,#2306,#2307,#2308,#2309,#2310)
    ,(#2311,#2312,#2313,#2314,#2315,#2316,#2317,#2318)
    ,(#2319,#2320,#2321,#2322,#2323,#2324,#2325,#2326)
    ,(#2327,#2328,#2329,#2330,#2331,#2332,#2333,#2334)
    ,(#2335,#2336,#2337,#2338,#2339,#2340,#2341,#2342)
    ,(#2343,#2344,#2345,#2346,#2347,#2348,#2349,#2350)
    ,(#2351,#2352,#2353,#2354,#2355,#2356,#2357,#2358)
    ,(#2359,#2360,#2361,#2362,#2363,#2364,#2365,#2366)
    ,(#2367,#2368,#2369,#2370,#2371,#2372,#2373,#2374)
    ,(#2375,#2376,#2377,#2378,#2379,#2380,#2381,#2382)
    ,(#2383,#2384,#2385,#2386,#2387,#2388,#2389,#2390)
    ,(#2391,#2392,#2393,#2394,#2395,#2396,#2397,#2398)
    ,(#2399,#2400,#2401,#2402,#2403,#2404,#2405,#2406)
    ,(#2407,#2408,#2409,#2410,#2411,#2412,#2413,#2414)
    ,(#2415,#2416,#2417,#2418,#2419,#2420,#2421,#2422)
    ,(#2423,#2424,#2425,#2426,#2427,#2428,#2429,#2430)
    ,(#2431,#2432,#2433,#2434,#2435,#2436,#2437,#2438)
    ,(#2439,#2440,#2441,#2442,#2443,#2444,#2445,#2446)
    ,(#2447,#2448,#2449,#2450,#2451,#2452,#2453,#2454)
    ,(#2455,#2456,#2457,#2458,#2459,#2460,#2461,#2462)
    ,(#2463,#2464,#2465,#2466,#2467,#2468,#2469,#2470)
    ,(#2471,#2472,#2473,#2474,#2475,#2476,#2477,#2478)
    ,(#2479,#2480,#2481,#2482,#2483,#2484,#2485,#2486)
    ,(#2487,#2488,#2489,#2490,#2491,#2492,#2493,#2494)
    ,(#2495,#2496,#2497,#2498,#2499,#2500,#2501,#2502)
    ,(#2503,#2504,#2505,#2506,#2507,#2508,#2509,#2510)
    ,(#2511,#2512,#2513,#2514,#2515,#2516,#2517,#2518)
    ,(#2519,#2520,#2521,#2522,#2523,#2524,#2525,#2526)
    ,(#2527,#2528,#2529,#2530,#2531,#2532,#2533,#2534)
    ,(#2535,#2536,#2537,#2538,#2539,#2540,#2541,#2542)
    ,(#2543,#2544,#2545,#2546,#2547,#2548,#2549,#2550)
    ,(#2551,#2552,#2553,#2554,#2555,#2556,#2557,#2558)
    ,(#2559,#2560,#2561,#2562,#2563,#2564,#2565,#2566)
    ,(#2567,#2568,#2569,#2570,#2571,#2572,#2573,#2574)
    ,(#2575,#2576,#2577,#2578,#2579,#2580,#2581,#2582)
    ,(#2583,#2584,#2585,#2586,#2587,#2588,#2589,#2590)
    ,(#2591,#2592,#2593,#2594,#2595,#2596,#2597,#2598)
    ,(#2599,#2600,#2601,#2602,#2603,#2604,#2605,#2606)
    ,(#2607,#2608,#2609,#2610,#2611,#2612,#2613,#2614)
    ,(#2615,#2616,#2617,#2618,#2619,#2620,#2621,#2622)
    ,(#2623,#2624,#2625,#2626,#2627,#2628,#2629,#2630)
    ,(#2631,#2632,#2633,#2634,#2635,#2636,#2637,#2638)
    ,(#2639,#2640,#2641,#2642,#2643,#2644,#2645,#2646)
    ,(#2647,#2648,#2649,#2650,#2651,#2652,#2653,#2654)
    ,(#2655,#2656,#2657,#2658,#2659,#2660,#2661,#2662)
    ,(#2663,#2664,#2665,#2666,#2667,#2668,#2669,#2670)
    ,(#2671,#2672,#2673,#2674,#2675,#2676,#2677,#2678)
    ,(#2679,#2680,#2681,#2682,#2683,#2684,#2685,#2686)
    ,(#2687,#2688,#2689,#2690,#2691,#2692,#2693,#2694)
    ,(#2695,#2696,#2697,#2698,#2699,#2700,#2701,#2702)
    ,(#2703,#2704,#2705,#2706,#2707,#2708,#2709,#2710)
    ,(#2711,#2712,#2713,#2714,#2715,#2716,#2717,#2718)
    ,(#2719,#2720,#2721,#2722,#2723,#2724,#2725,#2726)
    ,(#2727,#2728,#2729,#2730,#2731,#2732,#2733,#2734)
    ,(#2735,#2736,#2737,#2738,#2739,#2740,#2741,#2742)
    ,(#2743,#2744,#2745,#2746,#2747,#2748,#2749,#2750)
    ,(#2751,#2752,#2753,#2754,#2755,#2756,#2757,#2758)
    ,(#2759,#2760,#2761,#2762,#2763,#2764,#2765,#2766)
    ,(#2767,#2768,#2769,#2770,#2771,#2772,#2773,#2774)
    ,(#2775,#2776,#2777,#2778,#2779,#2780,#2781,#2782)
    ,(#2783,#2784,#2785,#2786,#2787,#2788,#2789,#2790)
    ,(#2791,#2792,#2793,#2794,#2795,#2796,#2797,#2798)
    ,(#2799,#2800,#2801,#2802,#2803,#2804,#2805,#2806)
    ,(#2807,#2808,#2809,#2810,#2811,#2812,#2813,#2814)
    ,(#2815,#2816,#2817,#2818,#2819,#2820,#2821,#2822)
    ,(#2823,#2824,#2825,#2826,#2827,#2828,#2829,#2830)
    ,(#2831,#2832,#2833,#2834,#2835,#2836,#2837,#2838)
    ,(#2839,#2840,#2841,#2842,#2843,#2844,#2845,#2846)
    ,(#2847,#2848,#2849,#2850,#2851,#2852,#2853,#2854)
    ,(#2855,#2856,#2857,#2858,#2859,#2860,#2861,#2862
)),.UNSPECIFIED.,.T.,.F.,.F.) B_SPLINE_SURFACE_WITH_KNOTS((4,1,1,1,1,1,1
    ,1,1,1,1,1,1,1,1,1,1,1,1,1,1,1,1,1,1,1,1,1,1,1,1,1,1,1,1,1,1,1,1,1,1
    ,1,1,1,1,1,1,1,1,1,1,1,1,1,1,1,1,1,1,1,1,1,1,1,1,1,1,1,1,1,1,1,1,1,1
    ,1,1,1,1,1,1,1,1,1,1,1,1,1,1,1,1,1,1,1,1,1,1,1,1,1,1,1,1,1,1,1,1,1,1
    ,1,1,1,1,1,1,1,1,1,1,1,1,1,1,1,1,1,1,1,1,1,1,1,1,1,1,1,1,1,1,1,1,1,1
    ,1,1,1,1,1,1,1,1,1,1,1,1,1,1,1,1,1,1,1,1,1,1,1,1,1,1,1,1,1,1,1,1,1,1
    ,1,1,1,1,1,1,1,1,1,1,1,1,1,1,1,1,1,1,1,1,1,1,1,1,1,1,1,1,1,1,1,1,1,1
    ,1,1,1,1,1,1,1,1,1,1,1,1,1,1,1,1,1,1,1,1,1,1,1,1,1,1,1,1,1,1,1,1,1,1
    ,1,1,1,1,1,1,1,1,1,1,1,1,1,1,1,1,1,1,1,1,1,1,1,1,1,1,1,1,1,1,1,1,1,1
    ,1,1,1,1,1,1,1,1,1,1,1,1,1,1,1,1,1,1,1,1,1,1,1,1,1,1,1,1,1,1,1,1,1,4
    ),(4,1,1,1,1,4),(0.,3.704173808496E-02,3.853123065704E-02,
    3.969965341824E-02,3.993238418426E-02,4.024223661402E-02,
    4.13635419423E-02,4.273098186666E-02,6.41454235551E-02,
    6.670297813495E-02,6.871057125171E-02,6.911058570477E-02,
    6.964322375689E-02,7.157139084363E-02,7.392412299658E-02,
    8.798229181108E-02,9.142688381577E-02,9.41345982466E-02,
    9.467449969176E-02,9.539359974116E-02,9.79986060635E-02,
    0.101181034377,0.109544756832,0.113701703722,0.116977141638,
    0.117631034906,0.118502363775,0.121662626819,0.125531319728,
    0.129261366267,0.133934097107,0.137629017904,0.138368006002,
    0.139353417329,0.142934025332,0.147331186171,0.147415924125,
    0.152374504434,0.156314770953,0.157104865229,0.158159479062,
    0.162001684612,0.164280609728,0.166741923668,0.169256768763,
    0.173236214754,0.174036903778,0.175107101911,0.179020209467,
    0.180186028534,0.183879181261,0.18487503496,0.188653224365,
    0.189416628917,0.190438725212,0.194193366675,0.195576751147,
    0.198895789819,0.199649381927,0.202956802179,0.203628160021,
    0.204528730921,0.207854793944,0.211083750696,0.212064253329,
    0.214207887829,0.216761918232,0.217282460108,0.21798194064,
    0.220578530215,0.223899762548,0.227742224453,0.229592560459,
    0.231111132833,0.231421401473,0.231838779688,0.233393257979,
    0.235396049494,0.25,0.264603950506,0.266606742021,0.268161220312,
    0.268578598527,0.268888867167,0.270407439541,0.272257775547,
    0.276100237452,0.279421469785,0.28201805936,0.282717539892,
    0.283238081768,0.285792112171,0.287935746671,0.288916249304,
    0.292145206056,0.295471269079,0.296371839979,0.297043197821,
    0.300350618073,0.301104210181,0.304423248853,0.305806633325,
    0.309561274788,0.310583371083,0.311346775635,0.31512496504,
    0.316120818739,0.319813971466,0.320979790533,0.324892898089,
    0.325963096222,0.326763785246,0.330743231237,0.333258076332,
    0.335719390272,0.337998315388,0.341840520938,0.342895134771,
    0.343685229047,0.347625495566,0.352584075875,0.352668813829,
    0.357065974668,0.360646582671,0.361631993998,0.362370982096,
    0.366065902893,0.370738633733,0.374468680272,0.378337373181,
    0.381497636225,0.382368965094,0.383022858362,0.386298296278,
    0.390455243168,0.398818965623,0.402001393936,0.404606400259,
    0.405325500308,0.405865401753,0.408573116184,0.412017708189,
    0.426075877003,0.428428609156,0.430356776243,0.430889414295,
    0.431289428748,0.433297021865,0.435854576445,0.457269018133,
    0.458636458058,0.459757763386,0.460067615816,0.460300346582,
    0.461468769343,0.462958261915,0.5,0.537041738085,0.538531230657,
    0.539699653418,0.539932384184,0.540242236614,0.541363541942,
    0.542730981867,0.564145423555,0.566702978135,0.568710571252,
    0.569110585705,0.569643223757,0.571571390844,0.573924122997,
    0.587982291811,0.591426883816,0.594134598247,0.594674499692,
    0.595393599741,0.597998606064,0.601181034377,0.609544756832,
    0.613701703722,0.616977141638,0.617631034906,0.618502363775,
    0.621662626819,0.625531319728,0.629261366267,0.633934097107,
    0.637629017904,0.638368006002,0.639353417329,0.642934025332,
    0.647331186171,0.647415924125,0.652374504434,0.656314770953,
    0.657104865229,0.658159479062,0.662001684612,0.664280609728,
    0.666741923668,0.669256768763,0.673236214754,0.674036903778,
    0.675107101911,0.679020209467,0.680186028534,0.683879181261,
    0.68487503496,0.688653224365,0.689416628917,0.690438725212,
    0.694193366675,0.695576751147,0.698895789819,0.699649381927,
    0.702956802179,0.703628160021,0.704528730921,0.707854793944,
    0.711083750696,0.712064253329,0.714207887829,0.716761918232,
    0.717282460108,0.71798194064,0.720578530215,0.723899762548,
    0.727742224453,0.729592560459,0.731111132833,0.731421401473,
    0.731838779688,0.733393257979,0.735396049494,0.75,0.764603950506,
    0.766606742021,0.768161220312,0.768578598527,0.768888867167,
    0.770407439541,0.772257775547,0.776100237452,0.779421469785,
    0.78201805936,0.782717539892,0.783238081768,0.785792112171,
    0.787935746671,0.788916249304,0.792145206056,0.795471269079,
    0.796371839979,0.797043197821,0.800350618073,0.801104210181,
    0.804423248853,0.805806633325,0.809561274788,0.810583371083,
    0.811346775635,0.81512496504,0.816120818739,0.819813971466,
    0.820979790533,0.824892898089,0.825963096222,0.826763785246,
    0.830743231237,0.833258076332,0.835719390272,0.837998315388,
    0.841840520938,0.842895134771,0.843685229047,0.847625495566,
    0.852584075875,0.852668813829,0.857065974668,0.860646582671,
    0.861631993998,0.862370982096,0.866065902893,0.870738633733,
    0.874468680272,0.878337373181,0.881497636225,0.882368965094,
    0.883022858362,0.886298296278,0.890455243168,0.898818965623,
    0.902001393936,0.904606400259,0.905325500308,0.905865401753,
    0.908573116184,0.912017708189,0.926075877003,0.928428609156,
    0.930356776243,0.930889414295,0.931289428748,0.933297021865,
    0.935854576445,0.957269018133,0.958636458058,0.959757763386,
    0.960067615816,0.960300346582,0.961468769343,0.962958261915,1.),(0.,
0.2,0.4,0.6,0.8,1.),.UNSPECIFIED.) GEOMETRIC_REPRESENTATION_ITEM() 
RATIONAL_B_SPLINE_SURFACE((
    (1.,1.,1.,1.,1.,1.,1.,1.)
    ,(1.,1.,1.,1.,1.,1.,1.,1.)
    ,(1.,1.,1.,1.,1.,1.,1.,1.)
    ,(1.,1.,1.,1.,1.,1.,1.,1.)
    ,(1.,1.,1.,1.,1.,1.,1.,1.)
    ,(1.,1.,1.,1.,1.,1.,1.,1.)
    ,(1.,1.,1.,1.,1.,1.,1.,1.)
    ,(1.,1.,1.,1.,1.,1.,1.,1.)
    ,(1.,1.,1.,1.,1.,1.,1.,1.)
    ,(1.,1.,1.,1.,1.,1.,1.,1.)
    ,(1.,1.,1.,1.,1.,1.,1.,1.)
    ,(1.,1.,1.,1.,1.,1.,1.,1.)
    ,(1.,1.,1.,1.,1.,1.,1.,1.)
    ,(1.,1.,1.,1.,1.,1.,1.,1.)
    ,(1.,1.,1.,1.,1.,1.,1.,1.)
    ,(1.,1.,1.,1.,1.,1.,1.,1.)
    ,(1.,1.,1.,1.,1.,1.,1.,1.)
    ,(1.,1.,1.,1.,1.,1.,1.,1.)
    ,(1.,1.,1.,1.,1.,1.,1.,1.)
    ,(1.,1.,1.,1.,1.,1.,1.,1.)
    ,(1.,1.,1.,1.,1.,1.,1.,1.)
    ,(1.,1.,1.,1.,1.,1.,1.,1.)
    ,(1.,1.,1.,1.,1.,1.,1.,1.)
    ,(1.,1.,1.,1.,1.,1.,1.,1.)
    ,(1.,1.,1.,1.,1.,1.,1.,1.)
    ,(1.,1.,1.,1.,1.,1.,1.,1.)
    ,(1.,1.,1.,1.,1.,1.,1.,1.)
    ,(1.,1.,1.,1.,1.,1.,1.,1.)
    ,(1.,1.,1.,1.,1.,1.,1.,1.)
    ,(1.,1.,1.,1.,1.,1.,1.,1.)
    ,(1.,1.,1.,1.,1.,1.,1.,1.)
    ,(1.,1.,1.,1.,1.,1.,1.,1.)
    ,(1.,1.,1.,1.,1.,1.,1.,1.)
    ,(1.,1.,1.,1.,1.,1.,1.,1.)
    ,(1.,1.,1.,1.,1.,1.,1.,1.)
    ,(1.,1.,1.,1.,1.,1.,1.,1.)
    ,(1.,1.,1.,1.,1.,1.,1.,1.)
    ,(1.,1.,1.,1.,1.,1.,1.,1.)
    ,(1.,1.,1.,1.,1.,1.,1.,1.)
    ,(1.,1.,1.,1.,1.,1.,1.,1.)
    ,(1.,1.,1.,1.,1.,1.,1.,1.)
    ,(1.,1.,1.,1.,1.,1.,1.,1.)
    ,(1.,1.,1.,1.,1.,1.,1.,1.)
    ,(1.,1.,1.,1.,1.,1.,1.,1.)
    ,(1.,1.,1.,1.,1.,1.,1.,1.)
    ,(1.,1.,1.,1.,1.,1.,1.,1.)
    ,(1.,1.,1.,1.,1.,1.,1.,1.)
    ,(1.,1.,1.,1.,1.,1.,1.,1.)
    ,(1.,1.,1.,1.,1.,1.,1.,1.)
    ,(1.,1.,1.,1.,1.,1.,1.,1.)
    ,(1.,1.,1.,1.,1.,1.,1.,1.)
    ,(1.,1.,1.,1.,1.,1.,1.,1.)
    ,(1.,1.,1.,1.,1.,1.,1.,1.)
    ,(1.,1.,1.,1.,1.,1.,1.,1.)
    ,(1.,1.,1.,1.,1.,1.,1.,1.)
    ,(1.,1.,1.,1.,1.,1.,1.,1.)
    ,(1.,1.,1.,1.,1.,1.,1.,1.)
    ,(1.,1.,1.,1.,1.,1.,1.,1.)
    ,(1.,1.,1.,1.,1.,1.,1.,1.)
    ,(1.,1.,1.,1.,1.,1.,1.,1.)
    ,(1.,1.,1.,1.,1.,1.,1.,1.)
    ,(1.,1.,1.,1.,1.,1.,1.,1.)
    ,(1.,1.,1.,1.,1.,1.,1.,1.)
    ,(1.,1.,1.,1.,1.,1.,1.,1.)
    ,(1.,1.,1.,1.,1.,1.,1.,1.)
    ,(1.,1.,1.,1.,1.,1.,1.,1.)
    ,(1.,1.,1.,1.,1.,1.,1.,1.)
    ,(1.,1.,1.,1.,1.,1.,1.,1.)
    ,(1.,1.,1.,1.,1.,1.,1.,1.)
    ,(1.,1.,1.,1.,1.,1.,1.,1.)
    ,(1.,1.,1.,1.,1.,1.,1.,1.)
    ,(1.,1.,1.,1.,1.,1.,1.,1.)
    ,(1.,1.,1.,1.,1.,1.,1.,1.)
    ,(1.,1.,1.,1.,1.,1.,1.,1.)
    ,(1.,1.,1.,1.,1.,1.,1.,1.)
    ,(1.,1.,1.,1.,1.,1.,1.,1.)
    ,(1.,1.,1.,1.,1.,1.,1.,1.)
    ,(1.,1.,1.,1.,1.,1.,1.,1.)
    ,(1.,1.,1.,1.,1.,1.,1.,1.)
    ,(1.,1.,1.,1.,1.,1.,1.,1.)
    ,(1.,1.,1.,1.,1.,1.,1.,1.)
    ,(1.,1.,1.,1.,1.,1.,1.,1.)
    ,(1.,1.,1.,1.,1.,1.,1.,1.)
    ,(1.,1.,1.,1.,1.,1.,1.,1.)
    ,(1.,1.,1.,1.,1.,1.,1.,1.)
    ,(1.,1.,1.,1.,1.,1.,1.,1.)
    ,(1.,1.,1.,1.,1.,1.,1.,1.)
    ,(1.,1.,1.,1.,1.,1.,1.,1.)
    ,(1.,1.,1.,1.,1.,1.,1.,1.)
    ,(1.,1.,1.,1.,1.,1.,1.,1.)
    ,(1.,1.,1.,1.,1.,1.,1.,1.)
    ,(1.,1.,1.,1.,1.,1.,1.,1.)
    ,(1.,1.,1.,1.,1.,1.,1.,1.)
    ,(1.,1.,1.,1.,1.,1.,1.,1.)
    ,(1.,1.,1.,1.,1.,1.,1.,1.)
    ,(1.,1.,1.,1.,1.,1.,1.,1.)
    ,(1.,1.,1.,1.,1.,1.,1.,1.)
    ,(1.,1.,1.,1.,1.,1.,1.,1.)
    ,(1.,1.,1.,1.,1.,1.,1.,1.)
    ,(1.,1.,1.,1.,1.,1.,1.,1.)
    ,(1.,1.,1.,1.,1.,1.,1.,1.)
    ,(1.,1.,1.,1.,1.,1.,1.,1.)
    ,(1.,1.,1.,1.,1.,1.,1.,1.)
    ,(1.,1.,1.,1.,1.,1.,1.,1.)
    ,(1.,1.,1.,1.,1.,1.,1.,1.)
    ,(1.,1.,1.,1.,1.,1.,1.,1.)
    ,(1.,1.,1.,1.,1.,1.,1.,1.)
    ,(1.,1.,1.,1.,1.,1.,1.,1.)
    ,(1.,1.,1.,1.,1.,1.,1.,1.)
    ,(1.,1.,1.,1.,1.,1.,1.,1.)
    ,(1.,1.,1.,1.,1.,1.,1.,1.)
    ,(1.,1.,1.,1.,1.,1.,1.,1.)
    ,(1.,1.,1.,1.,1.,1.,1.,1.)
    ,(1.,1.,1.,1.,1.,1.,1.,1.)
    ,(1.,1.,1.,1.,1.,1.,1.,1.)
    ,(1.,1.,1.,1.,1.,1.,1.,1.)
    ,(1.,1.,1.,1.,1.,1.,1.,1.)
    ,(1.,1.,1.,1.,1.,1.,1.,1.)
    ,(1.,1.,1.,1.,1.,1.,1.,1.)
    ,(1.,1.,1.,1.,1.,1.,1.,1.)
    ,(1.,1.,1.,1.,1.,1.,1.,1.)
    ,(1.,1.,1.,1.,1.,1.,1.,1.)
    ,(1.,1.,1.,1.,1.,1.,1.,1.)
    ,(1.,1.,1.,1.,1.,1.,1.,1.)
    ,(1.,1.,1.,1.,1.,1.,1.,1.)
    ,(1.,1.,1.,1.,1.,1.,1.,1.)
    ,(1.,1.,1.,1.,1.,1.,1.,1.)
    ,(1.,1.,1.,1.,1.,1.,1.,1.)
    ,(1.,1.,1.,1.,1.,1.,1.,1.)
    ,(1.,1.,1.,1.,1.,1.,1.,1.)
    ,(1.,1.,1.,1.,1.,1.,1.,1.)
    ,(1.,1.,1.,1.,1.,1.,1.,1.)
    ,(1.,1.,1.,1.,1.,1.,1.,1.)
    ,(1.,1.,1.,1.,1.,1.,1.,1.)
    ,(1.,1.,1.,1.,1.,1.,1.,1.)
    ,(1.,1.,1.,1.,1.,1.,1.,1.)
    ,(1.,1.,1.,1.,1.,1.,1.,1.)
    ,(1.,1.,1.,1.,1.,1.,1.,1.)
    ,(1.,1.,1.,1.,1.,1.,1.,1.)
    ,(1.,1.,1.,1.,1.,1.,1.,1.)
    ,(1.,1.,1.,1.,1.,1.,1.,1.)
    ,(1.,1.,1.,1.,1.,1.,1.,1.)
    ,(1.,1.,1.,1.,1.,1.,1.,1.)
    ,(1.,1.,1.,1.,1.,1.,1.,1.)
    ,(1.,1.,1.,1.,1.,1.,1.,1.)
    ,(1.,1.,1.,1.,1.,1.,1.,1.)
    ,(1.,1.,1.,1.,1.,1.,1.,1.)
    ,(1.,1.,1.,1.,1.,1.,1.,1.)
    ,(1.,1.,1.,1.,1.,1.,1.,1.)
    ,(1.,1.,1.,1.,1.,1.,1.,1.)
    ,(1.,1.,1.,1.,1.,1.,1.,1.)
    ,(1.,1.,1.,1.,1.,1.,1.,1.)
    ,(1.,1.,1.,1.,1.,1.,1.,1.)
    ,(1.,1.,1.,1.,1.,1.,1.,1.)
    ,(1.,1.,1.,1.,1.,1.,1.,1.)
    ,(1.,1.,1.,1.,1.,1.,1.,1.)
    ,(1.,1.,1.,1.,1.,1.,1.,1.)
    ,(1.,1.,1.,1.,1.,1.,1.,1.)
    ,(1.,1.,1.,1.,1.,1.,1.,1.)
    ,(1.,1.,1.,1.,1.,1.,1.,1.)
    ,(1.,1.,1.,1.,1.,1.,1.,1.)
    ,(1.,1.,1.,1.,1.,1.,1.,1.)
    ,(1.,1.,1.,1.,1.,1.,1.,1.)
    ,(1.,1.,1.,1.,1.,1.,1.,1.)
    ,(1.,1.,1.,1.,1.,1.,1.,1.)
    ,(1.,1.,1.,1.,1.,1.,1.,1.)
    ,(1.,1.,1.,1.,1.,1.,1.,1.)
    ,(1.,1.,1.,1.,1.,1.,1.,1.)
    ,(1.,1.,1.,1.,1.,1.,1.,1.)
    ,(1.,1.,1.,1.,1.,1.,1.,1.)
    ,(1.,1.,1.,1.,1.,1.,1.,1.)
    ,(1.,1.,1.,1.,1.,1.,1.,1.)
    ,(1.,1.,1.,1.,1.,1.,1.,1.)
    ,(1.,1.,1.,1.,1.,1.,1.,1.)
    ,(1.,1.,1.,1.,1.,1.,1.,1.)
    ,(1.,1.,1.,1.,1.,1.,1.,1.)
    ,(1.,1.,1.,1.,1.,1.,1.,1.)
    ,(1.,1.,1.,1.,1.,1.,1.,1.)
    ,(1.,1.,1.,1.,1.,1.,1.,1.)
    ,(1.,1.,1.,1.,1.,1.,1.,1.)
    ,(1.,1.,1.,1.,1.,1.,1.,1.)
    ,(1.,1.,1.,1.,1.,1.,1.,1.)
    ,(1.,1.,1.,1.,1.,1.,1.,1.)
    ,(1.,1.,1.,1.,1.,1.,1.,1.)
    ,(1.,1.,1.,1.,1.,1.,1.,1.)
    ,(1.,1.,1.,1.,1.,1.,1.,1.)
    ,(1.,1.,1.,1.,1.,1.,1.,1.)
    ,(1.,1.,1.,1.,1.,1.,1.,1.)
    ,(1.,1.,1.,1.,1.,1.,1.,1.)
    ,(1.,1.,1.,1.,1.,1.,1.,1.)
    ,(1.,1.,1.,1.,1.,1.,1.,1.)
    ,(1.,1.,1.,1.,1.,1.,1.,1.)
    ,(1.,1.,1.,1.,1.,1.,1.,1.)
    ,(1.,1.,1.,1.,1.,1.,1.,1.)
    ,(1.,1.,1.,1.,1.,1.,1.,1.)
    ,(1.,1.,1.,1.,1.,1.,1.,1.)
    ,(1.,1.,1.,1.,1.,1.,1.,1.)
    ,(1.,1.,1.,1.,1.,1.,1.,1.)
    ,(1.,1.,1.,1.,1.,1.,1.,1.)
    ,(1.,1.,1.,1.,1.,1.,1.,1.)
    ,(1.,1.,1.,1.,1.,1.,1.,1.)
    ,(1.,1.,1.,1.,1.,1.,1.,1.)
    ,(1.,1.,1.,1.,1.,1.,1.,1.)
    ,(1.,1.,1.,1.,1.,1.,1.,1.)
    ,(1.,1.,1.,1.,1.,1.,1.,1.)
    ,(1.,1.,1.,1.,1.,1.,1.,1.)
    ,(1.,1.,1.,1.,1.,1.,1.,1.)
    ,(1.,1.,1.,1.,1.,1.,1.,1.)
    ,(1.,1.,1.,1.,1.,1.,1.,1.)
    ,(1.,1.,1.,1.,1.,1.,1.,1.)
    ,(1.,1.,1.,1.,1.,1.,1.,1.)
    ,(1.,1.,1.,1.,1.,1.,1.,1.)
    ,(1.,1.,1.,1.,1.,1.,1.,1.)
    ,(1.,1.,1.,1.,1.,1.,1.,1.)
    ,(1.,1.,1.,1.,1.,1.,1.,1.)
    ,(1.,1.,1.,1.,1.,1.,1.,1.)
    ,(1.,1.,1.,1.,1.,1.,1.,1.)
    ,(1.,1.,1.,1.,1.,1.,1.,1.)
    ,(1.,1.,1.,1.,1.,1.,1.,1.)
    ,(1.,1.,1.,1.,1.,1.,1.,1.)
    ,(1.,1.,1.,1.,1.,1.,1.,1.)
    ,(1.,1.,1.,1.,1.,1.,1.,1.)
    ,(1.,1.,1.,1.,1.,1.,1.,1.)
    ,(1.,1.,1.,1.,1.,1.,1.,1.)
    ,(1.,1.,1.,1.,1.,1.,1.,1.)
    ,(1.,1.,1.,1.,1.,1.,1.,1.)
    ,(1.,1.,1.,1.,1.,1.,1.,1.)
    ,(1.,1.,1.,1.,1.,1.,1.,1.)
    ,(1.,1.,1.,1.,1.,1.,1.,1.)
    ,(1.,1.,1.,1.,1.,1.,1.,1.)
    ,(1.,1.,1.,1.,1.,1.,1.,1.)
    ,(1.,1.,1.,1.,1.,1.,1.,1.)
    ,(1.,1.,1.,1.,1.,1.,1.,1.)
    ,(1.,1.,1.,1.,1.,1.,1.,1.)
    ,(1.,1.,1.,1.,1.,1.,1.,1.)
    ,(1.,1.,1.,1.,1.,1.,1.,1.)
    ,(1.,1.,1.,1.,1.,1.,1.,1.)
    ,(1.,1.,1.,1.,1.,1.,1.,1.)
    ,(1.,1.,1.,1.,1.,1.,1.,1.)
    ,(1.,1.,1.,1.,1.,1.,1.,1.)
    ,(1.,1.,1.,1.,1.,1.,1.,1.)
    ,(1.,1.,1.,1.,1.,1.,1.,1.)
    ,(1.,1.,1.,1.,1.,1.,1.,1.)
    ,(1.,1.,1.,1.,1.,1.,1.,1.)
    ,(1.,1.,1.,1.,1.,1.,1.,1.)
    ,(1.,1.,1.,1.,1.,1.,1.,1.)
    ,(1.,1.,1.,1.,1.,1.,1.,1.)
    ,(1.,1.,1.,1.,1.,1.,1.,1.)
    ,(1.,1.,1.,1.,1.,1.,1.,1.)
    ,(1.,1.,1.,1.,1.,1.,1.,1.)
    ,(1.,1.,1.,1.,1.,1.,1.,1.)
    ,(1.,1.,1.,1.,1.,1.,1.,1.)
    ,(1.,1.,1.,1.,1.,1.,1.,1.)
    ,(1.,1.,1.,1.,1.,1.,1.,1.)
    ,(1.,1.,1.,1.,1.,1.,1.,1.)
    ,(1.,1.,1.,1.,1.,1.,1.,1.)
    ,(1.,1.,1.,1.,1.,1.,1.,1.)
    ,(1.,1.,1.,1.,1.,1.,1.,1.)
    ,(1.,1.,1.,1.,1.,1.,1.,1.)
    ,(1.,1.,1.,1.,1.,1.,1.,1.)
    ,(1.,1.,1.,1.,1.,1.,1.,1.)
    ,(1.,1.,1.,1.,1.,1.,1.,1.)
    ,(1.,1.,1.,1.,1.,1.,1.,1.)
    ,(1.,1.,1.,1.,1.,1.,1.,1.)
    ,(1.,1.,1.,1.,1.,1.,1.,1.)
    ,(1.,1.,1.,1.,1.,1.,1.,1.)
    ,(1.,1.,1.,1.,1.,1.,1.,1.)
    ,(1.,1.,1.,1.,1.,1.,1.,1.)
    ,(1.,1.,1.,1.,1.,1.,1.,1.)
    ,(1.,1.,1.,1.,1.,1.,1.,1.)
    ,(1.,1.,1.,1.,1.,1.,1.,1.)
    ,(1.,1.,1.,1.,1.,1.,1.,1.)
    ,(1.,1.,1.,1.,1.,1.,1.,1.)
    ,(1.,1.,1.,1.,1.,1.,1.,1.)
    ,(1.,1.,1.,1.,1.,1.,1.,1.)
    ,(1.,1.,1.,1.,1.,1.,1.,1.)
    ,(1.,1.,1.,1.,1.,1.,1.,1.)
    ,(1.,1.,1.,1.,1.,1.,1.,1.)
    ,(1.,1.,1.,1.,1.,1.,1.,1.)
    ,(1.,1.,1.,1.,1.,1.,1.,1.)
    ,(1.,1.,1.,1.,1.,1.,1.,1.)
    ,(1.,1.,1.,1.,1.,1.,1.,1.)
    ,(1.,1.,1.,1.,1.,1.,1.,1.)
    ,(1.,1.,1.,1.,1.,1.,1.,1.)
    ,(1.,1.,1.,1.,1.,1.,1.,1.)
    ,(1.,1.,1.,1.,1.,1.,1.,1.)
    ,(1.,1.,1.,1.,1.,1.,1.,1.)
    ,(1.,1.,1.,1.,1.,1.,1.,1.)
    ,(1.,1.,1.,1.,1.,1.,1.,1.)
    ,(1.,1.,1.,1.,1.,1.,1.,1.)
    ,(1.,1.,1.,1.,1.,1.,1.,1.)
    ,(1.,1.,1.,1.,1.,1.,1.,1.)
    ,(1.,1.,1.,1.,1.,1.,1.,1.)
    ,(1.,1.,1.,1.,1.,1.,1.,1.)
    ,(1.,1.,1.,1.,1.,1.,1.,1.)
    ,(1.,1.,1.,1.,1.,1.,1.,1.)
    ,(1.,1.,1.,1.,1.,1.,1.,1.)
    ,(1.,1.,1.,1.,1.,1.,1.,1.)
    ,(1.,1.,1.,1.,1.,1.,1.,1.)
    ,(1.,1.,1.,1.,1.,1.,1.,1.)
    ,(1.,1.,1.,1.,1.,1.,1.,1.)
    ,(1.,1.,1.,1.,1.,1.,1.,1.)
    ,(1.,1.,1.,1.,1.,1.,1.,1.)
    ,(1.,1.,1.,1.,1.,1.,1.,1.)
    ,(1.,1.,1.,1.,1.,1.,1.,1.)
    ,(1.,1.,1.,1.,1.,1.,1.,1.)
    ,(1.,1.,1.,1.,1.,1.,1.,1.)
    ,(1.,1.,1.,1.,1.,1.,1.,1.)
    ,(1.,1.,1.,1.,1.,1.,1.,1.)
    ,(1.,1.,1.,1.,1.,1.,1.,1.)
    ,(1.,1.,1.,1.,1.,1.,1.,1.)
    ,(1.,1.,1.,1.,1.,1.,1.,1.)
    ,(1.,1.,1.,1.,1.,1.,1.,1.)
    ,(1.,1.,1.,1.,1.,1.,1.,1.)
,(1.,1.,1.,1.,1.,1.,1.,1.))) REPRESENTATION_ITEM('') SURFACE() );
#343 = CARTESIAN_POINT('',(3.,55.,0.));
#344 = CARTESIAN_POINT('',(1.238376215134,50.622795358937,
    14.510989880861));
#345 = CARTESIAN_POINT('',(17.875506054745,68.998989115814,
    7.401941138453));
#346 = CARTESIAN_POINT('',(10.225664814539,72.857270313403,
    78.60851866771));
#347 = CARTESIAN_POINT('',(34.358150136271,83.169662155298,
    114.36747083087));
#348 = CARTESIAN_POINT('',(40.139225169029,77.288648327147,
    157.35014795422));
#349 = CARTESIAN_POINT('',(34.971096637045,82.015154727062,
    206.93314269349));
#350 = CARTESIAN_POINT('',(28.,80.,210.));
#351 = CARTESIAN_POINT('',(3.001117102626,55.326380228917,0.));
#352 = CARTESIAN_POINT('',(1.238374665029,51.238769596262,
    14.510989880861));
#353 = CARTESIAN_POINT('',(17.881496899747,70.722823697008,
    7.401941138453));
#354 = CARTESIAN_POINT('',(10.227474623138,75.374769318923,
    78.60851866771));
#355 = CARTESIAN_POINT('',(34.368925761701,87.295195156311,
    114.36747083087));
#356 = CARTESIAN_POINT('',(40.153490187333,81.978644556708,
    157.35014795422));
#357 = CARTESIAN_POINT('',(34.982313859283,86.218116564016,
    206.93314269349));
#358 = CARTESIAN_POINT('',(28.008742792419,83.595429221029,210.));
#359 = CARTESIAN_POINT('',(2.996554217328,55.66715489356,0.));
#360 = CARTESIAN_POINT('',(1.238517403019,51.878973751788,
    14.510989880861));
#361 = CARTESIAN_POINT('',(17.856865232285,72.522316012035,
    7.401941138453));
#362 = CARTESIAN_POINT('',(10.220427312099,77.993435919413,
    78.60851866771));
#363 = CARTESIAN_POINT('',(34.324832172166,91.597097583753,
    114.36747083087));
#364 = CARTESIAN_POINT('',(40.095253640502,86.872821282293,
    157.35014795422));
#365 = CARTESIAN_POINT('',(34.936442704187,90.601238970804,
    206.93314269349));
#366 = CARTESIAN_POINT('',(27.973055348997,87.343820703729,210.));
#367 = CARTESIAN_POINT('',(2.977478005434,56.01725850384,0.));
#368 = CARTESIAN_POINT('',(1.239343159789,52.5390355758,14.510989880861)
  );
#369 = CARTESIAN_POINT('',(17.753320039072,74.372194681232,
    7.401941138453));
#370 = CARTESIAN_POINT('',(10.191423675831,80.692140981911,
    78.60851866771));
#371 = CARTESIAN_POINT('',(34.139788268078,96.022770660365,
    114.36747083087));
#372 = CARTESIAN_POINT('',(39.851532635081,91.903583375142,
    157.35014795422));
#373 = CARTESIAN_POINT('',(34.744062049577,95.109863008198,
    206.93314269349));
#374 = CARTESIAN_POINT('',(27.82348808176,91.200387832398,210.));
#375 = CARTESIAN_POINT('',(2.976015162416,56.042745158815,0.));
#376 = CARTESIAN_POINT('',(1.239406799348,52.587099008322,
    14.510989880861));
#377 = CARTESIAN_POINT('',(17.745378902311,74.506866455982,
    7.401941138453));
#378 = CARTESIAN_POINT('',(10.189200172698,80.888644774435,
    78.60851866771));
#379 = CARTESIAN_POINT('',(34.125597227788,96.344979492153,
    114.36747083087));
#380 = CARTESIAN_POINT('',(39.832842558089,92.269822490748,
    157.35014795422));
#381 = CARTESIAN_POINT('',(34.72930852033,95.438107767512,
    206.93314269349));
#382 = CARTESIAN_POINT('',(27.81201802253,91.481165089387,210.));
#383 = CARTESIAN_POINT('',(2.975125842374,56.057829226756,0.));
#384 = CARTESIAN_POINT('',(1.23944560317,52.61554914191,14.510989880861)
  );
#385 = CARTESIAN_POINT('',(17.74055086007,74.586572353935,7.401941138453
    ));
#386 = CARTESIAN_POINT('',(10.187848631294,81.00495870905,78.60851866771
    ));
#387 = CARTESIAN_POINT('',(34.116969501991,96.535685898679,
    114.36747083087));
#388 = CARTESIAN_POINT('',(39.821480141144,92.486582538527,
    157.35014795422));
#389 = CARTESIAN_POINT('',(34.720338921365,95.632385746662,
    206.93314269349));
#390 = CARTESIAN_POINT('',(27.805044696035,91.647350074077,210.));
#391 = CARTESIAN_POINT('',(2.974252152523,56.072497238865,0.));
#392 = CARTESIAN_POINT('',(1.23948376866,52.643216145473,14.510989880861
    ));
#393 = CARTESIAN_POINT('',(17.735807554352,74.664080324988,
    7.401941138453));
#394 = CARTESIAN_POINT('',(10.186520924632,81.118070039698,
    78.60851866771));
#395 = CARTESIAN_POINT('',(34.108493246099,96.721135827715,
    114.36747083087));
#396 = CARTESIAN_POINT('',(39.810317444108,92.69736551871,
    157.35014795422));
#397 = CARTESIAN_POINT('',(34.711526835771,95.821308462834,
    206.93314269349));
#398 = CARTESIAN_POINT('',(27.798193850703,91.808954788401,210.));
#399 = CARTESIAN_POINT('',(2.972743154341,56.097165257851,0.));
#400 = CARTESIAN_POINT('',(1.239549858483,52.689752429058,
    14.510989880861));
#401 = CARTESIAN_POINT('',(17.727614621929,74.794432318931,
    7.401941138453));
#402 = CARTESIAN_POINT('',(10.184228092159,81.30832090054,78.60851866771
    ));
#403 = CARTESIAN_POINT('',(34.093852761662,97.033033912251,
    114.36747083087));
#404 = CARTESIAN_POINT('',(39.791037807057,93.051858737004,
    157.35014795422));
#405 = CARTESIAN_POINT('',(34.696306461361,96.139045694159,
    206.93314269349));
#406 = CARTESIAN_POINT('',(27.786361057562,92.080750319398,210.));
#407 = CARTESIAN_POINT('',(2.95925853763,56.307811063613,0.));
#408 = CARTESIAN_POINT('',(1.240143684762,53.087248407476,
    14.510989880861));
#409 = CARTESIAN_POINT('',(17.654394681539,75.907574823164,
    7.401941138453));
#410 = CARTESIAN_POINT('',(10.163742041495,82.933303740375,
    78.60851866771));
#411 = CARTESIAN_POINT('',(33.963016675447,99.696659962248,
    114.36747083087));
#412 = CARTESIAN_POINT('',(39.618752672292,96.079074069272,
    157.35014795422));
#413 = CARTESIAN_POINT('',(34.560289724841,98.852513912138,
    206.93314269349));
#414 = CARTESIAN_POINT('',(27.680618308029,94.401919125302,210.));
#415 = CARTESIAN_POINT('',(2.939065771273,56.530633916022,0.));
#416 = CARTESIAN_POINT('',(1.241035307438,53.508835325784,
    14.510989880861));
#417 = CARTESIAN_POINT('',(17.544736371726,77.085487655811,
    7.401941138453));
#418 = CARTESIAN_POINT('',(10.133064997105,84.656134178205,
    78.60851866771));
#419 = CARTESIAN_POINT('',(33.767071585908,102.51691266962,
    114.36747083087));
#420 = CARTESIAN_POINT('',(39.360753176296,99.282466193077,
    157.35014795422));
#421 = CARTESIAN_POINT('',(34.356589484241,101.7252824448,
    206.93314269349));
#422 = CARTESIAN_POINT('',(27.522257503821,96.859771030059,210.));
#423 = CARTESIAN_POINT('',(2.910079405827,56.758159518549,0.));
#424 = CARTESIAN_POINT('',(1.242394222683,53.94147076593,14.510989880861
    ));
#425 = CARTESIAN_POINT('',(17.387414987825,78.289014927434,
    7.401941138453));
#426 = CARTESIAN_POINT('',(10.089357513263,86.422847669982,
    78.60851866771));
#427 = CARTESIAN_POINT('',(33.48609789593,105.40169083841,
    114.36747083087));
#428 = CARTESIAN_POINT('',(38.99049862857,102.55571065303,
    157.35014795422));
#429 = CARTESIAN_POINT('',(34.064451614305,104.66329757018,
    206.93314269349));
#430 = CARTESIAN_POINT('',(27.295190530907,99.374250149622,210.));
#431 = CARTESIAN_POINT('',(2.904229393611,56.801605279378,0.));
#432 = CARTESIAN_POINT('',(1.242670847043,54.024170500573,
    14.510989880861));
#433 = CARTESIAN_POINT('',(17.355669261797,78.518871507234,
    7.401941138453));
#434 = CARTESIAN_POINT('',(10.080546933693,86.760511728617,
    78.60851866771));
#435 = CARTESIAN_POINT('',(33.429404672113,105.9527654437,
    114.36747083087));
#436 = CARTESIAN_POINT('',(38.91578178571,103.1808615269,157.35014795422
    ));
#437 = CARTESIAN_POINT('',(34.005504419564,105.22452353944,
    206.93314269349));
#438 = CARTESIAN_POINT('',(27.249374670017,99.854602262771,210.));
#439 = CARTESIAN_POINT('',(2.900666146602,56.82731962042,0.));
#440 = CARTESIAN_POINT('',(1.242839820861,54.073147337106,
    14.510989880861));
#441 = CARTESIAN_POINT('',(17.336335319666,78.654936486184,
    7.401941138453));
#442 = CARTESIAN_POINT('',(10.075183485466,86.960470942945,
    78.60851866771));
#443 = CARTESIAN_POINT('',(33.394878803293,106.27901768519,
    114.36747083087));
#444 = CARTESIAN_POINT('',(38.870269780067,103.55090545877,
    157.35014795422));
#445 = CARTESIAN_POINT('',(33.969604299054,105.55677616685,
    206.93314269349));
#446 = CARTESIAN_POINT('',(27.221472321599,100.13898675871,210.));
#447 = CARTESIAN_POINT('',(2.897161674409,56.852334283199,0.));
#448 = CARTESIAN_POINT('',(1.243006167502,54.120802638877,
    14.510989880861));
#449 = CARTESIAN_POINT('',(17.317321241029,78.787306844751,
    7.401941138453));
#450 = CARTESIAN_POINT('',(10.069909634904,87.155029592675,
    78.60851866771));
#451 = CARTESIAN_POINT('',(33.360924803927,106.59642643159,
    114.36747083087));
#452 = CARTESIAN_POINT('',(38.82550746343,103.91089319167,
    157.35014795422));
#453 = CARTESIAN_POINT('',(33.934298144152,105.88001879788,
    206.93314269349));
#454 = CARTESIAN_POINT('',(27.194031632606,100.41566285512,210.));
#455 = CARTESIAN_POINT('',(2.891097801916,56.894400358086,0.));
#456 = CARTESIAN_POINT('',(1.243295279219,54.20099378552,14.510989880861
    ));
#457 = CARTESIAN_POINT('',(17.2844244516,79.009942992776,7.401941138453)
  );
#458 = CARTESIAN_POINT('',(10.06079017828,87.482394651596,78.60851866771
    ));
#459 = CARTESIAN_POINT('',(33.302182411555,107.13035059687,
    114.36747083087));
#460 = CARTESIAN_POINT('',(38.748049976361,104.51632643475,
    157.35014795422));
#461 = CARTESIAN_POINT('',(33.873213895996,106.42373923187,
    206.93314269349));
#462 = CARTESIAN_POINT('',(27.146556011671,100.88107096813,210.));
#463 = CARTESIAN_POINT('',(2.866863206569,57.054503455863,0.));
#464 = CARTESIAN_POINT('',(1.244453963907,54.506554577755,
    14.510989880861));
#465 = CARTESIAN_POINT('',(17.152965516732,79.857542836611,
    7.401941138453));
#466 = CARTESIAN_POINT('',(10.024407426266,88.729694816936,
    78.60851866771));
#467 = CARTESIAN_POINT('',(33.067440017117,109.16351299838,
    114.36747083087));
#468 = CARTESIAN_POINT('',(38.438467163057,106.82102052789,
    157.35014795422));
#469 = CARTESIAN_POINT('',(33.629105727536,108.49409183431,
    206.93314269349));
#470 = CARTESIAN_POINT('',(26.956840085825,102.65335694327,210.));
#471 = CARTESIAN_POINT('',(2.835811525746,57.227101340129,0.));
#472 = CARTESIAN_POINT('',(1.24608877853,54.837720657974,14.510989880861
    ));
#473 = CARTESIAN_POINT('',(16.984352060196,80.772169209959,
    7.401941138453));
#474 = CARTESIAN_POINT('',(9.978204542607,90.080661763256,78.60851866771
    ));
#475 = CARTESIAN_POINT('',(32.766578169352,111.35993211208,
    114.36747083087));
#476 = CARTESIAN_POINT('',(38.041771790962,109.30754472126,
    157.35014795422));
#477 = CARTESIAN_POINT('',(33.316262944667,110.73022287859,
    206.93314269349));
#478 = CARTESIAN_POINT('',(26.713780154599,104.56818909745,210.));
#479 = CARTESIAN_POINT('',(2.798231675117,57.401573036341,0.));
#480 = CARTESIAN_POINT('',(1.248158781192,55.175352879644,
    14.510989880861));
#481 = CARTESIAN_POINT('',(16.779854589438,81.697898858493,
    7.401941138453));
#482 = CARTESIAN_POINT('',(9.922340120616,91.456456118698,78.60851866771
    ));
#483 = CARTESIAN_POINT('',(32.401788966652,113.58718894142,
    114.36747083087));
#484 = CARTESIAN_POINT('',(37.561457844355,111.82412498043,
    157.35014795422));
#485 = CARTESIAN_POINT('',(32.937061177175,112.99706236189,
    206.93314269349));
#486 = CARTESIAN_POINT('',(26.419195088591,106.51037392688,210.));
#487 = CARTESIAN_POINT('',(2.785065908917,57.459184901107,0.));
#488 = CARTESIAN_POINT('',(1.248891562012,55.287220538994,
    14.510989880861));
#489 = CARTESIAN_POINT('',(16.708190798021,82.00376584215,7.401941138453
    ));
#490 = CARTESIAN_POINT('',(9.902772507629,91.912098335526,78.60851866771
    ));
#491 = CARTESIAN_POINT('',(32.273959670484,114.32361977659,
    114.36747083087));
#492 = CARTESIAN_POINT('',(37.393228499455,112.65561348055,
    157.35014795422));
#493 = CARTESIAN_POINT('',(32.804195169689,113.74649555,206.93314269349)
  );
#494 = CARTESIAN_POINT('',(26.315979399115,107.15260795006,210.));
#495 = CARTESIAN_POINT('',(2.777029523151,57.493278725357,0.));
#496 = CARTESIAN_POINT('',(1.249338107077,55.35354891119,14.510989880861
    ));
#497 = CARTESIAN_POINT('',(16.664450464586,82.184845979874,
    7.401941138453));
#498 = CARTESIAN_POINT('',(9.890825183923,92.182196179551,78.60851866771
    ));
#499 = CARTESIAN_POINT('',(32.195942905084,114.75978127426,
    114.36747083087));
#500 = CARTESIAN_POINT('',(37.290521727401,113.14781651738,
    157.35014795422));
#501 = CARTESIAN_POINT('',(32.723098749932,114.19031987215,
    206.93314269349));
#502 = CARTESIAN_POINT('',(26.252981119013,107.53299245658,210.));
#503 = CARTESIAN_POINT('',(2.769112900854,57.526468715532,0.));
#504 = CARTESIAN_POINT('',(1.249777499369,55.418167459076,
    14.510989880861));
#505 = CARTESIAN_POINT('',(16.621363861366,82.361154277594,
    7.401941138453));
#506 = CARTESIAN_POINT('',(9.879054381395,92.445308599161,78.60851866771
    ));
#507 = CARTESIAN_POINT('',(32.119093968855,115.18451711299,
    114.36747083087));
#508 = CARTESIAN_POINT('',(37.189335921697,113.62702331945,
    157.35014795422));
#509 = CARTESIAN_POINT('',(32.643213523306,114.62250264637,
    206.93314269349));
#510 = CARTESIAN_POINT('',(26.19092264526,107.90341558975,210.));
#511 = CARTESIAN_POINT('',(2.755386634461,57.582261023669,0.));
#512 = CARTESIAN_POINT('',(1.250540922512,55.52701452406,14.510989880861
    ));
#513 = CARTESIAN_POINT('',(16.546663478987,82.65765700117,7.401941138453
    ));
#514 = CARTESIAN_POINT('',(9.858644875874,92.888399479094,78.60851866771
    ));
#515 = CARTESIAN_POINT('',(31.985862049541,115.89911433559,
    114.36747083087));
#516 = CARTESIAN_POINT('',(37.013854032442,114.43280715724,
    157.35014795422));
#517 = CARTESIAN_POINT('',(32.504708192222,115.34956153912,
    206.93314269349));
#518 = CARTESIAN_POINT('',(26.083322300056,108.52665139095,210.));
#519 = CARTESIAN_POINT('',(2.72399470035,57.703213237475,0.));
#520 = CARTESIAN_POINT('',(1.252264738813,55.763875920387,
    14.510989880861));
#521 = CARTESIAN_POINT('',(16.375814633033,83.300960586162,
    7.401941138453));
#522 = CARTESIAN_POINT('',(9.81204732234,93.852299519038,78.60851866771)
  );
#523 = CARTESIAN_POINT('',(31.681074326249,117.45073273874,
    114.36747083087));
#524 = CARTESIAN_POINT('',(36.612403826967,116.18065325951,
    157.35014795422));
#525 = CARTESIAN_POINT('',(32.187857283215,116.92798187234,
    206.93314269349));
#526 = CARTESIAN_POINT('',(25.837182087749,109.88000044928,210.));
#527 = CARTESIAN_POINT('',(2.685644685421,57.83648602368,0.));
#528 = CARTESIAN_POINT('',(1.254595318559,56.027173352339,
    14.510989880861));
#529 = CARTESIAN_POINT('',(16.166596899546,84.010768227256,
    7.401941138453));
#530 = CARTESIAN_POINT('',(9.755585119286,94.922599705685,78.60851866771
    ));
#531 = CARTESIAN_POINT('',(31.30815069863,119.1660833627,114.36747083087
    ));
#532 = CARTESIAN_POINT('',(36.121809193026,118.10897365846,
    157.35014795422));
#533 = CARTESIAN_POINT('',(31.80028391694,118.67239987786,
    206.93314269349));
#534 = CARTESIAN_POINT('',(25.536203384661,111.37652177592,210.));
#535 = CARTESIAN_POINT('',(2.642919146371,57.969295107323,0.));
#536 = CARTESIAN_POINT('',(1.257347994042,56.292632581122,
    14.510989880861));
#537 = CARTESIAN_POINT('',(15.932760924598,84.719231592612,
    7.401941138453));
#538 = CARTESIAN_POINT('',(9.692753415447,96.000014423131,78.60851866771
    ));
#539 = CARTESIAN_POINT('',(30.891518387142,120.88270760782,
    114.36747083087));
#540 = CARTESIAN_POINT('',(35.574895001498,120.03373404995,
    157.35014795422));
#541 = CARTESIAN_POINT('',(31.367484894631,120.41741273913,
    206.93314269349));
#542 = CARTESIAN_POINT('',(25.200155945373,112.87469135554,210.));
#543 = CARTESIAN_POINT('',(2.619729000908,58.03684367037,0.));
#544 = CARTESIAN_POINT('',(1.258874596709,56.428724897128,
    14.510989880861));
#545 = CARTESIAN_POINT('',(15.805655530913,85.080047660721,
    7.401941138453));
#546 = CARTESIAN_POINT('',(9.658626740148,96.551799024963,78.60851866771
    ));
#547 = CARTESIAN_POINT('',(30.665077470131,121.75849193148,
    114.36747083087));
#548 = CARTESIAN_POINT('',(35.278055632288,121.01408106247,
    157.35014795422));
#549 = CARTESIAN_POINT('',(31.132325547539,121.30745357495,
    206.93314269349));
#550 = CARTESIAN_POINT('',(25.017573151845,113.63921026077,210.));
#551 = CARTESIAN_POINT('',(2.605533462387,58.076793976465,0.));
#552 = CARTESIAN_POINT('',(1.259809824877,56.509577946989,
    14.510989880861));
#553 = CARTESIAN_POINT('',(15.72780783147,85.293643428597,7.401941138453
    ));
#554 = CARTESIAN_POINT('',(9.637708921898,96.879444178756,78.60851866771
    ));
#555 = CARTESIAN_POINT('',(30.52640041019,122.27745338381,
    114.36747083087));
#556 = CARTESIAN_POINT('',(35.096260968673,121.59426614232,
    157.35014795422));
#557 = CARTESIAN_POINT('',(30.988307880395,121.83475420717,
    206.93314269349));
#558 = CARTESIAN_POINT('',(24.905755874164,114.09227511624,210.));
#559 = CARTESIAN_POINT('',(2.591515262435,58.115727184277,0.));
#560 = CARTESIAN_POINT('',(1.260732967405,56.588512740345,
    14.510989880861));
#561 = CARTESIAN_POINT('',(15.650918291036,85.501880016598,
    7.401941138453));
#562 = CARTESIAN_POINT('',(9.617040706095,97.199251047525,78.60851866771
    ));
#563 = CARTESIAN_POINT('',(30.389434151146,122.78359232701,
    114.36747083087));
#564 = CARTESIAN_POINT('',(34.916697996879,122.15981924195,
    157.35014795422));
#565 = CARTESIAN_POINT('',(30.846064996862,122.3489823699,
    206.93314269349));
#566 = CARTESIAN_POINT('',(24.795313267439,114.53415372422,210.));
#567 = CARTESIAN_POINT('',(2.567144993975,58.181105470579,0.));
#568 = CARTESIAN_POINT('',(1.262346127921,56.721714249578,
    14.510989880861));
#569 = CARTESIAN_POINT('',(15.517171689584,85.851912698572,
    7.401941138453));
#570 = CARTESIAN_POINT('',(9.581070828959,97.738599842503,78.60851866771
    ));
#571 = CARTESIAN_POINT('',(30.151188309072,123.63527745878,
    114.36747083087));
#572 = CARTESIAN_POINT('',(34.604363486925,123.11015929822,
    157.35014795422));
#573 = CARTESIAN_POINT('',(30.59864173347,123.21408487433,
    206.93314269349));
#574 = CARTESIAN_POINT('',(24.603194686117,115.27775548547,210.));
#575 = CARTESIAN_POINT('',(2.532158611672,58.26944997931,0.));
#576 = CARTESIAN_POINT('',(1.264626721652,56.90334112651,14.510989880861
    ));
#577 = CARTESIAN_POINT('',(15.324891672145,86.32577437773,7.401941138453
    ));
#578 = CARTESIAN_POINT('',(9.529450548357,98.473528129293,78.60851866771
    ));
#579 = CARTESIAN_POINT('',(29.808521995095,124.79046476096,
    114.36747083087));
#580 = CARTESIAN_POINT('',(34.155618936063,124.39602401314,
    157.35014795422));
#581 = CARTESIAN_POINT('',(30.242858142275,124.38702001561,
    206.93314269349));
#582 = CARTESIAN_POINT('',(24.326951340414,116.28656085654,210.));
#583 = CARTESIAN_POINT('',(2.489954019632,58.369278415057,0.));
#584 = CARTESIAN_POINT('',(1.267622286012,57.111016834945,
    14.510989880861));
#585 = CARTESIAN_POINT('',(15.092055673045,86.862028270805,
    7.401941138453));
#586 = CARTESIAN_POINT('',(9.467447563245,99.312558003037,78.60851866771
    ));
#587 = CARTESIAN_POINT('',(29.39388332309,126.10136530017,
    114.36747083087));
#588 = CARTESIAN_POINT('',(33.613968902378,125.85140636072,
    157.35014795422));
#589 = CARTESIAN_POINT('',(29.812578755546,125.71753043182,
    206.93314269349));
#590 = CARTESIAN_POINT('',(23.992958525274,117.43179700251,210.));
#591 = CARTESIAN_POINT('',(2.445752279836,58.466586000844,0.));
#592 = CARTESIAN_POINT('',(1.270961808883,57.3163544561,14.510989880861)
  );
#593 = CARTESIAN_POINT('',(14.847157993431,87.385595216484,
    7.401941138453));
#594 = CARTESIAN_POINT('',(9.402530374955,100.14054651095,78.60851866771
    ));
#595 = CARTESIAN_POINT('',(28.957980614819,127.38560142515,
    114.36747083087));
#596 = CARTESIAN_POINT('',(33.046254845705,127.27281399972,
    157.35014795422));
#597 = CARTESIAN_POINT('',(29.360521593487,127.0203740045,
    206.93314269349));
#598 = CARTESIAN_POINT('',(23.642122159763,118.55430126647,210.));
#599 = CARTESIAN_POINT('',(2.410443062654,58.538871404,0.));
#600 = CARTESIAN_POINT('',(1.273724865235,57.471416040051,
    14.510989880861));
#601 = CARTESIAN_POINT('',(14.650719953953,87.77543530008,7.401941138453
    ));
#602 = CARTESIAN_POINT('',(9.350459889491,100.76443353017,78.60851866771
    ));
#603 = CARTESIAN_POINT('',(28.608394157114,128.34547813143,
    114.36747083087));
#604 = CARTESIAN_POINT('',(32.592467338672,128.33173211587,
    157.35014795422));
#605 = CARTESIAN_POINT('',(28.998228760597,127.99368168884,
    206.93314269349));
#606 = CARTESIAN_POINT('',(23.360962062666,119.39378611771,210.));
#607 = CARTESIAN_POINT('',(2.388766018183,58.581550911211,0.));
#608 = CARTESIAN_POINT('',(1.275427323236,57.563835662239,
    14.510989880861));
#609 = CARTESIAN_POINT('',(14.529878610106,88.005992636809,
    7.401941138453));
#610 = CARTESIAN_POINT('',(9.318356550637,101.13585982511,78.60851866771
    ));
#611 = CARTESIAN_POINT('',(28.393349524833,128.91442605312,
    114.36747083087));
#612 = CARTESIAN_POINT('',(32.313606814167,128.95773637583,
    157.35014795422));
#613 = CARTESIAN_POINT('',(28.775412767451,128.57034949839,
    206.93314269349));
#614 = CARTESIAN_POINT('',(23.188040878341,119.891477743,210.));
#615 = CARTESIAN_POINT('',(2.367291441359,58.623199238573,0.));
#616 = CARTESIAN_POINT('',(1.277114462243,57.654359416563,
    14.510989880861));
#617 = CARTESIAN_POINT('',(14.410075628467,88.231133983547,
    7.401941138453));
#618 = CARTESIAN_POINT('',(9.286497259415,101.49950704486,78.60851866771
    ));
#619 = CARTESIAN_POINT('',(28.180154857608,129.47049990971,
    114.36747083087));
#620 = CARTESIAN_POINT('',(32.037236639789,129.56890405557,
    157.35014795422));
#621 = CARTESIAN_POINT('',(28.554528267952,129.13387011716,
    206.93314269349));
#622 = CARTESIAN_POINT('',(23.016609702452,120.37793314541,210.));
#623 = CARTESIAN_POINT('',(2.329858521482,58.692966156986,0.));
#624 = CARTESIAN_POINT('',(1.280077071719,57.807579431811,
    14.510989880861));
#625 = CARTESIAN_POINT('',(14.20080369828,88.608961336316,7.401941138453
    ));
#626 = CARTESIAN_POINT('',(9.230728761096,102.1142076979,78.60851866771)
  );
#627 = CARTESIAN_POINT('',(27.807716922171,130.40592823427,
    114.36747083087));
#628 = CARTESIAN_POINT('',(31.554992983417,130.59403832088,
    157.35014795422));
#629 = CARTESIAN_POINT('',(28.168747461971,130.08139347376,
    206.93314269349));
#630 = CARTESIAN_POINT('',(22.717169329368,121.19640220478,210.));
#631 = CARTESIAN_POINT('',(2.294320702678,58.754691717975,0.));
#632 = CARTESIAN_POINT('',(1.282830506209,57.945776283261,
    14.510989880861));
#633 = CARTESIAN_POINT('',(14.001245871614,88.944294337451,
    7.401941138453));
#634 = CARTESIAN_POINT('',(9.177497871192,102.66784887833,78.60851866771
    ));
#635 = CARTESIAN_POINT('',(27.452263442979,131.23982587106,
    114.36747083087));
#636 = CARTESIAN_POINT('',(31.096464508976,131.50340807617,
    157.35014795422));
#637 = CARTESIAN_POINT('',(27.800844860035,130.92544255185,
    206.93314269349));
#638 = CARTESIAN_POINT('',(22.431606106472,121.92649704517,210.));
#639 = CARTESIAN_POINT('',(2.251433834898,58.826218959422,0.));
#640 = CARTESIAN_POINT('',(1.286354789753,58.108093687394,
    14.510989880861));
#641 = CARTESIAN_POINT('',(13.759341486909,89.333210492831,
    7.401941138453));
#642 = CARTESIAN_POINT('',(9.113208393039,103.31684847497,78.60851866771
    ));
#643 = CARTESIAN_POINT('',(27.021598193202,132.21037698339,
    114.36747083087));
#644 = CARTESIAN_POINT('',(30.542750705288,132.55902515665,
    157.35014795422));
#645 = CARTESIAN_POINT('',(27.35540367357,131.90744167314,
    206.93314269349));
#646 = CARTESIAN_POINT('',(22.085911744736,122.77674580442,210.));
#647 = CARTESIAN_POINT('',(2.209256066761,58.893482168511,0.));
#648 = CARTESIAN_POINT('',(1.290028579058,58.263092594455,
    14.510989880861));
#649 = CARTESIAN_POINT('',(13.520313442989,89.699301867361,
    7.401941138453));
#650 = CARTESIAN_POINT('',(9.04992239546,103.93522385574,78.60851866771)
  );
#651 = CARTESIAN_POINT('',(26.596274548758,133.12765570001,
    114.36747083087));
#652 = CARTESIAN_POINT('',(29.997811997901,133.55371068329,
    157.35014795422));
#653 = CARTESIAN_POINT('',(26.915806428069,132.83514460522,
    206.93314269349));
#654 = CARTESIAN_POINT('',(21.744807382166,123.5808774096,210.));
#655 = CARTESIAN_POINT('',(2.161077617438,58.964258753291,0.));
#656 = CARTESIAN_POINT('',(1.294438032362,58.431352996894,
    14.510989880861));
#657 = CARTESIAN_POINT('',(13.244834912244,90.085491347314,
    7.401941138453));
#658 = CARTESIAN_POINT('',(8.976732715926,104.60349666666,78.60851866771
    ));
#659 = CARTESIAN_POINT('',(26.106189241325,134.10320574982,
    114.36747083087));
#660 = CARTESIAN_POINT('',(29.374147606651,134.60567115006,
    157.35014795422));
#661 = CARTESIAN_POINT('',(26.409970630976,133.82101327099,
    206.93314269349));
#662 = CARTESIAN_POINT('',(21.352299175755,124.4373254198,210.));
#663 = CARTESIAN_POINT('',(2.131435925431,59.005895423862,0.));
#664 = CARTESIAN_POINT('',(1.297166457066,58.532137168511,
    14.510989880861));
#665 = CARTESIAN_POINT('',(13.074528838791,90.313127476561,
    7.401941138453));
#666 = CARTESIAN_POINT('',(8.931225766014,105.00282359671,78.60851866771
    ));
#667 = CARTESIAN_POINT('',(25.803167327378,134.6810237952,
    114.36747083087));
#668 = CARTESIAN_POINT('',(28.989855534521,135.22583344634,
    157.35014795422));
#669 = CARTESIAN_POINT('',(26.097423307472,134.40452926591,
    206.93314269349));
#670 = CARTESIAN_POINT('',(21.109747077362,124.94490532743,210.));
#671 = CARTESIAN_POINT('',(2.1019592273,59.04658322808,0.));
#672 = CARTESIAN_POINT('',(1.299881750576,58.631334026148,
    14.510989880861));
#673 = CARTESIAN_POINT('',(12.904859662342,90.535760072737,
    7.401941138453));
#674 = CARTESIAN_POINT('',(8.885778678738,105.39549662988,78.60851866771
    ));
#675 = CARTESIAN_POINT('',(25.501257693158,135.24724106815,
    114.36747083087));
#676 = CARTESIAN_POINT('',(28.607468000688,135.83234093504,
    157.35014795422));
#677 = CARTESIAN_POINT('',(25.786103045681,134.97615854967,
    206.93314269349));
#678 = CARTESIAN_POINT('',(20.868126112574,125.44238314896,210.));
#679 = CARTESIAN_POINT('',(2.063627551517,59.09708797711,0.));
#680 = CARTESIAN_POINT('',(1.303431280719,58.756965350628,
    14.510989880861));
#681 = CARTESIAN_POINT('',(12.683123372721,90.81268213435,7.401941138453
    ));
#682 = CARTESIAN_POINT('',(8.826011976528,105.89142747259,78.60851866771
    ));
#683 = CARTESIAN_POINT('',(25.106573061923,135.95530209777,
    114.36747083087));
#684 = CARTESIAN_POINT('',(28.109446542015,136.58687088092,
    157.35014795422));
#685 = CARTESIAN_POINT('',(25.379419072103,135.69043846932,
    206.93314269349));
#686 = CARTESIAN_POINT('',(20.552427200904,126.06486234674,210.));
#687 = CARTESIAN_POINT('',(2.016038324622,59.156131097471,0.));
#688 = CARTESIAN_POINT('',(1.307725285723,58.907816726258,
    14.510989880861));
#689 = CARTESIAN_POINT('',(12.405899214077,91.137087551802,
    7.401941138453));
#690 = CARTESIAN_POINT('',(8.750695137833,106.48563669718,78.60851866771
    ));
#691 = CARTESIAN_POINT('',(24.612587890844,136.790754423,114.36747083087
    ));
#692 = CARTESIAN_POINT('',(27.490117455345,137.47194207896,
    157.35014795422));
#693 = CARTESIAN_POINT('',(24.871065393294,136.53254747554,
    206.93314269349));
#694 = CARTESIAN_POINT('',(20.157739442719,126.80033911125,210.));
#695 = CARTESIAN_POINT('',(1.974651861718,59.205106576288,0.));
#696 = CARTESIAN_POINT('',(1.311525089246,59.035956136887,
    14.510989880861));
#697 = CARTESIAN_POINT('',(12.163234101413,91.406231326063,
    7.401941138453));
#698 = CARTESIAN_POINT('',(8.684477139335,106.98884544724,78.60851866771
    ));
#699 = CARTESIAN_POINT('',(24.180087587902,137.48877582514,
    114.36747083087));
#700 = CARTESIAN_POINT('',(26.95090827219,138.2082788123,157.35014795422
    ));
#701 = CARTESIAN_POINT('',(24.426480647736,137.23574501222,
    206.93314269349));
#702 = CARTESIAN_POINT('',(19.812541564037,127.41568982816,210.));
#703 = CARTESIAN_POINT('',(1.922063903449,59.264270050438,0.));
#704 = CARTESIAN_POINT('',(1.316627784034,59.195256423716,
    14.510989880861));
#705 = CARTESIAN_POINT('',(11.852287297092,91.730975648634,
    7.401941138453));
#706 = CARTESIAN_POINT('',(8.599378441507,107.61145730921,78.60851866771
    ));
#707 = CARTESIAN_POINT('',(23.62610301666,138.33870812448,
    114.36747083087));
#708 = CARTESIAN_POINT('',(26.264782798139,139.10118451727,
    157.35014795422));
#709 = CARTESIAN_POINT('',(23.857761270579,138.09156685634,
    206.93314269349));
#710 = CARTESIAN_POINT('',(19.370961903816,128.16635729736,210.));
#711 = CARTESIAN_POINT('',(1.87763041699,59.311004884046,0.));
#712 = CARTESIAN_POINT('',(1.321084343718,59.326222802769,
    14.510989880861));
#713 = CARTESIAN_POINT('',(11.58665701448,91.987039596024,7.401941138453
    ));
#714 = CARTESIAN_POINT('',(8.525917760883,108.11997539159,78.60851866771
    ));
#715 = CARTESIAN_POINT('',(23.152837926869,139.01768862186,
    114.36747083087));
#716 = CARTESIAN_POINT('',(25.683615165898,139.81057315613,
    157.35014795422));
#717 = CARTESIAN_POINT('',(23.372716048294,138.77482387859,
    206.93314269349));
#718 = CARTESIAN_POINT('',(18.994273129434,128.7676439119,210.));
#719 = CARTESIAN_POINT('',(1.84105246971,59.347544426297,0.));
#720 = CARTESIAN_POINT('',(1.324728518791,59.431917324271,
    14.510989880861));
#721 = CARTESIAN_POINT('',(11.366110474567,92.186998105831,
    7.401941138453));
#722 = CARTESIAN_POINT('',(8.464062441201,108.52832589313,78.60851866771
    ));
#723 = CARTESIAN_POINT('',(22.75964118315,139.55367097677,
    114.36747083087));
#724 = CARTESIAN_POINT('',(25.20438796009,140.3670217587,157.35014795422
    ));
#725 = CARTESIAN_POINT('',(22.970313810561,139.31373219337,
    206.93314269349));
#726 = CARTESIAN_POINT('',(18.68164377003,129.2431822802,210.));
#727 = CARTESIAN_POINT('',(1.804524011471,59.383299611112,0.));
#728 = CARTESIAN_POINT('',(1.328350193856,59.536666504771,
    14.510989880861));
#729 = CARTESIAN_POINT('',(11.145136712401,92.382569970577,
    7.401941138453));
#730 = CARTESIAN_POINT('',(8.401731269369,108.93223269457,78.60851866771
    ));
#731 = CARTESIAN_POINT('',(22.365567943525,140.08022094965,
    114.36747083087));
#732 = CARTESIAN_POINT('',(24.725506114544,140.91219483148,
    157.35014795422));
#733 = CARTESIAN_POINT('',(22.56724154436,139.84296668314,
    206.93314269349));
#734 = CARTESIAN_POINT('',(18.368443865162,129.71065797045,210.));
#735 = CARTESIAN_POINT('',(1.76465487838,59.420240662575,0.));
#736 = CARTESIAN_POINT('',(1.332224219513,59.648827518977,
    14.510989880861));
#737 = CARTESIAN_POINT('',(10.901850137822,92.584238938325,
    7.401941138453));
#738 = CARTESIAN_POINT('',(8.331988066188,109.36223946547,78.60851866771
    ));
#739 = CARTESIAN_POINT('',(21.931307522557,140.62997395404,
    114.36747083087));
#740 = CARTESIAN_POINT('',(24.201988531417,141.47748281563,
    157.35014795422));
#741 = CARTESIAN_POINT('',(22.123737558139,140.39504283243,
    206.93314269349));
#742 = CARTESIAN_POINT('',(18.0236740742,130.19974901484,210.));
#743 = CARTESIAN_POINT('',(1.706273041664,59.471256959212,0.));
#744 = CARTESIAN_POINT('',(1.337568243699,59.809813132369,
    14.510989880861));
#745 = CARTESIAN_POINT('',(10.54225356196,92.861597346078,7.401941138453
    ));
#746 = CARTESIAN_POINT('',(8.226675385527,109.97692258121,78.60851866771
    ));
#747 = CARTESIAN_POINT('',(21.288473007567,141.3967860857,
    114.36747083087));
#748 = CARTESIAN_POINT('',(23.434242558624,142.26183296913,
    157.35014795422));
#749 = CARTESIAN_POINT('',(21.468370041134,141.16470834834,
    206.93314269349));
#750 = CARTESIAN_POINT('',(17.513919958265,130.88421433524,210.));
#751 = CARTESIAN_POINT('',(1.66634461744,59.50420933111,0.));
#752 = CARTESIAN_POINT('',(1.341057123394,59.918080386653,
    14.510989880861));
#753 = CARTESIAN_POINT('',(10.294077703637,93.039618848856,
    7.401941138453));
#754 = CARTESIAN_POINT('',(8.152541893537,110.38810938076,78.60851866771
    ));
#755 = CARTESIAN_POINT('',(20.844306076104,141.89688450196,
    114.36747083087));
#756 = CARTESIAN_POINT('',(22.908473883567,142.77102581124,
    157.35014795422));
#757 = CARTESIAN_POINT('',(21.016293056529,141.66648436807,
    206.93314269349));
#758 = CARTESIAN_POINT('',(17.16210187356,131.33225462751,210.));
#759 = CARTESIAN_POINT('',(1.607310517904,59.550235862207,0.));
#760 = CARTESIAN_POINT('',(1.346161719925,60.076649473699,
    14.510989880861));
#761 = CARTESIAN_POINT('',(9.923046932004,93.284956595917,7.401941138453
    ));
#762 = CARTESIAN_POINT('',(8.039402788947,110.98459618373,78.60851866771
    ));
#763 = CARTESIAN_POINT('',(20.179921754077,142.60129638791,
    114.36747083087));
#764 = CARTESIAN_POINT('',(22.129538648958,143.4864540857,
    157.35014795422));
#765 = CARTESIAN_POINT('',(20.341270859005,142.37330344276,
    206.93314269349));
#766 = CARTESIAN_POINT('',(16.636488358295,131.96643714936,210.));
#767 = CARTESIAN_POINT('',(1.567853451675,59.579234723451,0.));
#768 = CARTESIAN_POINT('',(1.349452193567,60.181653662851,
    14.510989880861));
#769 = CARTESIAN_POINT('',(9.67235258569,93.437178632145,7.401941138453)
  );
#770 = CARTESIAN_POINT('',(7.961190670724,111.37574700244,78.60851866771
    ));
#771 = CARTESIAN_POINT('',(19.730657904083,143.04910613618,
    114.36747083087));
#772 = CARTESIAN_POINT('',(21.607701254247,143.94010230894,
    157.35014795422));
#773 = CARTESIAN_POINT('',(19.885585890884,142.82268609885,
    206.93314269349));
#774 = CARTESIAN_POINT('',(16.281429686346,132.37174930087,210.));
#775 = CARTESIAN_POINT('',(1.527431832684,59.607254794008,0.));
#776 = CARTESIAN_POINT('',(1.352463792972,60.288281625288,
    14.510989880861));
#777 = CARTESIAN_POINT('',(9.412785660703,93.581715892373,7.401941138453
    ));
#778 = CARTESIAN_POINT('',(7.877688712387,111.76912491126,78.60851866771
    ));
#779 = CARTESIAN_POINT('',(19.264574035244,143.48562269032,
    114.36747083087));
#780 = CARTESIAN_POINT('',(21.072560869253,144.38084057533,
    157.35014795422));
#781 = CARTESIAN_POINT('',(19.413825017781,143.260729917,206.93314269349
    ));
#782 = CARTESIAN_POINT('',(15.913455039695,132.76899302844,210.));
#783 = CARTESIAN_POINT('',(1.486879613566,59.634714314245,0.));
#784 = CARTESIAN_POINT('',(1.355327704251,60.39488979756,14.510989880861
    ));
#785 = CARTESIAN_POINT('',(9.151309353044,93.722307571535,7.401941138453
    ));
#786 = CARTESIAN_POINT('',(7.792544403717,112.16093377206,78.60851866771
    ));
#787 = CARTESIAN_POINT('',(18.794665802664,143.91495157003,
    114.36747083087));
#788 = CARTESIAN_POINT('',(20.535528485662,144.81370252648,
    157.35014795422));
#789 = CARTESIAN_POINT('',(18.938586152555,143.6915563566,
    206.93314269349));
#790 = CARTESIAN_POINT('',(15.542638177824,133.16053653029,210.));
#791 = CARTESIAN_POINT('',(1.440902741467,59.663912231522,0.));
#792 = CARTESIAN_POINT('',(1.357953555282,60.514769776345,
    14.510989880861));
#793 = CARTESIAN_POINT('',(8.8517317493,93.868415895252,7.401941138453)
  );
#794 = CARTESIAN_POINT('',(7.691532250935,112.59682373806,78.60851866771
    ));
#795 = CARTESIAN_POINT('',(18.255025679753,144.37574889405,
    114.36747083087));
#796 = CARTESIAN_POINT('',(19.926107917466,145.27697284063,
    157.35014795422));
#797 = CARTESIAN_POINT('',(18.393964355548,144.1540481848,
    206.93314269349));
#798 = CARTESIAN_POINT('',(15.117228787195,133.58351001639,210.));
#799 = CARTESIAN_POINT('',(1.376531837004,59.701918993087,0.));
#800 = CARTESIAN_POINT('',(1.36033069108,60.6809544801,14.510989880861)
  );
#801 = CARTESIAN_POINT('',(8.427928721617,94.052368940866,7.401941138453
    ));
#802 = CARTESIAN_POINT('',(7.541317931837,113.19530485226,78.60851866771
    ));
#803 = CARTESIAN_POINT('',(17.489378177416,144.9801435111,
    114.36747083087));
#804 = CARTESIAN_POINT('',(19.071711715071,145.88552989207,
    157.35014795422));
#805 = CARTESIAN_POINT('',(17.622802841946,144.76134439496,
    206.93314269349));
#806 = CARTESIAN_POINT('',(14.513813664933,134.14356729553,210.));
#807 = CARTESIAN_POINT('',(1.3342778213,59.725188274484,0.));
#808 = CARTESIAN_POINT('',(1.360973153612,60.789426966046,
    14.510989880861));
#809 = CARTESIAN_POINT('',(8.147328935528,94.160430677529,7.401941138453
    ));
#810 = CARTESIAN_POINT('',(7.437104997186,113.58147188873,78.60851866771
    ));
#811 = CARTESIAN_POINT('',(16.980911674598,145.35254804192,
    114.36747083087));
#812 = CARTESIAN_POINT('',(18.510112647138,146.2617792482,
    157.35014795422));
#813 = CARTESIAN_POINT('',(17.111543201495,145.13609038766,
    206.93314269349));
#814 = CARTESIAN_POINT('',(14.113071037971,134.49219328679,210.));
#815 = CARTESIAN_POINT('',(1.276341813835,59.755180592737,0.));
#816 = CARTESIAN_POINT('',(1.360329458721,60.938501951355,
    14.510989880861));
#817 = CARTESIAN_POINT('',(7.759939797562,94.291939310203,7.401941138453
    ));
#818 = CARTESIAN_POINT('',(7.28620632615,114.10396343452,78.60851866771)
  );
#819 = CARTESIAN_POINT('',(16.276478989656,145.83336136221,
    114.36747083087));
#820 = CARTESIAN_POINT('',(17.738527511621,146.75113691334,
    157.35014795422));
#821 = CARTESIAN_POINT('',(16.404176272228,145.62098589821,
    206.93314269349));
#822 = CARTESIAN_POINT('',(13.55756405241,134.94746209022,210.));
#823 = CARTESIAN_POINT('',(1.238701417828,59.773462139915,0.));
#824 = CARTESIAN_POINT('',(1.358842252027,61.035510029326,
    14.510989880861));
#825 = CARTESIAN_POINT('',(7.506656368827,94.366855489247,7.401941138453
    ));
#826 = CARTESIAN_POINT('',(7.182833645656,114.43879357829,78.60851866771
    ));
#827 = CARTESIAN_POINT('',(15.814194080658,146.12681418278,
    114.36747083087));
#828 = CARTESIAN_POINT('',(17.236134524606,147.05223726989,
    157.35014795422));
#829 = CARTESIAN_POINT('',(15.940532692096,145.9176438165,
    206.93314269349));
#830 = CARTESIAN_POINT('',(13.192751353114,135.22876874379,210.));
#831 = CARTESIAN_POINT('',(1.199441584109,59.791339673353,0.));
#832 = CARTESIAN_POINT('',(1.355811049123,61.136624084684,
    14.510989880861));
#833 = CARTESIAN_POINT('',(7.241102595016,94.434354234848,7.401941138453
    ));
#834 = CARTESIAN_POINT('',(7.068528413864,114.78254088192,78.60851866771
    ));
#835 = CARTESIAN_POINT('',(15.326976760908,146.41325951631,
    114.36747083087));
#836 = CARTESIAN_POINT('',(16.711653292691,147.34999836533,
    157.35014795422));
#837 = CARTESIAN_POINT('',(15.452605861281,146.20818636842,
    206.93314269349));
#838 = CARTESIAN_POINT('',(12.807903038719,135.50715390635,210.));
#839 = CARTESIAN_POINT('',(1.159856685707,59.808899184022,0.));
#840 = CARTESIAN_POINT('',(1.352141066572,61.238530864522,
    14.510989880861));
#841 = CARTESIAN_POINT('',(6.972829589107,94.498227425911,7.401941138453
    ));
#842 = CARTESIAN_POINT('',(6.950639985293,115.12691168279,78.60851866771
    ));
#843 = CARTESIAN_POINT('',(14.833712820968,146.69431650075,
    114.36747083087));
#844 = CARTESIAN_POINT('',(16.182694490542,147.64387486934,
    157.35014795422));
#845 = CARTESIAN_POINT('',(14.958914682912,146.49368569086,
    206.93314269349));
#846 = CARTESIAN_POINT('',(12.418175414989,135.78192215375,210.));
#847 = CARTESIAN_POINT('',(1.098904656181,59.834041549212,0.));
#848 = CARTESIAN_POINT('',(1.343632609989,61.395113028794,
    14.510989880861));
#849 = CARTESIAN_POINT('',(6.557957506949,94.579524684468,7.401941138453
    ));
#850 = CARTESIAN_POINT('',(6.757582063782,115.64763754543,78.60851866771
    ));
#851 = CARTESIAN_POINT('',(14.06641468882,147.0952967423,114.36747083087
    ));
#852 = CARTESIAN_POINT('',(15.367383807806,148.07054150067,
    157.35014795422));
#853 = CARTESIAN_POINT('',(14.191995525173,146.90280038868,
    206.93314269349));
#854 = CARTESIAN_POINT('',(11.811229129525,136.18069725061,210.));
#855 = CARTESIAN_POINT('',(1.036319764462,59.856937692323,0.));
#856 = CARTESIAN_POINT('',(1.329617292625,61.554735006659,
    14.510989880861));
#857 = CARTESIAN_POINT('',(6.130970149053,94.636500269547,7.401941138453
    ));
#858 = CARTESIAN_POINT('',(6.53689909412,116.16479836172,78.60851866771)
  );
#859 = CARTESIAN_POINT('',(13.268912722757,147.45674611338,
    114.36747083087));
#860 = CARTESIAN_POINT('',(14.527327908224,148.46876255676,
    157.35014795422));
#861 = CARTESIAN_POINT('',(13.395700573368,147.27476247956,
    206.93314269349));
#862 = CARTESIAN_POINT('',(11.17766159862,136.5514172287,210.));
#863 = CARTESIAN_POINT('',(0.983084515638,59.874863644878,0.));
#864 = CARTESIAN_POINT('',(1.313179685557,61.689911414563,
    14.510989880861));
#865 = CARTESIAN_POINT('',(5.769613781194,94.670368679769,7.401941138453
    ));
#866 = CARTESIAN_POINT('',(6.334509913334,116.59398384324,78.60851866771
    ));
#867 = CARTESIAN_POINT('',(12.586788026162,147.73678815632,
    114.36747083087));
#868 = CARTESIAN_POINT('',(13.810264117511,148.78631940018,
    157.35014795422));
#869 = CARTESIAN_POINT('',(12.71457975265,147.56499419111,
    206.93314269349));
#870 = CARTESIAN_POINT('',(10.633345978858,136.84551006474,210.));
#871 = CARTESIAN_POINT('',(0.935205655351,59.889978520296,0.));
#872 = CARTESIAN_POINT('',(1.2950824347,61.811098284992,14.510989880861)
  );
#873 = CARTESIAN_POINT('',(5.446298491703,94.691135667226,7.401941138453
    ));
#874 = CARTESIAN_POINT('',(6.142283376694,116.97266958486,78.60851866771
    ));
#875 = CARTESIAN_POINT('',(11.971084537378,147.9705080166,
    114.36747083087));
#876 = CARTESIAN_POINT('',(13.163492638074,149.05802199286,
    157.35014795422));
#877 = CARTESIAN_POINT('',(12.099671752249,147.80871849083,
    206.93314269349));
#878 = CARTESIAN_POINT('',(10.140260664741,137.09592558186,210.));
#879 = CARTESIAN_POINT('',(0.89083175578,59.902637259357,0.));
#880 = CARTESIAN_POINT('',(1.273334396913,61.921992982284,
    14.510989880861));
#881 = CARTESIAN_POINT('',(5.149563149593,94.697970466249,7.401941138453
    ));
#882 = CARTESIAN_POINT('',(5.949346838136,117.31143516093,78.60851866771
    ));
#883 = CARTESIAN_POINT('',(11.397802744585,148.16239677761,
    114.36747083087));
#884 = CARTESIAN_POINT('',(12.561225386167,149.29028536949,
    157.35014795422));
#885 = CARTESIAN_POINT('',(11.526846618482,148.01087999435,
    206.93314269349));
#886 = CARTESIAN_POINT('',(9.678445639868,137.30829453801,210.));
#887 = CARTESIAN_POINT('',(0.858584149216,59.911221540043,0.));
#888 = CARTESIAN_POINT('',(1.254967769574,62.001459720753,
    14.510989880861));
#889 = CARTESIAN_POINT('',(4.935604083832,94.697552471889,7.401941138453
    ));
#890 = CARTESIAN_POINT('',(5.801778480157,117.55074965215,78.60851866771
    ));
#891 = CARTESIAN_POINT('',(10.980100074325,148.29018006521,
    114.36747083087));
#892 = CARTESIAN_POINT('',(12.122338336526,149.45046166433,
    157.35014795422));
#893 = CARTESIAN_POINT('',(11.109329317057,148.14668184087,
    206.93314269349));
#894 = CARTESIAN_POINT('',(9.340583499466,137.45315541427,210.));
#895 = CARTESIAN_POINT('',(0.825912807757,59.919674420568,0.));
#896 = CARTESIAN_POINT('',(1.235318058802,62.081484724778,
    14.510989880861));
#897 = CARTESIAN_POINT('',(4.719533034188,94.695014134038,7.401941138453
    ));
#898 = CARTESIAN_POINT('',(5.649298463122,117.79036883158,78.60851866771
    ));
#899 = CARTESIAN_POINT('',(10.556488562335,148.41497716061,
    114.36747083087));
#900 = CARTESIAN_POINT('',(11.677213859335,149.60934761247,
    157.35014795422));
#901 = CARTESIAN_POINT('',(10.685844938249,148.27982897795,
    206.93314269349));
#902 = CARTESIAN_POINT('',(8.997402689791,137.59614939082,210.));
#903 = CARTESIAN_POINT('',(0.768996835573,59.933267367893,0.));
#904 = CARTESIAN_POINT('',(1.196010639144,62.218249366024,
    14.510989880861));
#905 = CARTESIAN_POINT('',(4.346674030937,94.681113414269,7.401941138453
    ));
#906 = CARTESIAN_POINT('',(5.36941120907,118.19371412076,78.60851866771)
  );
#907 = CARTESIAN_POINT('',(9.816953862235,148.61102226972,
    114.36747083087));
#908 = CARTESIAN_POINT('',(10.899357306093,149.87010626444,
    157.35014795422));
#909 = CARTESIAN_POINT('',(9.946134873105,148.49135439565,
    206.93314269349));
#910 = CARTESIAN_POINT('',(8.395566416084,137.82770622038,210.));
#911 = CARTESIAN_POINT('',(0.684446851764,59.95056246747,0.));
#912 = CARTESIAN_POINT('',(1.12338845176,62.412420836341,14.510989880861
    ));
#913 = CARTESIAN_POINT('',(3.804807634681,94.639304792111,7.401941138453
    ));
#914 = CARTESIAN_POINT('',(4.912548900752,118.74778783448,78.60851866771
    ));
#915 = CARTESIAN_POINT('',(8.718072616002,148.85033483264,
    114.36747083087));
#916 = CARTESIAN_POINT('',(9.735346038639,150.21363092212,
    157.35014795422));
#917 = CARTESIAN_POINT('',(8.844837929739,148.75491983437,
    206.93314269349));
#918 = CARTESIAN_POINT('',(7.49219650298,138.1261763722,210.));
#919 = CARTESIAN_POINT('',(0.605852170942,59.96354274218,0.));
#920 = CARTESIAN_POINT('',(1.033664814802,62.575341715612,
    14.510989880861));
#921 = CARTESIAN_POINT('',(3.324261905018,94.587785528632,7.401941138453
    ));
#922 = CARTESIAN_POINT('',(4.435998824944,119.2002328623,78.60851866771)
  );
#923 = CARTESIAN_POINT('',(7.70229621141,149.02178908486,114.36747083087
    ));
#924 = CARTESIAN_POINT('',(8.640417038195,150.481557947,157.35014795422)
  );
#925 = CARTESIAN_POINT('',(7.822647429396,148.94842501219,
    206.93314269349));
#926 = CARTESIAN_POINT('',(6.643778213824,138.35407557569,210.));
#927 = CARTESIAN_POINT('',(0.542771023138,59.972088280739,0.));
#928 = CARTESIAN_POINT('',(0.949800581724,62.69230545359,14.510989880861
    ));
#929 = CARTESIAN_POINT('',(2.951209958711,94.542516955296,7.401941138453
    ));
#930 = CARTESIAN_POINT('',(4.026251932871,119.51878676101,78.60851866771
    ));
#931 = CARTESIAN_POINT('',(6.890563693673,149.13009610805,
    114.36747083087));
#932 = CARTESIAN_POINT('',(7.754724942162,150.66365282338,
    157.35014795422));
#933 = CARTESIAN_POINT('',(7.003460599527,149.07341645275,
    206.93314269349));
#934 = CARTESIAN_POINT('',(5.958565693062,138.50633415219,210.));
#935 = CARTESIAN_POINT('',(0.510531074421,59.975926549194,0.));
#936 = CARTESIAN_POINT('',(0.903703131259,62.747511238784,
    14.510989880861));
#937 = CARTESIAN_POINT('',(2.764139558014,94.518801861393,7.401941138453
    ));
#938 = CARTESIAN_POINT('',(3.809503212251,119.66737047624,78.60851866771
    ));
#939 = CARTESIAN_POINT('',(6.476914270618,149.17702533506,
    114.36747083087));
#940 = CARTESIAN_POINT('',(7.300340711693,150.74668955246,
    157.35014795422));
#941 = CARTESIAN_POINT('',(6.585355629425,149.12846211149,
    206.93314269349));
#942 = CARTESIAN_POINT('',(5.60738985492,138.57498055727,210.));
#943 = CARTESIAN_POINT('',(0.490830535558,59.978106171572,0.));
#944 = CARTESIAN_POINT('',(0.874546338384,62.779635243206,
    14.510989880861));
#945 = CARTESIAN_POINT('',(2.6509695675,94.504258893796,7.401941138453)
  );
#946 = CARTESIAN_POINT('',(3.674855221661,119.75326482099,78.60851866771
    ));
#947 = CARTESIAN_POINT('',(6.224621443295,149.20295886324,
    114.36747083087));
#948 = CARTESIAN_POINT('',(7.022066330351,150.79440130914,
    157.35014795422));
#949 = CARTESIAN_POINT('',(6.330109862825,149.15925614874,
    206.93314269349));
#950 = CARTESIAN_POINT('',(5.392562729678,138.61390799487,210.));
#951 = CARTESIAN_POINT('',(0.470808190557,59.980255207093,0.));
#952 = CARTESIAN_POINT('',(0.84452080624,62.811625705666,14.510989880861
    ));
#953 = CARTESIAN_POINT('',(2.536407996963,94.489469067273,7.401941138453
    ));
#954 = CARTESIAN_POINT('',(3.537137131415,119.83856760865,78.60851866771
    ));
#955 = CARTESIAN_POINT('',(5.968403694479,149.22821179388,
    114.36747083087));
#956 = CARTESIAN_POINT('',(6.738992454661,150.84169320399,
    157.35014795422));
#957 = CARTESIAN_POINT('',(6.070796812103,149.18941129814,
    206.93314269349));
#958 = CARTESIAN_POINT('',(5.174132016718,138.65226623516,210.));
#959 = CARTESIAN_POINT('',(0.43590460913,59.983694053717,0.));
#960 = CARTESIAN_POINT('',(0.790394434862,62.864174871581,
    14.510989880861));
#961 = CARTESIAN_POINT('',(2.338800341391,94.463798226545,7.401941138453
    ));
#962 = CARTESIAN_POINT('',(3.293109924179,119.97766225995,78.60851866771
    ));
#963 = CARTESIAN_POINT('',(5.522634241564,149.26726338505,
    114.36747083087));
#964 = CARTESIAN_POINT('',(6.244381843763,150.91843168705,
    157.35014795422));
#965 = CARTESIAN_POINT('',(5.619207526828,149.23677660837,
    206.93314269349));
#966 = CARTESIAN_POINT('',(4.792921302119,138.71353983837,210.));
#967 = CARTESIAN_POINT('',(0.276181217142,59.997048304458,0.));
#968 = CARTESIAN_POINT('',(0.52916121457,63.077090150608,14.510989880861
    ));
#969 = CARTESIAN_POINT('',(1.450173553812,94.351742370382,7.401941138453
    ));
#970 = CARTESIAN_POINT('',(2.148594622856,120.52904744058,78.60851866771
    ));
#971 = CARTESIAN_POINT('',(3.488478379543,149.41236954356,
    114.36747083087));
#972 = CARTESIAN_POINT('',(3.97307664267,151.22129475078,157.35014795422
    ));
#973 = CARTESIAN_POINT('',(3.555540926976,149.41636167622,
    206.93314269349));
#974 = CARTESIAN_POINT('',(3.045171754018,138.95068757167,210.));
#975 = CARTESIAN_POINT('',(5.27508974002E-11,60.002595717837,0.));
#976 = CARTESIAN_POINT('',(1.262902022228E-11,63.151270732718,
    14.510989880861));
#977 = CARTESIAN_POINT('',(2.806584533677E-10,94.31985199168,
    7.401941138453));
#978 = CARTESIAN_POINT('',(1.254870101702E-10,120.72432508956,
    78.60851866771));
#979 = CARTESIAN_POINT('',(5.257352811369E-10,149.47598996853,
    114.36747083087));
#980 = CARTESIAN_POINT('',(6.83269905499E-10,151.3388742243,
    157.35014795422));
#981 = CARTESIAN_POINT('',(5.459095503689E-10,149.49168551414,
    206.93314269349));
#982 = CARTESIAN_POINT('',(4.320441782113E-10,139.04336529508,210.));
#983 = CARTESIAN_POINT('',(-0.276181217261,59.997048304339,0.));
#984 = CARTESIAN_POINT('',(-0.529161214599,63.077090150667,
    14.510989880861));
#985 = CARTESIAN_POINT('',(-1.450173554448,94.351742369802,
    7.401941138453));
#986 = CARTESIAN_POINT('',(-2.14859462314,120.52904744063,78.60851866771
    ));
#987 = CARTESIAN_POINT('',(-3.488478380733,149.41236954262,
    114.36747083087));
#988 = CARTESIAN_POINT('',(-3.973076644218,151.22129474932,
    157.35014795422));
#989 = CARTESIAN_POINT('',(-3.555540928212,149.41636167521,
    206.93314269349));
#990 = CARTESIAN_POINT('',(-3.045171754996,138.95068757092,210.));
#991 = CARTESIAN_POINT('',(-0.435904609237,59.98369405363,0.));
#992 = CARTESIAN_POINT('',(-0.790394434563,62.86417487171,
    14.510989880861));
#993 = CARTESIAN_POINT('',(-2.338800342063,94.463798226199,
    7.401941138453));
#994 = CARTESIAN_POINT('',(-3.293109923464,119.97766226032,
    78.60851866771));
#995 = CARTESIAN_POINT('',(-5.522634242281,149.26726338465,
    114.36747083087));
#996 = CARTESIAN_POINT('',(-6.244381844895,150.9184316861,
    157.35014795422));
#997 = CARTESIAN_POINT('',(-5.619207527588,149.23677660789,
    206.93314269349));
#998 = CARTESIAN_POINT('',(-4.792921302563,138.71353983807,210.));
#999 = CARTESIAN_POINT('',(-0.470808190652,59.980255207019,0.));
#1000 = CARTESIAN_POINT('',(-0.844520805954,62.811625705771,
    14.510989880861));
#1001 = CARTESIAN_POINT('',(-2.536407997464,94.489469067064,
    7.401941138453));
#1002 = CARTESIAN_POINT('',(-3.537137130562,119.83856760905,
    78.60851866771));
#1003 = CARTESIAN_POINT('',(-5.968403694919,149.22821179368,
    114.36747083087));
#1004 = CARTESIAN_POINT('',(-6.738992455634,150.8416932032,
    157.35014795422));
#1005 = CARTESIAN_POINT('',(-6.070796812608,149.18941129785,
    206.93314269349));
#1006 = CARTESIAN_POINT('',(-5.174132016951,138.65226623501,210.));
#1007 = CARTESIAN_POINT('',(-0.490830535644,59.978106171507,0.));
#1008 = CARTESIAN_POINT('',(-0.874546338129,62.779635243287,
    14.510989880861));
#1009 = CARTESIAN_POINT('',(-2.650969567843,94.504258893692,
    7.401941138453));
#1010 = CARTESIAN_POINT('',(-3.674855220782,119.75326482137,
    78.60851866771));
#1011 = CARTESIAN_POINT('',(-6.224621443504,149.20295886319,
    114.36747083087));
#1012 = CARTESIAN_POINT('',(-7.022066331216,150.79440130845,
    157.35014795422));
#1013 = CARTESIAN_POINT('',(-6.330109863122,149.1592561486,
    206.93314269349));
#1014 = CARTESIAN_POINT('',(-5.392562729755,138.61390799482,210.));
#1015 = CARTESIAN_POINT('',(-0.510531074495,59.975926549138,0.));
#1016 = CARTESIAN_POINT('',(-0.903703131044,62.747511238837,
    14.510989880861));
#1017 = CARTESIAN_POINT('',(-2.764139558179,94.518801861403,
    7.401941138453));
#1018 = CARTESIAN_POINT('',(-3.809503211369,119.66737047661,
    78.60851866771));
#1019 = CARTESIAN_POINT('',(-6.47691427057,149.17702533518,
    114.36747083087));
#1020 = CARTESIAN_POINT('',(-7.300340712447,150.74668955187,
    157.35014795422));
#1021 = CARTESIAN_POINT('',(-6.585355629492,149.1284621115,
    206.93314269349));
#1022 = CARTESIAN_POINT('',(-5.607389854832,138.57498055732,210.));
#1023 = CARTESIAN_POINT('',(-0.542771023189,59.972088280702,0.));
#1024 = CARTESIAN_POINT('',(-0.949800581613,62.692305453582,
    14.510989880861));
#1025 = CARTESIAN_POINT('',(-2.951209958498,94.54251695553,
    7.401941138453));
#1026 = CARTESIAN_POINT('',(-4.026251932078,119.51878676129,
    78.60851866771));
#1027 = CARTESIAN_POINT('',(-6.890563693097,149.13009610848,
    114.36747083087));
#1028 = CARTESIAN_POINT('',(-7.754724942699,150.663652823,
    157.35014795422));
#1029 = CARTESIAN_POINT('',(-7.003460599129,149.07341645304,
    206.93314269349));
#1030 = CARTESIAN_POINT('',(-5.958565692647,138.50633415245,210.));
#1031 = CARTESIAN_POINT('',(-0.605852170927,59.963542742192,0.));
#1032 = CARTESIAN_POINT('',(-1.033664815031,62.575341715432,
    14.510989880861));
#1033 = CARTESIAN_POINT('',(-3.324261903835,94.587785529387,
    7.401941138453));
#1034 = CARTESIAN_POINT('',(-4.435998824683,119.20023286227,
    78.60851866771));
#1035 = CARTESIAN_POINT('',(-7.702296209613,149.02178908596,
    114.36747083087));
#1036 = CARTESIAN_POINT('',(-8.640417037936,150.48155794722,
    157.35014795422));
#1037 = CARTESIAN_POINT('',(-7.822647427876,148.94842501313,
    206.93314269349));
#1038 = CARTESIAN_POINT('',(-6.643778212677,138.35407557637,210.));
#1039 = CARTESIAN_POINT('',(-0.684446851616,59.950562467569,0.));
#1040 = CARTESIAN_POINT('',(-1.123388452731,62.412420835836,
    14.510989880861));
#1041 = CARTESIAN_POINT('',(-3.80480763195,94.6393047936,7.401941138453)
  );
#1042 = CARTESIAN_POINT('',(-4.912548902053,118.74778783371,
    78.60851866771));
#1043 = CARTESIAN_POINT('',(-8.718072612595,148.85033483455,
    114.36747083087));
#1044 = CARTESIAN_POINT('',(-9.735346036989,150.21363092332,
    157.35014795422));
#1045 = CARTESIAN_POINT('',(-8.8448379267,148.75491983612,
    206.93314269349));
#1046 = CARTESIAN_POINT('',(-7.492196500988,138.12617637335,210.));
#1047 = CARTESIAN_POINT('',(-0.768996835291,59.933267368074,0.));
#1048 = CARTESIAN_POINT('',(-1.19601064143,62.218249365011,
    14.510989880861));
#1049 = CARTESIAN_POINT('',(-4.346674026486,94.681113416395,
    7.401941138453));
#1050 = CARTESIAN_POINT('',(-5.369411213675,118.19371411856,
    78.60851866771));
#1051 = CARTESIAN_POINT('',(-9.816953857853,148.61102227195,
    114.36747083087));
#1052 = CARTESIAN_POINT('',(-10.89935730348,149.87010626639,
    157.35014795422));
#1053 = CARTESIAN_POINT('',(-9.946134869174,148.49135439776,
    206.93314269349));
#1054 = CARTESIAN_POINT('',(-8.395566414024,137.82770622156,210.));
#1055 = CARTESIAN_POINT('',(-0.825912807429,59.919674420776,0.));
#1056 = CARTESIAN_POINT('',(-1.235318060532,62.081484724121,
    14.510989880861));
#1057 = CARTESIAN_POINT('',(-4.719533031111,94.695014135321,
    7.401941138453));
#1058 = CARTESIAN_POINT('',(-5.64929846845,117.79036882919,
    78.60851866771));
#1059 = CARTESIAN_POINT('',(-10.5564885593,148.414977162,114.36747083087
    ));
#1060 = CARTESIAN_POINT('',(-11.67721385591,149.6093476149,
    157.35014795422));
#1061 = CARTESIAN_POINT('',(-10.6858449353,148.27982897944,
    206.93314269349));
#1062 = CARTESIAN_POINT('',(-8.997402688524,137.59614939153,210.));
#1063 = CARTESIAN_POINT('',(-0.858584148885,59.911221540253,0.));
#1064 = CARTESIAN_POINT('',(-1.254967770604,62.001459720464,
    14.510989880861));
#1065 = CARTESIAN_POINT('',(-4.935604082403,94.697552472282,
    7.401941138453));
#1066 = CARTESIAN_POINT('',(-5.801778484926,117.5507496501,
    78.60851866771));
#1067 = CARTESIAN_POINT('',(-10.98010007306,148.2901800656,
    114.36747083087));
#1068 = CARTESIAN_POINT('',(-12.12233833252,149.45046166704,
    157.35014795422));
#1069 = CARTESIAN_POINT('',(-11.10932931546,148.14668184159,
    206.93314269349));
#1070 = CARTESIAN_POINT('',(-9.340583499018,137.45315541452,210.));
#1071 = CARTESIAN_POINT('',(-0.890831755457,59.902637259561,0.));
#1072 = CARTESIAN_POINT('',(-1.27333439709,61.921992982428,
    14.510989880861));
#1073 = CARTESIAN_POINT('',(-5.149563150113,94.697970465613,
    7.401941138453));
#1074 = CARTESIAN_POINT('',(-5.949346841946,117.31143515942,
    78.60851866771));
#1075 = CARTESIAN_POINT('',(-11.39780274547,148.16239677682,
    114.36747083087));
#1076 = CARTESIAN_POINT('',(-12.56122538152,149.29028537247,
    157.35014795422));
#1077 = CARTESIAN_POINT('',(-11.52684661852,148.01087999416,
    206.93314269349));
#1078 = CARTESIAN_POINT('',(-9.678445640371,137.30829453773,210.));
#1079 = CARTESIAN_POINT('',(-0.935205655074,59.88997852047,0.));
#1080 = CARTESIAN_POINT('',(-1.295082433143,61.811098285971,
    14.510989880861));
#1081 = CARTESIAN_POINT('',(-5.446298495953,94.691135664696,
    7.401941138453));
#1082 = CARTESIAN_POINT('',(-6.142283377756,116.97266958476,
    78.60851866771));
#1083 = CARTESIAN_POINT('',(-11.97108454243,147.97050801358,
    114.36747083087));
#1084 = CARTESIAN_POINT('',(-13.16349263261,149.0580219961,
    157.35014795422));
#1085 = CARTESIAN_POINT('',(-12.09967175551,147.80871848888,
    206.93314269349));
#1086 = CARTESIAN_POINT('',(-10.14026066707,137.09592558055,210.));
#1087 = CARTESIAN_POINT('',(-0.983084515493,59.874863644969,0.));
#1088 = CARTESIAN_POINT('',(-1.3131796813,61.689911416743,
    14.510989880861));
#1089 = CARTESIAN_POINT('',(-5.769613790534,94.670368674828,
    7.401941138453));
#1090 = CARTESIAN_POINT('',(-6.334509908987,116.59398384571,
    78.60851866771));
#1091 = CARTESIAN_POINT('',(-12.58678803624,147.73678815074,
    114.36747083087));
#1092 = CARTESIAN_POINT('',(-13.81026411309,148.78631940243,
    157.35014795422));
#1093 = CARTESIAN_POINT('',(-12.7145797601,147.56499418696,
    206.93314269349));
#1094 = CARTESIAN_POINT('',(-10.63334598327,136.84551006226,210.));
#1095 = CARTESIAN_POINT('',(-1.036319764536,59.856937692277,0.));
#1096 = CARTESIAN_POINT('',(-1.329617284708,61.5547350104,
    14.510989880861));
#1097 = CARTESIAN_POINT('',(-6.130970164568,94.636500261832,
    7.401941138453));
#1098 = CARTESIAN_POINT('',(-6.536899081732,116.16479836788,
    78.60851866771));
#1099 = CARTESIAN_POINT('',(-13.26891273826,147.4567461052,
    114.36747083087));
#1100 = CARTESIAN_POINT('',(-14.52732790571,148.46876255738,
    157.35014795422));
#1101 = CARTESIAN_POINT('',(-13.39570058541,147.27476247309,
    206.93314269349));
#1102 = CARTESIAN_POINT('',(-11.17766160496,136.55141722516,210.));
#1103 = CARTESIAN_POINT('',(-1.098904656641,59.834041548927,0.));
#1104 = CARTESIAN_POINT('',(-1.343632598092,61.395113034095,
    14.510989880861));
#1105 = CARTESIAN_POINT('',(-6.557957528466,94.579524674326,
    7.401941138453));
#1106 = CARTESIAN_POINT('',(-6.757582040598,115.64763755637,
    78.60851866771));
#1107 = CARTESIAN_POINT('',(-14.06641470909,147.09529673208,
    114.36747083087));
#1108 = CARTESIAN_POINT('',(-15.367383809,148.07054149846,
    157.35014795422));
#1109 = CARTESIAN_POINT('',(-14.19199554152,146.90280038015,
    206.93314269349));
#1110 = CARTESIAN_POINT('',(-11.81122913715,136.18069724635,210.));
#1111 = CARTESIAN_POINT('',(-1.159856686545,59.808899183504,0.));
#1112 = CARTESIAN_POINT('',(-1.352141058317,61.238530867691,
    14.510989880861));
#1113 = CARTESIAN_POINT('',(-6.972829603953,94.498227419665,
    7.401941138453));
#1114 = CARTESIAN_POINT('',(-6.950639959258,115.12691169456,
    78.60851866771));
#1115 = CARTESIAN_POINT('',(-14.83371283663,146.69431649342,
    114.36747083087));
#1116 = CARTESIAN_POINT('',(-16.18269449898,147.64387486273,
    157.35014795422));
#1117 = CARTESIAN_POINT('',(-14.95891469661,146.493685684,
    206.93314269349));
#1118 = CARTESIAN_POINT('',(-12.41817542057,135.78192215064,210.));
#1119 = CARTESIAN_POINT('',(-1.199441585109,59.791339672735,0.));
#1120 = CARTESIAN_POINT('',(-1.355811045688,61.136624085425,
    14.510989880861));
#1121 = CARTESIAN_POINT('',(-7.24110259997,94.43435423376,7.401941138453
    ));
#1122 = CARTESIAN_POINT('',(-7.068528392668,114.78254089104,
    78.60851866771));
#1123 = CARTESIAN_POINT('',(-15.32697676702,146.41325951422,
    114.36747083087));
#1124 = CARTESIAN_POINT('',(-16.71165330767,147.34999835523,
    157.35014795422));
#1125 = CARTESIAN_POINT('',(-15.45260586832,146.20818636523,
    206.93314269349));
#1126 = CARTESIAN_POINT('',(-12.80790304079,135.50715390519,210.));
#1127 = CARTESIAN_POINT('',(-1.238701418948,59.773462139223,0.));
#1128 = CARTESIAN_POINT('',(-1.358842254471,61.035510027184,
    14.510989880861));
#1129 = CARTESIAN_POINT('',(-7.506656361839,94.366855494268,
    7.401941138453));
#1130 = CARTESIAN_POINT('',(-7.182833632114,114.43879358342,
    78.60851866771));
#1131 = CARTESIAN_POINT('',(-15.81419407458,146.12681418728,
    114.36747083087));
#1132 = CARTESIAN_POINT('',(-17.23613454678,147.05223725608,
    157.35014795422));
#1133 = CARTESIAN_POINT('',(-15.94053269047,145.91764381802,
    206.93314269349));
#1134 = CARTESIAN_POINT('',(-13.1927513508,135.22876874508,210.));
#1135 = CARTESIAN_POINT('',(-1.276341814955,59.755180592045,0.));
#1136 = CARTESIAN_POINT('',(-1.360329469412,60.938501945349,
    14.510989880861));
#1137 = CARTESIAN_POINT('',(-7.759939774357,94.291939323232,
    7.401941138453));
#1138 = CARTESIAN_POINT('',(-7.286206326955,114.10396343257,
    78.60851866771));
#1139 = CARTESIAN_POINT('',(-16.27647896622,145.83336137584,
    114.36747083087));
#1140 = CARTESIAN_POINT('',(-17.73852754116,146.75113689615,
    157.35014795422));
#1141 = CARTESIAN_POINT('',(-16.40417625788,145.62098590653,
    206.93314269349));
#1142 = CARTESIAN_POINT('',(-13.55756404353,134.94746209517,210.));
#1143 = CARTESIAN_POINT('',(-1.334277822114,59.725188273981,0.));
#1144 = CARTESIAN_POINT('',(-1.360973180461,60.789426952906,
    14.510989880861));
#1145 = CARTESIAN_POINT('',(-8.147328883463,94.160430704033,
    7.401941138453));
#1146 = CARTESIAN_POINT('',(-7.437105031143,113.58147187122,
    78.60851866771));
#1147 = CARTESIAN_POINT('',(-16.98091162334,145.35254806953,
    114.36747083087));
#1148 = CARTESIAN_POINT('',(-18.51011267848,146.26177923202,
    157.35014795422));
#1149 = CARTESIAN_POINT('',(-17.11154316531,145.13609040728,
    206.93314269349));
#1150 = CARTESIAN_POINT('',(-14.11307101916,134.49219329728,210.));
#1151 = CARTESIAN_POINT('',(-1.376531837342,59.701918992878,0.));
#1152 = CARTESIAN_POINT('',(-1.360330732338,60.680954460879,
    14.510989880861));
#1153 = CARTESIAN_POINT('',(-8.427928646011,94.052368977784,
    7.401941138453));
#1154 = CARTESIAN_POINT('',(-7.541317998489,113.19530481986,
    78.60851866771));
#1155 = CARTESIAN_POINT('',(-17.48937810585,144.98014354836,
    114.36747083087));
#1156 = CARTESIAN_POINT('',(-19.07171174162,145.88552988068,
    157.35014795422));
#1157 = CARTESIAN_POINT('',(-17.62280278898,144.76134442298,
    206.93314269349));
#1158 = CARTESIAN_POINT('',(-14.51381363967,134.14356730961,210.));
#1159 = CARTESIAN_POINT('',(-1.440902740457,59.663912232145,0.));
#1160 = CARTESIAN_POINT('',(-1.357953604848,60.514769754734,
    14.510989880861));
#1161 = CARTESIAN_POINT('',(-8.8517316615,93.868415935793,7.401941138453
    ));
#1162 = CARTESIAN_POINT('',(-7.69153235714,112.59682368852,
    78.60851866771));
#1163 = CARTESIAN_POINT('',(-18.25502559574,144.37574893589,
    114.36747083087));
#1164 = CARTESIAN_POINT('',(-19.92610792343,145.27697284367,
    157.35014795422));
#1165 = CARTESIAN_POINT('',(-18.39396428979,144.1540482186,
    206.93314269349));
#1166 = CARTESIAN_POINT('',(-15.11722875883,133.5835100322,210.));
#1167 = CARTESIAN_POINT('',(-1.486879611296,59.634714315646,0.));
#1168 = CARTESIAN_POINT('',(-1.355327742577,60.394889782629,
    14.510989880861));
#1169 = CARTESIAN_POINT('',(-9.151309285068,93.722307600326,
    7.401941138453));
#1170 = CARTESIAN_POINT('',(-7.792544521328,112.16093371877,
    78.60851866771));
#1171 = CARTESIAN_POINT('',(-18.79466573089,143.91495160391,
    114.36747083087));
#1172 = CARTESIAN_POINT('',(-20.53552846546,144.81370254552,
    157.35014795422));
#1173 = CARTESIAN_POINT('',(-18.93858609277,143.69155638641,
    206.93314269349));
#1174 = CARTESIAN_POINT('',(-15.54263815444,133.16053654333,210.));
#1175 = CARTESIAN_POINT('',(-1.52743182952,59.60725479596,0.));
#1176 = CARTESIAN_POINT('',(-1.352463810882,60.288281620705,
    14.510989880861));
#1177 = CARTESIAN_POINT('',(-9.412785634948,93.581715899052,
    7.401941138453));
#1178 = CARTESIAN_POINT('',(-7.877688810356,111.76912486889,
    78.60851866771));
#1179 = CARTESIAN_POINT('',(-19.26457400448,143.48562270158,
    114.36747083087));
#1180 = CARTESIAN_POINT('',(-21.07256081606,144.38084061242,
    157.35014795422));
#1181 = CARTESIAN_POINT('',(-19.41382498584,143.26072993145,
    206.93314269349));
#1182 = CARTESIAN_POINT('',(-15.91345503083,132.76899303338,210.));
#1183 = CARTESIAN_POINT('',(-1.567853447751,59.579234725872,0.));
#1184 = CARTESIAN_POINT('',(-1.349452186264,60.181653670699,
    14.510989880861));
#1185 = CARTESIAN_POINT('',(-9.67235261167,93.437178612257,
    7.401941138453));
#1186 = CARTESIAN_POINT('',(-7.961190736148,111.37574697714,
    78.60851866771));
#1187 = CARTESIAN_POINT('',(-19.73065792703,143.04910611832,
    114.36747083087));
#1188 = CARTESIAN_POINT('',(-21.60770116434,143.94010236541,
    157.35014795422));
#1189 = CARTESIAN_POINT('',(-19.88558589633,142.82268609294,
    206.93314269349));
#1190 = CARTESIAN_POINT('',(-16.28142969624,132.37174929535,210.));
#1191 = CARTESIAN_POINT('',(-1.607310513662,59.550235864824,0.));
#1192 = CARTESIAN_POINT('',(-1.346161676184,60.076649498658,
    14.510989880861));
#1193 = CARTESIAN_POINT('',(-9.923047030528,93.284956540109,
    7.401941138453));
#1194 = CARTESIAN_POINT('',(-8.039402789929,110.98459619035,
    78.60851866771));
#1195 = CARTESIAN_POINT('',(-20.17992185681,142.60129632791,
    114.36747083087));
#1196 = CARTESIAN_POINT('',(-22.12953852045,143.48645416067,
    157.35014795422));
#1197 = CARTESIAN_POINT('',(-20.34127092215,142.37330340602,
    206.93314269349));
#1198 = CARTESIAN_POINT('',(-16.63648839821,131.9664371271,210.));
#1199 = CARTESIAN_POINT('',(-1.666344614142,59.504209333144,0.));
#1200 = CARTESIAN_POINT('',(-1.341057010319,59.918080442034,
    14.510989880861));
#1201 = CARTESIAN_POINT('',(-10.29407792638,93.039618735297,
    7.401941138453));
#1202 = CARTESIAN_POINT('',(-8.152541747645,110.3881094562,
    78.60851866771));
#1203 = CARTESIAN_POINT('',(-20.84430630056,141.89688438095,
    114.36747083087));
#1204 = CARTESIAN_POINT('',(-22.90847374804,142.77102588118,
    157.35014795422));
#1205 = CARTESIAN_POINT('',(-21.0162932153,141.66648428191,
    206.93314269349));
#1206 = CARTESIAN_POINT('',(-17.16210195703,131.33225458097,210.));
#1207 = CARTESIAN_POINT('',(-1.706273040121,59.471256960164,0.));
#1208 = CARTESIAN_POINT('',(-1.337568073402,59.809813211583,
    14.510989880861));
#1209 = CARTESIAN_POINT('',(-10.5422538771,92.86159719221,7.401941138453
    ));
#1210 = CARTESIAN_POINT('',(-8.226675104468,109.97692271792,
    78.60851866771));
#1211 = CARTESIAN_POINT('',(-21.28847331144,141.39678592742,
    114.36747083087));
#1212 = CARTESIAN_POINT('',(-23.43424244763,142.26183301654,
    157.35014795422));
#1213 = CARTESIAN_POINT('',(-21.46837026634,141.16470822916,
    206.93314269349));
#1214 = CARTESIAN_POINT('',(-17.51392006658,130.88421427484,210.));
#1215 = CARTESIAN_POINT('',(-1.764654881921,59.420240660391,0.));
#1216 = CARTESIAN_POINT('',(-1.332224017098,59.648827606949,
    14.510989880861));
#1217 = CARTESIAN_POINT('',(-10.90185049623,92.584238773259,
    7.401941138453));
#1218 = CARTESIAN_POINT('',(-8.331987626051,109.36223967054,
    78.60851866771));
#1219 = CARTESIAN_POINT('',(-21.93130786767,140.6299737824,
    114.36747083087));
#1220 = CARTESIAN_POINT('',(-24.20198850642,141.47748280324,
    157.35014795422));
#1221 = CARTESIAN_POINT('',(-22.12373782808,140.39504269385,
    206.93314269349));
#1222 = CARTESIAN_POINT('',(-18.02367419038,130.19974895006,210.));
#1223 = CARTESIAN_POINT('',(-1.804524019758,59.383299606001,0.));
#1224 = CARTESIAN_POINT('',(-1.328350023986,59.536666571874,
    14.510989880861));
#1225 = CARTESIAN_POINT('',(-11.14513700704,92.382569845224,
    7.401941138453));
#1226 = CARTESIAN_POINT('',(-8.401730771667,108.93223292006,
    78.60851866771));
#1227 = CARTESIAN_POINT('',(-22.36556824428,140.08022080781,
    114.36747083087));
#1228 = CARTESIAN_POINT('',(-24.72550618676,140.9121947589,
    157.35014795422));
#1229 = CARTESIAN_POINT('',(-22.56724179272,139.84296655952,
    206.93314269349));
#1230 = CARTESIAN_POINT('',(-18.36844396042,129.71065791733,210.));
#1231 = CARTESIAN_POINT('',(-1.841052481641,59.347544418937,0.));
#1232 = CARTESIAN_POINT('',(-1.324728414296,59.431917357046,
    14.510989880861));
#1233 = CARTESIAN_POINT('',(-11.36611062195,92.186998059585,
    7.401941138453));
#1234 = CARTESIAN_POINT('',(-8.464061993069,108.52832608783,
    78.60851866771));
#1235 = CARTESIAN_POINT('',(-22.75964133051,139.55367092086,
    114.36747083087));
#1236 = CARTESIAN_POINT('',(-25.20438815498,140.36702161794,
    157.35014795422));
#1237 = CARTESIAN_POINT('',(-22.97031395421,139.31373212842,
    206.93314269349));
#1238 = CARTESIAN_POINT('',(-18.68164380602,129.24318226013,210.));
#1239 = CARTESIAN_POINT('',(-1.877630432098,59.311004874727,0.));
#1240 = CARTESIAN_POINT('',(-1.321084321618,59.326222793738,
    14.510989880861));
#1241 = CARTESIAN_POINT('',(-11.58665697922,91.987039645707,
    7.401941138453));
#1242 = CARTESIAN_POINT('',(-8.525917407977,108.11997553352,
    78.60851866771));
#1243 = CARTESIAN_POINT('',(-23.15283787205,139.01768867713,
    114.36747083087));
#1244 = CARTESIAN_POINT('',(-25.68361549647,139.81057294255,
    157.35014795422));
#1245 = CARTESIAN_POINT('',(-23.37271605026,138.77482389182,
    206.93314269349));
#1246 = CARTESIAN_POINT('',(-18.99427308888,128.76764393451,210.));
#1247 = CARTESIAN_POINT('',(-1.922063920421,59.264270039969,0.));
#1248 = CARTESIAN_POINT('',(-1.316627913508,59.195256342088,
    14.510989880861));
#1249 = CARTESIAN_POINT('',(-11.85228693923,91.730975861133,
    7.401941138453));
#1250 = CARTESIAN_POINT('',(-8.599378348347,107.61145731922,
    78.60851866771));
#1251 = CARTESIAN_POINT('',(-23.62610258566,138.33870838089,
    114.36747083087));
#1252 = CARTESIAN_POINT('',(-26.26478330091,139.10118422017,
    157.35014795422));
#1253 = CARTESIAN_POINT('',(-23.85776099807,138.09156701783,
    206.93314269349));
#1254 = CARTESIAN_POINT('',(-19.37096171114,128.16635740478,210.));
#1255 = CARTESIAN_POINT('',(-1.974651873559,59.205106568983,0.));
#1256 = CARTESIAN_POINT('',(-1.311525461431,59.035955949383,
    14.510989880861));
#1257 = CARTESIAN_POINT('',(-12.1632332931,91.406231748336,
    7.401941138453));
#1258 = CARTESIAN_POINT('',(-8.684477578431,106.98884520743,
    78.60851866771));
#1259 = CARTESIAN_POINT('',(-24.18008670134,137.48877631008,
    114.36747083087));
#1260 = CARTESIAN_POINT('',(-26.95090871092,138.20827858699,
    157.35014795422));
#1261 = CARTESIAN_POINT('',(-24.4264800021,137.23574536771,
    206.93314269349));
#1262 = CARTESIAN_POINT('',(-19.81254119166,127.41569003578,210.));
#1263 = CARTESIAN_POINT('',(-2.016038326165,59.156131096519,0.));
#1264 = CARTESIAN_POINT('',(-1.307725889513,58.907816443786,
    14.510989880861));
#1265 = CARTESIAN_POINT('',(-12.40589803493,91.137088133333,
    7.401941138453));
#1266 = CARTESIAN_POINT('',(-8.750696147075,106.48563620039,
    78.60851866771));
#1267 = CARTESIAN_POINT('',(-24.61258668837,136.79075505374,
    114.36747083087));
#1268 = CARTESIAN_POINT('',(-27.49011773804,137.4719419797,
    157.35014795422));
#1269 = CARTESIAN_POINT('',(-24.87106447444,136.53254796612,
    206.93314269349));
#1270 = CARTESIAN_POINT('',(-20.15773896898,126.80033937539,210.));
#1271 = CARTESIAN_POINT('',(-2.063627532257,59.097087988991,0.));
#1272 = CARTESIAN_POINT('',(-1.303432063553,58.756965007227,
    14.510989880861));
#1273 = CARTESIAN_POINT('',(-12.68312195746,90.812682793245,
    7.401941138453));
#1274 = CARTESIAN_POINT('',(-8.82601362705,105.89142669895,
    78.60851866771));
#1275 = CARTESIAN_POINT('',(-25.10657168692,135.95530278671,
    114.36747083087));
#1276 = CARTESIAN_POINT('',(-28.10944652206,136.58687099635,
    157.35014795422));
#1277 = CARTESIAN_POINT('',(-25.37941797485,135.69043903737,
    206.93314269349));
#1278 = CARTESIAN_POINT('',(-20.55242670104,126.06486262544,210.));
#1279 = CARTESIAN_POINT('',(-2.101959187164,59.046583252838,0.));
#1280 = CARTESIAN_POINT('',(-1.29988244591,58.631333749311,
    14.510989880861));
#1281 = CARTESIAN_POINT('',(-12.90485847759,90.535760577453,
    7.401941138453));
#1282 = CARTESIAN_POINT('',(-8.885780639901,105.39549574273,
    78.60851866771));
#1283 = CARTESIAN_POINT('',(-25.50125653235,135.24724161241,
    114.36747083087));
#1284 = CARTESIAN_POINT('',(-28.60746759954,135.83234128981,
    157.35014795422));
#1285 = CARTESIAN_POINT('',(-25.78610206765,134.97615903617,
    206.93314269349));
#1286 = CARTESIAN_POINT('',(-20.86812573603,125.4423833589,210.));
#1287 = CARTESIAN_POINT('',(-2.131435872763,59.005895456349,0.));
#1288 = CARTESIAN_POINT('',(-1.297166982851,58.532136987317,
    14.510989880861));
#1289 = CARTESIAN_POINT('',(-13.07452810728,90.313127727635,
    7.401941138453));
#1290 = CARTESIAN_POINT('',(-8.931227671225,105.00282276716,
    78.60851866771));
#1291 = CARTESIAN_POINT('',(-25.80316669546,134.68102403707,
    114.36747083087));
#1292 = CARTESIAN_POINT('',(-28.98985476563,135.22583400883,
    157.35014795422));
#1293 = CARTESIAN_POINT('',(-26.09742270171,134.40452953972,
    206.93314269349));
#1294 = CARTESIAN_POINT('',(-21.10974693755,124.94490540538,210.));
#1295 = CARTESIAN_POINT('',(-2.161077554217,58.964258792289,0.));
#1296 = CARTESIAN_POINT('',(-1.294438337968,58.431352934001,
    14.510989880861));
#1297 = CARTESIAN_POINT('',(-13.244834747,90.085491289896,7.401941138453
    ));
#1298 = CARTESIAN_POINT('',(-8.976734431382,104.60349596009,
    78.60851866771));
#1299 = CARTESIAN_POINT('',(-26.10618929905,134.10320560524,
    114.36747083087));
#1300 = CARTESIAN_POINT('',(-29.37414644004,134.60567192872,
    157.35014795422));
#1301 = CARTESIAN_POINT('',(-26.40997052176,133.82101326586,
    206.93314269349));
#1302 = CARTESIAN_POINT('',(-21.35229933496,124.43732533103,210.));
#1303 = CARTESIAN_POINT('',(-2.209255997387,58.893482211304,0.));
#1304 = CARTESIAN_POINT('',(-1.290028324139,58.263092810914,
    14.510989880861));
#1305 = CARTESIAN_POINT('',(-13.52031462494,89.699301108091,
    7.401941138453));
#1306 = CARTESIAN_POINT('',(-9.049923235519,103.93522361941,
    78.60851866771));
#1307 = CARTESIAN_POINT('',(-26.59627630432,133.12765463178,
    114.36747083087));
#1308 = CARTESIAN_POINT('',(-29.99781020773,133.55371176175,
    157.35014795422));
#1309 = CARTESIAN_POINT('',(-26.91580758878,132.83514390279,
    206.93314269349));
#1310 = CARTESIAN_POINT('',(-21.74480830803,123.58087689337,210.));
#1311 = CARTESIAN_POINT('',(-2.25143379824,58.826218982034,0.));
#1312 = CARTESIAN_POINT('',(-1.286353794681,58.108094226218,
    14.510989880861));
#1313 = CARTESIAN_POINT('',(-13.75934415234,89.333209034605,
    7.401941138453));
#1314 = CARTESIAN_POINT('',(-9.113207560963,103.31684902994,
    78.60851866771));
#1315 = CARTESIAN_POINT('',(-27.02160152716,132.21037511801,
    114.36747083087));
#1316 = CARTESIAN_POINT('',(-30.54274966091,132.55902568274,
    157.35014795422));
#1317 = CARTESIAN_POINT('',(-27.35540621694,131.90744024255,
    206.93314269349));
#1318 = CARTESIAN_POINT('',(-22.08591339952,122.77674488176,210.));
#1319 = CARTESIAN_POINT('',(-2.294320737015,58.754691696795,0.));
#1320 = CARTESIAN_POINT('',(-1.282828605714,57.945777187957,
    14.510989880861));
#1321 = CARTESIAN_POINT('',(-14.00124999995,88.944292257275,
    7.401941138453));
#1322 = CARTESIAN_POINT('',(-9.177494724653,102.6678504729,
    78.60851866771));
#1323 = CARTESIAN_POINT('',(-27.45226802589,131.23982343613,
    114.36747083087));
#1324 = CARTESIAN_POINT('',(-31.09646445999,131.50340787555,
    157.35014795422));
#1325 = CARTESIAN_POINT('',(-27.80084854483,130.92544055563,
    206.93314269349));
#1326 = CARTESIAN_POINT('',(-22.431608204,121.92649587565,210.));
#1327 = CARTESIAN_POINT('',(-2.329858643641,58.692966081634,0.));
#1328 = CARTESIAN_POINT('',(-1.280074301185,57.807580669386,
    14.510989880861));
#1329 = CARTESIAN_POINT('',(-14.20080900006,88.608958812233,
    7.401941138453));
#1330 = CARTESIAN_POINT('',(-9.230723214381,102.11421033821,
    78.60851866771));
#1331 = CARTESIAN_POINT('',(-27.80772225542,130.40592551947,
    114.36747083087));
#1332 = CARTESIAN_POINT('',(-31.5549939377,130.59403739315,
    157.35014795422));
#1333 = CARTESIAN_POINT('',(-28.16875187948,130.08139114913,
    206.93314269349));
#1334 = CARTESIAN_POINT('',(-22.71717155535,121.19640096365,210.));
#1335 = CARTESIAN_POINT('',(-2.367291653666,58.623199107614,0.));
#1336 = CARTESIAN_POINT('',(-1.277111860125,57.654360453963,
    14.510989880861));
#1337 = CARTESIAN_POINT('',(-14.41008001637,88.231132117339,
    7.401941138453));
#1338 = CARTESIAN_POINT('',(-9.286490081521,101.49951028359,
    78.60851866771));
#1339 = CARTESIAN_POINT('',(-28.18015899563,129.47049798762,
    114.36747083087));
#1340 = CARTESIAN_POINT('',(-32.03723897493,129.56890224342,
    157.35014795422));
#1341 = CARTESIAN_POINT('',(-28.55453190027,129.13386830871,
    206.93314269349));
#1342 = CARTESIAN_POINT('',(-23.01661113234,120.37793234815,210.));
#1343 = CARTESIAN_POINT('',(-2.388766264404,58.581550759333,0.));
#1344 = CARTESIAN_POINT('',(-1.275425073177,57.563836470811,
    14.510989880861));
#1345 = CARTESIAN_POINT('',(-14.52988171109,88.005991529618,
    7.401941138453));
#1346 = CARTESIAN_POINT('',(-9.318349163918,101.13586304159,
    78.60851866771));
#1347 = CARTESIAN_POINT('',(-28.39335192987,128.91442514117,
    114.36747083087));
#1348 = CARTESIAN_POINT('',(-32.31361000428,128.95773407272,
    157.35014795422));
#1349 = CARTESIAN_POINT('',(-28.77541511512,128.57034843695,
    206.93314269349));
#1350 = CARTESIAN_POINT('',(-23.18804139628,119.89147745421,210.));
#1351 = CARTESIAN_POINT('',(-2.410443334223,58.538871236486,0.));
#1352 = CARTESIAN_POINT('',(-1.273723096344,57.471416560397,
    14.510989880861));
#1353 = CARTESIAN_POINT('',(-14.65072144885,87.775435110982,
    7.401941138453));
#1354 = CARTESIAN_POINT('',(-9.3504526252,100.76443655857,78.60851866771
    ));
#1355 = CARTESIAN_POINT('',(-28.60839435992,128.34547847802,
    114.36747083087));
#1356 = CARTESIAN_POINT('',(-32.59247141146,128.33172932976,
    157.35014795422));
#1357 = CARTESIAN_POINT('',(-28.99822944987,127.99368157613,
    206.93314269349));
#1358 = CARTESIAN_POINT('',(-23.36096146594,119.39378645042,210.));
#1359 = CARTESIAN_POINT('',(-2.445752548019,58.466585835419,0.));
#1360 = CARTESIAN_POINT('',(-1.270961337898,57.31635428101,
    14.510989880861));
#1361 = CARTESIAN_POINT('',(-14.84715567184,87.385597102696,
    7.401941138453));
#1362 = CARTESIAN_POINT('',(-9.402524729807,100.14054854248,
    78.60851866771));
#1363 = CARTESIAN_POINT('',(-28.95797553948,127.38560470016,
    114.36747083087));
#1364 = CARTESIAN_POINT('',(-33.04626005671,127.27281070451,
    157.35014795422));
#1365 = CARTESIAN_POINT('',(-29.36051818101,127.02037618528,
    206.93314269349));
#1366 = CARTESIAN_POINT('',(-23.64211885672,118.55430310814,210.));
#1367 = CARTESIAN_POINT('',(-2.489954095126,58.369278368489,0.));
#1368 = CARTESIAN_POINT('',(-1.267624318995,57.11101551031,
    14.510989880861));
#1369 = CARTESIAN_POINT('',(-15.09204725396,86.862033195111,
    7.401941138453));
#1370 = CARTESIAN_POINT('',(-9.467447146232,99.312557424137,
    78.60851866771));
#1371 = CARTESIAN_POINT('',(-29.39387089757,126.10137242995,
    114.36747083087));
#1372 = CARTESIAN_POINT('',(-33.61396994501,125.85140592727,
    157.35014795422));
#1373 = CARTESIAN_POINT('',(-29.81256873908,125.7175361895,
    206.93314269349));
#1374 = CARTESIAN_POINT('',(-23.99295124057,117.43180106423,210.));
#1375 = CARTESIAN_POINT('',(-2.532158206092,58.269450229488,0.));
#1376 = CARTESIAN_POINT('',(-1.264632057239,56.903338477152,
    14.510989880861));
#1377 = CARTESIAN_POINT('',(-15.32487757471,86.325781742812,
    7.401941138453));
#1378 = CARTESIAN_POINT('',(-9.529458825496,98.473523630726,
    78.60851866771));
#1379 = CARTESIAN_POINT('',(-29.80850447024,124.79047424172,
    114.36747083087));
#1380 = CARTESIAN_POINT('',(-34.15561382877,124.39602775207,
    157.35014795422));
#1381 = CARTESIAN_POINT('',(-30.2428431061,124.38702830934,
    206.93314269349));
#1382 = CARTESIAN_POINT('',(-24.32694181634,116.28656616685,210.));
#1383 = CARTESIAN_POINT('',(-2.567144136625,58.181105999425,0.));
#1384 = CARTESIAN_POINT('',(-1.262354930126,56.721710366451,
    14.510989880861));
#1385 = CARTESIAN_POINT('',(-15.51715400002,85.851921107573,
    7.401941138453));
#1386 = CARTESIAN_POINT('',(-9.581089579204,97.738590923523,
    78.60851866771));
#1387 = CARTESIAN_POINT('',(-30.15116989138,123.63528680058,
    114.36747083087));
#1388 = CARTESIAN_POINT('',(-34.60435390985,123.11016622438,
    157.35014795422));
#1389 = CARTESIAN_POINT('',(-30.59862543501,123.21409349247,
    206.93314269349));
#1390 = CARTESIAN_POINT('',(-24.60318601345,115.27776032107,210.));
#1391 = CARTESIAN_POINT('',(-2.591514191392,58.115727844938,0.));
#1392 = CARTESIAN_POINT('',(-1.260741835275,56.588509221276,
    14.510989880861));
#1393 = CARTESIAN_POINT('',(-15.65090338368,85.501886328322,
    7.401941138453));
#1394 = CARTESIAN_POINT('',(-9.617065022024,97.199240112751,
    78.60851866771));
#1395 = CARTESIAN_POINT('',(-30.38942055631,122.78359856248,
    114.36747083087));
#1396 = CARTESIAN_POINT('',(-34.9166859105,122.15982785816,
    157.35014795422));
#1397 = CARTESIAN_POINT('',(-30.84605234842,122.34898868066,
    206.93314269349));
#1398 = CARTESIAN_POINT('',(-24.7953081097,114.53415660001,210.));
#1399 = CARTESIAN_POINT('',(-2.60553234322,58.076794666809,0.));
#1400 = CARTESIAN_POINT('',(-1.259818182586,56.50957489224,
    14.510989880861));
#1401 = CARTESIAN_POINT('',(-15.72779640112,85.293647569134,
    7.401941138453));
#1402 = CARTESIAN_POINT('',(-9.637734932746,96.879432870803,
    78.60851866771));
#1403 = CARTESIAN_POINT('',(-30.52639227893,122.27745638959,
    114.36747083087));
#1404 = CARTESIAN_POINT('',(-35.09624778944,121.59427540155,
    157.35014795422));
#1405 = CARTESIAN_POINT('',(-30.98829956484,121.83475796896,
    206.93314269349));
#1406 = CARTESIAN_POINT('',(-24.90575405578,114.09227613011,210.));
#1407 = CARTESIAN_POINT('',(-2.619727867018,58.036844369797,0.));
#1408 = CARTESIAN_POINT('',(-1.258882165567,56.428722440683,
    14.510989880861));
#1409 = CARTESIAN_POINT('',(-15.80564837873,85.0800492172,7.401941138453
    ));
#1410 = CARTESIAN_POINT('',(-9.658653768872,96.551787697558,
    78.60851866771));
#1411 = CARTESIAN_POINT('',(-30.66507602566,121.75849105091,
    114.36747083087));
#1412 = CARTESIAN_POINT('',(-35.27804150006,121.01409082686,
    157.35014795422));
#1413 = CARTESIAN_POINT('',(-31.13232257762,121.30745423365,
    206.93314269349));
#1414 = CARTESIAN_POINT('',(-25.0175752703,113.63920907959,210.));
#1415 = CARTESIAN_POINT('',(-2.642918151133,57.969295721223,0.));
#1416 = CARTESIAN_POINT('',(-1.257353160346,56.29263160964,
    14.510989880861));
#1417 = CARTESIAN_POINT('',(-15.93276376614,84.719227425106,
    7.401941138453));
#1418 = CARTESIAN_POINT('',(-9.692779127451,96.000004560726,
    78.60851866771));
#1419 = CARTESIAN_POINT('',(-30.89153228355,120.88269804747,
    114.36747083087));
#1420 = CARTESIAN_POINT('',(-35.5748808542,120.03374349831,
    157.35014795422));
#1421 = CARTESIAN_POINT('',(-31.36749445757,120.41740626847,
    206.93314269349));
#1422 = CARTESIAN_POINT('',(-25.20016702617,112.87468517724,210.));
#1423 = CARTESIAN_POINT('',(-2.685644812738,57.836485945147,0.));
#1424 = CARTESIAN_POINT('',(-1.254593323208,56.02717603341,
    14.510989880861));
#1425 = CARTESIAN_POINT('',(-16.16662367717,84.010751300964,
    7.401941138453));
#1426 = CARTESIAN_POINT('',(-9.755598675271,94.922596815602,
    78.60851866771));
#1427 = CARTESIAN_POINT('',(-31.30819765018,119.16605583306,
    114.36747083087));
#1428 = CARTESIAN_POINT('',(-36.12181688994,118.10896894554,
    157.35014795422));
#1429 = CARTESIAN_POINT('',(-31.80032391585,118.67237649348,
    206.93314269349));
#1430 = CARTESIAN_POINT('',(-25.53623496179,111.37650416952,210.));
#1431 = CARTESIAN_POINT('',(-2.723997896511,57.703211265962,0.));
#1432 = CARTESIAN_POINT('',(-1.252251684878,55.763883099711,
    14.510989880861));
#1433 = CARTESIAN_POINT('',(-16.37586411392,83.300933386529,
    7.401941138453));
#1434 = CARTESIAN_POINT('',(-9.812031467927,93.8523101865,78.60851866771
    ));
#1435 = CARTESIAN_POINT('',(-31.68114460912,117.45069392652,
    114.36747083087));
#1436 = CARTESIAN_POINT('',(-36.61244853107,116.18062468089,
    157.35014795422));
#1437 = CARTESIAN_POINT('',(-32.18792192013,116.92794557675,
    206.93314269349));
#1438 = CARTESIAN_POINT('',(-25.83722709185,109.87997535642,210.));
#1439 = CARTESIAN_POINT('',(-2.755391339873,57.582258121193,0.));
#1440 = CARTESIAN_POINT('',(-1.250515154933,55.527025699382,
    14.510989880861));
#1441 = CARTESIAN_POINT('',(-16.54671830494,82.657631006836,
    7.401941138453));
#1442 = CARTESIAN_POINT('',(-9.858585990227,92.88842743752,
    78.60851866771));
#1443 = CARTESIAN_POINT('',(-31.98592085849,115.89908466807,
    114.36747083087));
#1444 = CARTESIAN_POINT('',(-37.0139091148,114.43277049582,
    157.35014795422));
#1445 = CARTESIAN_POINT('',(-32.50476429587,115.34953174195,
    206.93314269349));
#1446 = CARTESIAN_POINT('',(-26.08335364205,108.52663391565,210.));
#1447 = CARTESIAN_POINT('',(-2.769117758181,57.526465719349,0.));
#1448 = CARTESIAN_POINT('',(-1.249750311253,55.418178131755,
    14.510989880861));
#1449 = CARTESIAN_POINT('',(-16.62140974588,82.361134996045,
    7.401941138453));
#1450 = CARTESIAN_POINT('',(-9.878979072603,92.445342323744,
    78.60851866771));
#1451 = CARTESIAN_POINT('',(-32.11913460744,115.1844987789,
    114.36747083087));
#1452 = CARTESIAN_POINT('',(-37.18939013129,113.62698667412,
    157.35014795422));
#1453 = CARTESIAN_POINT('',(-32.64325426904,114.62248225242,
    206.93314269349));
#1454 = CARTESIAN_POINT('',(-26.19094001552,107.90340590464,210.));
#1455 = CARTESIAN_POINT('',(-2.777034215317,57.493275831051,0.));
#1456 = CARTESIAN_POINT('',(-1.249311056159,55.353558816043,
    14.510989880861));
#1457 = CARTESIAN_POINT('',(-16.66448718366,82.184832701046,
    7.401941138453));
#1458 = CARTESIAN_POINT('',(-9.89074283494,92.182231867083,
    78.60851866771));
#1459 = CARTESIAN_POINT('',(-32.19596703645,114.75977275377,
    114.36747083087));
#1460 = CARTESIAN_POINT('',(-37.29057323235,113.14778141529,
    157.35014795422));
#1461 = CARTESIAN_POINT('',(-32.72312538138,114.19030781391,
    206.93314269349));
#1462 = CARTESIAN_POINT('',(-26.2529870795,107.5329891332,210.));
#1463 = CARTESIAN_POINT('',(-2.785070324671,57.459182177303,0.));
#1464 = CARTESIAN_POINT('',(-1.24886512859,55.287229426095,
    14.510989880861));
#1465 = CARTESIAN_POINT('',(-16.70821659576,82.003759509543,
    7.401941138453));
#1466 = CARTESIAN_POINT('',(-9.902684157511,91.912135391321,
    78.60851866771));
#1467 = CARTESIAN_POINT('',(-32.2739644903,114.32362259999,
    114.36747083087));
#1468 = CARTESIAN_POINT('',(-37.39327635098,112.65558058637,
    157.35014795422));
#1469 = CARTESIAN_POINT('',(-32.80420525176,113.74649317979,
    206.93314269349));
#1470 = CARTESIAN_POINT('',(-26.31597238386,107.15261186154,210.));
#1471 = CARTESIAN_POINT('',(-2.798235134767,57.401570902298,0.));
#1472 = CARTESIAN_POINT('',(-1.248135316381,55.175359149965,
    14.510989880861));
#1473 = CARTESIAN_POINT('',(-16.77985595491,81.697907316296,
    7.401941138453));
#1474 = CARTESIAN_POINT('',(-9.922246820071,91.456492808571,
    78.60851866771));
#1475 = CARTESIAN_POINT('',(-32.40175207973,113.5872157577,
    114.36747083087));
#1476 = CARTESIAN_POINT('',(-37.56149414635,111.82409943088,
    157.35014795422));
#1477 = CARTESIAN_POINT('',(-32.93703510185,112.99708084271,
    206.93314269349));
#1478 = CARTESIAN_POINT('',(-26.41916051538,106.51039320381,210.));
#1479 = CARTESIAN_POINT('',(-2.835808586574,57.227103153121,0.));
#1480 = CARTESIAN_POINT('',(-1.246081077198,54.837716717483,
    14.510989880861));
#1481 = CARTESIAN_POINT('',(-16.98426174101,80.772230153287,
    7.401941138453));
#1482 = CARTESIAN_POINT('',(-9.978121249186,90.080686081068,
    78.60851866771));
#1483 = CARTESIAN_POINT('',(-32.76639661042,111.36003995793,
    114.36747083087));
#1484 = CARTESIAN_POINT('',(-38.04169747986,109.30758798118,
    157.35014795422));
#1485 = CARTESIAN_POINT('',(-33.31610032388,110.73031883072,
    206.93314269349));
#1486 = CARTESIAN_POINT('',(-26.71364562631,104.56826410616,210.));
#1487 = CARTESIAN_POINT('',(-2.866841644698,57.054516756041,0.));
#1488 = CARTESIAN_POINT('',(-1.244479786786,54.506535989119,
    14.510989880861));
#1489 = CARTESIAN_POINT('',(-17.15277472553,79.857653632411,
    7.401941138453));
#1490 = CARTESIAN_POINT('',(-10.02440934987,88.729676819409,
    78.60851866771));
#1491 = CARTESIAN_POINT('',(-33.06713253945,109.16368583929,
    114.36747083087));
#1492 = CARTESIAN_POINT('',(-38.43817287832,106.82120106127,
    157.35014795422));
#1493 = CARTESIAN_POINT('',(-33.62880533146,108.49426284819,
    206.93314269349));
#1494 = CARTESIAN_POINT('',(-26.95661638489,102.65348167181,210.));
#1495 = CARTESIAN_POINT('',(-2.891077062426,56.894413150988,0.));
#1496 = CARTESIAN_POINT('',(-1.243362281535,54.200965387176,
    14.510989880861));
#1497 = CARTESIAN_POINT('',(-17.28427214298,79.010014933999,
    7.401941138453));
#1498 = CARTESIAN_POINT('',(-10.06095595502,87.482316178145,
    78.60851866771));
#1499 = CARTESIAN_POINT('',(-33.30201489088,107.13043449364,
    114.36747083087));
#1500 = CARTESIAN_POINT('',(-38.74781084874,104.5164797376,
    157.35014795422));
#1501 = CARTESIAN_POINT('',(-33.87304046829,106.42383170386,
    206.93314269349));
#1502 = CARTESIAN_POINT('',(-27.14645493551,100.88112732499,210.));
#1503 = CARTESIAN_POINT('',(-2.897142713698,56.852345978883,0.));
#1504 = CARTESIAN_POINT('',(-1.243078355348,54.120774829686,
    14.510989880861));
#1505 = CARTESIAN_POINT('',(-17.31719796007,78.787358065167,
    7.401941138453));
#1506 = CARTESIAN_POINT('',(-10.07011528596,87.154937976179,
    78.60851866771));
#1507 = CARTESIAN_POINT('',(-33.36081839795,106.59647339201,
    114.36747083087));
#1508 = CARTESIAN_POINT('',(-38.82530109487,103.91102790912,
    157.35014795422));
#1509 = CARTESIAN_POINT('',(-33.93418097663,105.88007768409,
    206.93314269349));
#1510 = CARTESIAN_POINT('',(-27.19397903673,100.41569218091,210.));
#1511 = CARTESIAN_POINT('',(-2.900648869123,56.827330277822,0.));
#1512 = CARTESIAN_POINT('',(-1.242913836001,54.073120545186,
    14.510989880861));
#1513 = CARTESIAN_POINT('',(-17.33623572372,78.654971897632,
    7.401941138453));
#1514 = CARTESIAN_POINT('',(-10.07540980262,86.960373346535,
    78.60851866771));
#1515 = CARTESIAN_POINT('',(-33.39481872221,106.27903722164,
    114.36747083087));
#1516 = CARTESIAN_POINT('',(-38.87008949814,103.55102486952,
    157.35014795422));
#1517 = CARTESIAN_POINT('',(-33.96952979937,105.55680994073,
    206.93314269349));
#1518 = CARTESIAN_POINT('',(-27.22145473831,100.13899656259,210.));
#1519 = CARTESIAN_POINT('',(-2.904214099871,56.801614713135,0.));
#1520 = CARTESIAN_POINT('',(-1.242746131453,54.024145073348,
    14.510989880861));
#1521 = CARTESIAN_POINT('',(-17.35559653183,78.518889309213,
    7.401941138453));
#1522 = CARTESIAN_POINT('',(-10.08079309433,86.760408798546,
    78.60851866771));
#1523 = CARTESIAN_POINT('',(-33.42939628028,105.95275457334,
    114.36747083087));
#1524 = CARTESIAN_POINT('',(-38.91563093056,103.18096350907,
    157.35014795422));
#1525 = CARTESIAN_POINT('',(-34.00547751926,105.22452941907,
    206.93314269349));
#1526 = CARTESIAN_POINT('',(-27.24939555427,99.854590618371,210.));
#1527 = CARTESIAN_POINT('',(-2.910068600726,56.758166183544,0.));
#1528 = CARTESIAN_POINT('',(-1.242469184031,53.941448909181,
    14.510989880861));
#1529 = CARTESIAN_POINT('',(-17.38739790291,78.288997485189,
    7.401941138453));
#1530 = CARTESIAN_POINT('',(-10.08963130477,86.422739094732,
    78.60851866771));
#1531 = CARTESIAN_POINT('',(-33.48619309685,105.40161978043,
    114.36747083087));
#1532 = CARTESIAN_POINT('',(-38.99041086991,102.55577465219,
    157.35014795422));
#1533 = CARTESIAN_POINT('',(-34.06452051531,104.66324777758,
    206.93314269349));
#1534 = CARTESIAN_POINT('',(-27.29528742138,99.374196126567,210.));
#1535 = CARTESIAN_POINT('',(-2.939091365436,56.530618128575,0.));
#1536 = CARTESIAN_POINT('',(-1.241093419155,53.508838471189,
    14.510989880861));
#1537 = CARTESIAN_POINT('',(-17.54507639903,77.085252476279,
    7.401941138453));
#1538 = CARTESIAN_POINT('',(-10.13343540488,84.65602050653,
    78.60851866771));
#1539 = CARTESIAN_POINT('',(-33.76779733083,102.51648098399,
    114.36747083087));
#1540 = CARTESIAN_POINT('',(-39.36122788113,99.282189279684,
    157.35014795422));
#1541 = CARTESIAN_POINT('',(-34.35726957691,101.72488091764,
    206.93314269349));
#1542 = CARTESIAN_POINT('',(-27.52282751263,96.859453211232,210.));
#1543 = CARTESIAN_POINT('',(-2.959396311312,56.307726079596,0.));
#1544 = CARTESIAN_POINT('',(-1.240111660329,53.087300977871,
    14.510989880861));
#1545 = CARTESIAN_POINT('',(-17.65526238261,75.907050725263,
    7.401941138453));
#1546 = CARTESIAN_POINT('',(-10.16393921108,82.933304702767,
    78.60851866771));
#1547 = CARTESIAN_POINT('',(-33.9645370324,99.695796443316,
    114.36747083087));
#1548 = CARTESIAN_POINT('',(-39.62056307269,96.077979898124,
    157.35014795422));
#1549 = CARTESIAN_POINT('',(-34.56183781471,98.851625992875,
    206.93314269349));
#1550 = CARTESIAN_POINT('',(-27.68181313312,94.401252928741,210.));
#1551 = CARTESIAN_POINT('',(-2.972810458038,56.097123742386,0.));
#1552 = CARTESIAN_POINT('',(-1.239413545888,52.689808408868,
    14.510989880861));
#1553 = CARTESIAN_POINT('',(-17.72794962581,74.794274877492,
    7.401941138453));
#1554 = CARTESIAN_POINT('',(-10.18385846188,81.30849514179,
    78.60851866771));
#1555 = CARTESIAN_POINT('',(-34.09422902522,97.032847210133,
    114.36747083087));
#1556 = CARTESIAN_POINT('',(-39.79179058813,93.051386104184,
    157.35014795422));
#1557 = CARTESIAN_POINT('',(-34.69673167346,96.138818175118,
    206.93314269349));
#1558 = CARTESIAN_POINT('',(-27.78661820093,92.080606944416,210.));
#1559 = CARTESIAN_POINT('',(-2.974308750644,56.072462327004,0.));
#1560 = CARTESIAN_POINT('',(-1.239338203707,52.643270491656,
    14.510989880861));
#1561 = CARTESIAN_POINT('',(-17.73606182425,74.663976463614,
    7.401941138453));
#1562 = CARTESIAN_POINT('',(-10.1860842876,81.118263273347,
    78.60851866771));
#1563 = CARTESIAN_POINT('',(-34.10870760791,96.721044103235,
    114.36747083087));
#1564 = CARTESIAN_POINT('',(-39.81091604178,92.696984167339,
    157.35014795422));
#1565 = CARTESIAN_POINT('',(-34.71179265733,95.821174185515,
    206.93314269349));
#1566 = CARTESIAN_POINT('',(-27.79832031136,91.808884277947,210.));
#1567 = CARTESIAN_POINT('',(-2.975175180138,56.057798793358,0.));
#1568 = CARTESIAN_POINT('',(-1.239295211815,52.615602029468,
    14.510989880861));
#1569 = CARTESIAN_POINT('',(-17.74075082434,74.586503964789,
    7.401941138453));
#1570 = CARTESIAN_POINT('',(-10.18737292308,81.005162334886,
    78.60851866771));
#1571 = CARTESIAN_POINT('',(-34.11707712566,96.535656485123,
    114.36747083087));
#1572 = CARTESIAN_POINT('',(-39.82197638721,92.486262035899,
    157.35014795422));
#1573 = CARTESIAN_POINT('',(-34.72049964258,95.632312760693,
    206.93314269349));
#1574 = CARTESIAN_POINT('',(-27.80508593189,91.64732708227,210.));
#1575 = CARTESIAN_POINT('',(-2.976056679096,56.042719549758,0.));
#1576 = CARTESIAN_POINT('',(-1.239251769014,52.58715017557,
    14.510989880861));
#1577 = CARTESIAN_POINT('',(-17.74552055119,74.506835956581,
    7.401941138453));
#1578 = CARTESIAN_POINT('',(-10.18868469456,80.888858685675,
    78.60851866771));
#1579 = CARTESIAN_POINT('',(-34.12559090434,96.345016482133,
    114.36747083087));
#1580 = CARTESIAN_POINT('',(-39.83322935743,92.269567150819,
    157.35014795422));
#1581 = CARTESIAN_POINT('',(-34.72935704997,95.438100135818,
    206.93314269349));
#1582 = CARTESIAN_POINT('',(-27.81196864399,91.48119262129,210.));
#1583 = CARTESIAN_POINT('',(-2.977504739672,56.017242013151,0.));
#1584 = CARTESIAN_POINT('',(-1.239181611315,52.539082938246,
    14.510989880861));
#1585 = CARTESIAN_POINT('',(-17.75335273542,74.37223415048,
    7.401941138453));
#1586 = CARTESIAN_POINT('',(-10.19084267837,80.69237061083,
    78.60851866771));
#1587 = CARTESIAN_POINT('',(-34.13957189552,96.022929578007,
    114.36747083087));
#1588 = CARTESIAN_POINT('',(-39.85171516288,91.90345003881,
    157.35014795422));
#1589 = CARTESIAN_POINT('',(-34.74390352104,95.109975693966,
    206.93314269349));
#1590 = CARTESIAN_POINT('',(-27.82327249557,91.200508036415,210.));
#1591 = CARTESIAN_POINT('',(-2.996334460834,55.667290447674,0.));
#1592 = CARTESIAN_POINT('',(-1.238288321171,51.87895368579,
    14.510989880861));
#1593 = CARTESIAN_POINT('',(-17.85517589639,72.52344431851,
    7.401941138453));
#1594 = CARTESIAN_POINT('',(-10.21897578511,77.993850058937,
    78.60851866771));
#1595 = CARTESIAN_POINT('',(-34.32136841172,91.599130704233,
    114.36747083087));
#1596 = CARTESIAN_POINT('',(-40.09198813271,86.874753736495,
    157.35014795422));
#1597 = CARTESIAN_POINT('',(-34.9330379201,90.603231447361,
    206.93314269349));
#1598 = CARTESIAN_POINT('',(-27.97025807615,87.345380374303,210.));
#1599 = CARTESIAN_POINT('',(-3.003523841294,55.,0.));
#1600 = CARTESIAN_POINT('',(-1.238460711401,50.622795358938,
    14.510989880861));
#1601 = CARTESIAN_POINT('',(-17.89505031502,68.998989115815,
    7.401941138453));
#1602 = CARTESIAN_POINT('',(-10.23209526774,72.857270313406,
    78.60851866771));
#1603 = CARTESIAN_POINT('',(-34.39350999848,83.169662155302,
    114.36747083087));
#1604 = CARTESIAN_POINT('',(-40.18463617452,77.288648327152,
    157.35014795422));
#1605 = CARTESIAN_POINT('',(-35.00768412726,82.015154727066,
    206.93314269349));
#1606 = CARTESIAN_POINT('',(-28.0285921974,80.000000000004,210.));
#1607 = CARTESIAN_POINT('',(-2.996334460834,54.332709552327,0.));
#1608 = CARTESIAN_POINT('',(-1.238288321171,49.366637032086,
    14.510989880861));
#1609 = CARTESIAN_POINT('',(-17.85517589639,65.47453391312,
    7.401941138453));
#1610 = CARTESIAN_POINT('',(-10.21897578512,67.720690567875,
    78.60851866771));
#1611 = CARTESIAN_POINT('',(-34.32136841172,74.740193606371,
    114.36747083087));
#1612 = CARTESIAN_POINT('',(-40.09198813271,67.702542917809,
    157.35014795422));
#1613 = CARTESIAN_POINT('',(-34.9330379201,73.427078006771,
    206.93314269349));
#1614 = CARTESIAN_POINT('',(-27.97025807615,72.654619625704,210.));
#1615 = CARTESIAN_POINT('',(-2.977504739672,53.982757986849,0.));
#1616 = CARTESIAN_POINT('',(-1.239181611315,48.706507779629,
    14.510989880861));
#1617 = CARTESIAN_POINT('',(-17.75335273542,63.625744081148,
    7.401941138453));
#1618 = CARTESIAN_POINT('',(-10.19084267837,65.022170015975,
    78.60851866771));
#1619 = CARTESIAN_POINT('',(-34.13957189552,70.316394732589,
    114.36747083087));
#1620 = CARTESIAN_POINT('',(-39.85171516288,62.673846615485,
    157.35014795422));
#1621 = CARTESIAN_POINT('',(-34.74390352104,68.920333760158,
    206.93314269349));
#1622 = CARTESIAN_POINT('',(-27.82327249557,68.799491963585,210.));
#1623 = CARTESIAN_POINT('',(-2.976056679096,53.957280450242,0.));
#1624 = CARTESIAN_POINT('',(-1.239251769014,48.658440542305,
    14.510989880861));
#1625 = CARTESIAN_POINT('',(-17.74552055119,63.491142275046,
    7.401941138453));
#1626 = CARTESIAN_POINT('',(-10.18868469456,64.82568194113,
    78.60851866771));
#1627 = CARTESIAN_POINT('',(-34.12559090434,69.994307828462,
    114.36747083087));
#1628 = CARTESIAN_POINT('',(-39.83322935743,62.307729503476,
    157.35014795422));
#1629 = CARTESIAN_POINT('',(-34.72935704997,68.592209318306,
    206.93314269349));
#1630 = CARTESIAN_POINT('',(-27.81196864399,68.51880737871,210.));
#1631 = CARTESIAN_POINT('',(-2.975175180138,53.942201206642,0.));
#1632 = CARTESIAN_POINT('',(-1.239295211815,48.629988688407,
    14.510989880861));
#1633 = CARTESIAN_POINT('',(-17.74075082434,63.411474266838,
    7.401941138453));
#1634 = CARTESIAN_POINT('',(-10.18737292308,64.709378291919,
    78.60851866771));
#1635 = CARTESIAN_POINT('',(-34.11707712566,69.803667825472,
    114.36747083087));
#1636 = CARTESIAN_POINT('',(-39.82197638721,62.091034618395,
    157.35014795422));
#1637 = CARTESIAN_POINT('',(-34.72049964258,68.397996693431,
    206.93314269349));
#1638 = CARTESIAN_POINT('',(-27.80508593189,68.35267291773,210.));
#1639 = CARTESIAN_POINT('',(-2.974308750644,53.927537672996,0.));
#1640 = CARTESIAN_POINT('',(-1.239338203707,48.602320226219,
    14.510989880861));
#1641 = CARTESIAN_POINT('',(-17.73606182425,63.334001768013,
    7.401941138453));
#1642 = CARTESIAN_POINT('',(-10.1860842876,64.596277353459,
    78.60851866771));
#1643 = CARTESIAN_POINT('',(-34.10870760791,69.61828020736,
    114.36747083087));
#1644 = CARTESIAN_POINT('',(-39.81091604178,61.880312486955,
    157.35014795422));
#1645 = CARTESIAN_POINT('',(-34.71179265733,68.20913526861,
    206.93314269349));
#1646 = CARTESIAN_POINT('',(-27.79832031136,68.191115722053,210.));
#1647 = CARTESIAN_POINT('',(-2.972810458038,53.902876257614,0.));
#1648 = CARTESIAN_POINT('',(-1.239413545888,48.555782309007,
    14.510989880861));
#1649 = CARTESIAN_POINT('',(-17.72794962581,63.203703354135,
    7.401941138453));
#1650 = CARTESIAN_POINT('',(-10.18385846188,64.406045485016,
    78.60851866771));
#1651 = CARTESIAN_POINT('',(-34.09422902522,69.306477100462,
    114.36747083087));
#1652 = CARTESIAN_POINT('',(-39.79179058813,61.525910550111,
    157.35014795422));
#1653 = CARTESIAN_POINT('',(-34.69673167346,67.891491279006,
    206.93314269349));
#1654 = CARTESIAN_POINT('',(-27.78661820093,67.919393055584,210.));
#1655 = CARTESIAN_POINT('',(-2.959396311312,53.692273920404,0.));
#1656 = CARTESIAN_POINT('',(-1.240111660329,48.158289740004,
    14.510989880861));
#1657 = CARTESIAN_POINT('',(-17.65526238261,62.090927506365,
    7.401941138453));
#1658 = CARTESIAN_POINT('',(-10.16393921108,62.781235924038,
    78.60851866771));
#1659 = CARTESIAN_POINT('',(-33.9645370324,66.643527867279,
    114.36747083087));
#1660 = CARTESIAN_POINT('',(-39.62056307269,58.499316756171,
    157.35014795422));
#1661 = CARTESIAN_POINT('',(-34.56183781471,65.178683461249,
    206.93314269349));
#1662 = CARTESIAN_POINT('',(-27.68181313312,65.598747071259,210.));
#1663 = CARTESIAN_POINT('',(-2.939091365436,53.469381871425,0.));
#1664 = CARTESIAN_POINT('',(-1.241093419155,47.736752246685,
    14.510989880861));
#1665 = CARTESIAN_POINT('',(-17.54507639903,60.912725755348,
    7.401941138453));
#1666 = CARTESIAN_POINT('',(-10.13343540488,61.058520120275,
    78.60851866771));
#1667 = CARTESIAN_POINT('',(-33.76779733083,63.822843326596,
    114.36747083087));
#1668 = CARTESIAN_POINT('',(-39.36122788113,55.295107374611,
    157.35014795422));
#1669 = CARTESIAN_POINT('',(-34.35726957691,62.305428536481,
    206.93314269349));
#1670 = CARTESIAN_POINT('',(-27.52282751263,63.140546788768,210.));
#1671 = CARTESIAN_POINT('',(-2.910068600726,53.241833816456,0.));
#1672 = CARTESIAN_POINT('',(-1.242469184031,47.304141808694,
    14.510989880861));
#1673 = CARTESIAN_POINT('',(-17.38739790291,59.708980746438,
    7.401941138453));
#1674 = CARTESIAN_POINT('',(-10.08963130477,59.291801532074,
    78.60851866771));
#1675 = CARTESIAN_POINT('',(-33.48619309685,60.937704530164,
    114.36747083087));
#1676 = CARTESIAN_POINT('',(-38.99041086991,52.021522002103,
    157.35014795422));
#1677 = CARTESIAN_POINT('',(-34.06452051531,59.367061676543,
    206.93314269349));
#1678 = CARTESIAN_POINT('',(-27.29528742138,60.625803873433,210.));
#1679 = CARTESIAN_POINT('',(-2.904214099871,53.198385286865,0.));
#1680 = CARTESIAN_POINT('',(-1.242746131453,47.221445644527,
    14.510989880861));
#1681 = CARTESIAN_POINT('',(-17.35559653183,59.479088922414,
    7.401941138453));
#1682 = CARTESIAN_POINT('',(-10.08079309433,58.95413182826,
    78.60851866771));
#1683 = CARTESIAN_POINT('',(-33.42939628028,60.386569737249,
    114.36747083087));
#1684 = CARTESIAN_POINT('',(-38.91563093056,51.396333145216,
    157.35014795422));
#1685 = CARTESIAN_POINT('',(-34.00547751926,58.805780035048,
    206.93314269349));
#1686 = CARTESIAN_POINT('',(-27.24939555427,60.145409381629,210.));
#1687 = CARTESIAN_POINT('',(-2.900648869123,53.172669722178,0.));
#1688 = CARTESIAN_POINT('',(-1.242913836001,47.172470172689,
    14.510989880861));
#1689 = CARTESIAN_POINT('',(-17.33623572372,59.343006333995,
    7.401941138453));
#1690 = CARTESIAN_POINT('',(-10.07540980262,58.754167280271,
    78.60851866771));
#1691 = CARTESIAN_POINT('',(-33.39481872221,60.060287088946,
    114.36747083087));
#1692 = CARTESIAN_POINT('',(-38.87008949814,51.026271784769,
    157.35014795422));
#1693 = CARTESIAN_POINT('',(-33.96952979937,58.473499513394,
    206.93314269349));
#1694 = CARTESIAN_POINT('',(-27.22145473831,59.861003437407,210.));
#1695 = CARTESIAN_POINT('',(-2.897142713698,53.147654021117,0.));
#1696 = CARTESIAN_POINT('',(-1.243078355348,47.124815888189,
    14.510989880861));
#1697 = CARTESIAN_POINT('',(-17.31719796007,59.21062016646,
    7.401941138453));
#1698 = CARTESIAN_POINT('',(-10.07011528596,58.559602650627,
    78.60851866771));
#1699 = CARTESIAN_POINT('',(-33.36081839795,59.742850918584,
    114.36747083087));
#1700 = CARTESIAN_POINT('',(-38.82530109487,50.666268745166,
    157.35014795422));
#1701 = CARTESIAN_POINT('',(-33.93418097663,58.150231770025,
    206.93314269349));
#1702 = CARTESIAN_POINT('',(-27.19397903673,59.584307819091,210.));
#1703 = CARTESIAN_POINT('',(-2.891077062426,53.105586849012,0.));
#1704 = CARTESIAN_POINT('',(-1.243362281535,47.044625330699,
    14.510989880861));
#1705 = CARTESIAN_POINT('',(-17.28427214298,58.987963297629,
    7.401941138453));
#1706 = CARTESIAN_POINT('',(-10.06095595502,58.232224448661,
    78.60851866771));
#1707 = CARTESIAN_POINT('',(-33.30201489088,59.208889816951,
    114.36747083087));
#1708 = CARTESIAN_POINT('',(-38.74781084874,50.060816916687,
    157.35014795422));
#1709 = CARTESIAN_POINT('',(-33.87304046829,57.60647775026,
    206.93314269349));
#1710 = CARTESIAN_POINT('',(-27.14645493551,59.11887267501,210.));
#1711 = CARTESIAN_POINT('',(-2.866841644698,52.945483243959,0.));
#1712 = CARTESIAN_POINT('',(-1.244479786786,46.739054728756,
    14.510989880861));
#1713 = CARTESIAN_POINT('',(-17.15277472553,58.140324599217,
    7.401941138453));
#1714 = CARTESIAN_POINT('',(-10.02440934987,56.984863807397,
    78.60851866771));
#1715 = CARTESIAN_POINT('',(-33.06713253945,57.175638471302,
    114.36747083087));
#1716 = CARTESIAN_POINT('',(-38.43817287832,47.756095593016,
    157.35014795422));
#1717 = CARTESIAN_POINT('',(-33.62880533146,55.536046605934,
    206.93314269349));
#1718 = CARTESIAN_POINT('',(-26.95661638489,57.346518328183,210.));
#1719 = CARTESIAN_POINT('',(-2.835808586574,52.772896846879,0.));
#1720 = CARTESIAN_POINT('',(-1.246081077198,46.407874000392,
    14.510989880861));
#1721 = CARTESIAN_POINT('',(-16.98426174101,57.22574807834,
    7.401941138453));
#1722 = CARTESIAN_POINT('',(-9.978121249186,55.633854545738,
    78.60851866771));
#1723 = CARTESIAN_POINT('',(-32.76639661042,54.979284352663,
    114.36747083087));
#1724 = CARTESIAN_POINT('',(-38.04169747986,45.26970867311,
    157.35014795422));
#1725 = CARTESIAN_POINT('',(-33.31610032388,53.299990623396,
    206.93314269349));
#1726 = CARTESIAN_POINT('',(-26.71364562631,55.431735893837,210.));
#1727 = CARTESIAN_POINT('',(-2.798235134767,52.598429097702,0.));
#1728 = CARTESIAN_POINT('',(-1.248135316381,46.07023156791,
    14.510989880861));
#1729 = CARTESIAN_POINT('',(-16.77985595491,56.300070915331,
    7.401941138453));
#1730 = CARTESIAN_POINT('',(-9.922246820071,54.258047818235,
    78.60851866771));
#1731 = CARTESIAN_POINT('',(-32.40175207973,52.75210855289,
    114.36747083087));
#1732 = CARTESIAN_POINT('',(-37.56149414635,42.753197223414,
    157.35014795422));
#1733 = CARTESIAN_POINT('',(-32.93703510185,51.033228611406,
    206.93314269349));
#1734 = CARTESIAN_POINT('',(-26.41916051538,53.489606796188,210.));
#1735 = CARTESIAN_POINT('',(-2.785070324671,52.540817822697,0.));
#1736 = CARTESIAN_POINT('',(-1.24886512859,45.958361291779,
    14.510989880861));
#1737 = CARTESIAN_POINT('',(-16.70821659576,55.994218722084,
    7.401941138453));
#1738 = CARTESIAN_POINT('',(-9.902684157511,53.802405235485,
    78.60851866771));
#1739 = CARTESIAN_POINT('',(-32.2739644903,52.015701710601,
    114.36747083087));
#1740 = CARTESIAN_POINT('',(-37.39327635098,41.921716067922,
    157.35014795422));
#1741 = CARTESIAN_POINT('',(-32.80420525176,50.283816274326,
    206.93314269349));
#1742 = CARTESIAN_POINT('',(-26.31597238386,52.847388138451,210.));
#1743 = CARTESIAN_POINT('',(-2.777034215317,52.506724168949,0.));
#1744 = CARTESIAN_POINT('',(-1.249311056159,45.892031901832,
    14.510989880861));
#1745 = CARTESIAN_POINT('',(-16.66448718366,55.813145530581,
    7.401941138453));
#1746 = CARTESIAN_POINT('',(-9.89074283494,53.532308759723,
    78.60851866771));
#1747 = CARTESIAN_POINT('',(-32.19596703645,51.579551556819,
    114.36747083087));
#1748 = CARTESIAN_POINT('',(-37.29057323235,41.429515239,157.35014795422
    ));
#1749 = CARTESIAN_POINT('',(-32.72312538138,49.840001640212,
    206.93314269349));
#1750 = CARTESIAN_POINT('',(-26.2529870795,52.467010866796,210.));
#1751 = CARTESIAN_POINT('',(-2.769117758181,52.473534280651,0.));
#1752 = CARTESIAN_POINT('',(-1.249750311253,45.82741258612,
    14.510989880861));
#1753 = CARTESIAN_POINT('',(-16.62140974588,55.636843235583,
    7.401941138453));
#1754 = CARTESIAN_POINT('',(-9.878979072603,53.269198303062,
    78.60851866771));
#1755 = CARTESIAN_POINT('',(-32.11913460744,51.15482553169,
    114.36747083087));
#1756 = CARTESIAN_POINT('',(-37.18939013129,40.95030998017,
    157.35014795422));
#1757 = CARTESIAN_POINT('',(-32.64325426904,49.407827201696,
    206.93314269349));
#1758 = CARTESIAN_POINT('',(-26.19094001552,52.096594095352,210.));
#1759 = CARTESIAN_POINT('',(-2.755391339873,52.417741878807,0.));
#1760 = CARTESIAN_POINT('',(-1.250515154933,45.718565018493,
    14.510989880861));
#1761 = CARTESIAN_POINT('',(-16.54671830494,55.340347224791,
    7.401941138453));
#1762 = CARTESIAN_POINT('',(-9.858585990228,52.826113189286,
    78.60851866771));
#1763 = CARTESIAN_POINT('',(-31.98592085849,50.440239642521,
    114.36747083087));
#1764 = CARTESIAN_POINT('',(-37.0139091148,40.144526158471,
    157.35014795422));
#1765 = CARTESIAN_POINT('',(-32.50476429587,48.680777712167,
    206.93314269349));
#1766 = CARTESIAN_POINT('',(-26.08335364205,51.473366084347,210.));
#1767 = CARTESIAN_POINT('',(-2.723997896511,52.296788734038,0.));
#1768 = CARTESIAN_POINT('',(-1.252251684878,45.481707618164,
    14.510989880861));
#1769 = CARTESIAN_POINT('',(-16.37586411392,54.697044845098,
    7.401941138453));
#1770 = CARTESIAN_POINT('',(-9.812031467927,51.862230440306,
    78.60851866771));
#1771 = CARTESIAN_POINT('',(-31.68114460912,48.888630384075,
    114.36747083087));
#1772 = CARTESIAN_POINT('',(-36.61244853107,38.396671973405,
    157.35014795422));
#1773 = CARTESIAN_POINT('',(-32.18792192013,47.102363877367,
    206.93314269349));
#1774 = CARTESIAN_POINT('',(-25.83722709185,50.12002464358,210.));
#1775 = CARTESIAN_POINT('',(-2.685644812738,52.163514054853,0.));
#1776 = CARTESIAN_POINT('',(-1.254593323208,45.218414684464,
    14.510989880861));
#1777 = CARTESIAN_POINT('',(-16.16662367717,53.987226930664,
    7.401941138453));
#1778 = CARTESIAN_POINT('',(-9.755598675271,50.791943811204,
    78.60851866771));
#1779 = CARTESIAN_POINT('',(-31.30819765018,47.173268477529,
    114.36747083087));
#1780 = CARTESIAN_POINT('',(-36.12181688994,36.468327708755,
    157.35014795422));
#1781 = CARTESIAN_POINT('',(-31.80032391585,45.357932960639,
    206.93314269349));
#1782 = CARTESIAN_POINT('',(-25.53623496179,48.623495830479,210.));
#1783 = CARTESIAN_POINT('',(-2.642918151133,52.030704278777,0.));
#1784 = CARTESIAN_POINT('',(-1.257353160346,44.952959108234,
    14.510989880861));
#1785 = CARTESIAN_POINT('',(-15.93276376614,53.278750806521,
    7.401941138453));
#1786 = CARTESIAN_POINT('',(-9.692779127451,49.71453606608,
    78.60851866771));
#1787 = CARTESIAN_POINT('',(-30.89153228355,45.45662626312,
    114.36747083087));
#1788 = CARTESIAN_POINT('',(-35.5748808542,34.543553155978,
    157.35014795422));
#1789 = CARTESIAN_POINT('',(-31.36749445757,43.612903185646,
    206.93314269349));
#1790 = CARTESIAN_POINT('',(-25.20016702617,47.125314822755,210.));
#1791 = CARTESIAN_POINT('',(-2.619727867018,51.963155630203,0.));
#1792 = CARTESIAN_POINT('',(-1.258882165567,44.816868277192,
    14.510989880861));
#1793 = CARTESIAN_POINT('',(-15.80564837873,52.917929014428,
    7.401941138453));
#1794 = CARTESIAN_POINT('',(-9.658653768872,49.162752929247,
    78.60851866771));
#1795 = CARTESIAN_POINT('',(-30.66507602566,44.580833259681,
    114.36747083087));
#1796 = CARTESIAN_POINT('',(-35.27804150006,33.563205827425,
    157.35014795422));
#1797 = CARTESIAN_POINT('',(-31.13232257762,42.722855220466,
    206.93314269349));
#1798 = CARTESIAN_POINT('',(-25.0175752703,46.360790920409,210.));
#1799 = CARTESIAN_POINT('',(-2.60553234322,51.923205333191,0.));
#1800 = CARTESIAN_POINT('',(-1.259818182586,44.736015825635,
    14.510989880861));
#1801 = CARTESIAN_POINT('',(-15.72779640112,52.704330662494,
    7.401941138453));
#1802 = CARTESIAN_POINT('',(-9.637734932746,48.835107756003,
    78.60851866771));
#1803 = CARTESIAN_POINT('',(-30.52639227893,44.061867921005,
    114.36747083087));
#1804 = CARTESIAN_POINT('',(-35.09624778944,32.983021252736,
    157.35014795422));
#1805 = CARTESIAN_POINT('',(-30.98829956484,42.195551485157,
    206.93314269349));
#1806 = CARTESIAN_POINT('',(-24.90575405578,45.907723869888,210.));
#1807 = CARTESIAN_POINT('',(-2.591514191392,51.884272155062,0.));
#1808 = CARTESIAN_POINT('',(-1.260741835275,44.657081496599,
    14.510989880861));
#1809 = CARTESIAN_POINT('',(-15.65090338368,52.496091903306,
    7.401941138453));
#1810 = CARTESIAN_POINT('',(-9.617065022024,48.515300514054,
    78.60851866771));
#1811 = CARTESIAN_POINT('',(-30.38942055631,43.55572574811,
    114.36747083087));
#1812 = CARTESIAN_POINT('',(-34.9166859105,32.417468796128,
    157.35014795422));
#1813 = CARTESIAN_POINT('',(-30.84605234842,41.681320773465,
    206.93314269349));
#1814 = CARTESIAN_POINT('',(-24.7953081097,45.465843399987,210.));
#1815 = CARTESIAN_POINT('',(-2.567144136625,51.818894000575,0.));
#1816 = CARTESIAN_POINT('',(-1.262354930126,44.523880351424,
    14.510989880861));
#1817 = CARTESIAN_POINT('',(-15.51715400002,52.146057124054,
    7.401941138453));
#1818 = CARTESIAN_POINT('',(-9.581089579204,47.975949703283,
    78.60851866771));
#1819 = CARTESIAN_POINT('',(-30.15116989138,42.70403751001,
    114.36747083087));
#1820 = CARTESIAN_POINT('',(-34.60435390985,31.46713042991,
    157.35014795422));
#1821 = CARTESIAN_POINT('',(-30.59862543501,40.816215961652,
    206.93314269349));
#1822 = CARTESIAN_POINT('',(-24.60318601345,44.722239678923,210.));
#1823 = CARTESIAN_POINT('',(-2.532158206092,51.730549770512,0.));
#1824 = CARTESIAN_POINT('',(-1.264632057239,44.342252240722,
    14.510989880861));
#1825 = CARTESIAN_POINT('',(-15.32487757471,51.672196488816,
    7.401941138453));
#1826 = CARTESIAN_POINT('',(-9.529458825496,47.241016996079,
    78.60851866771));
#1827 = CARTESIAN_POINT('',(-29.80850447024,41.548850068868,
    114.36747083087));
#1828 = CARTESIAN_POINT('',(-34.15561382877,30.181268902219,
    157.35014795422));
#1829 = CARTESIAN_POINT('',(-30.2428431061,39.643281144781,
    206.93314269349));
#1830 = CARTESIAN_POINT('',(-24.32694181634,43.713433833143,210.));
#1831 = CARTESIAN_POINT('',(-2.489954095126,51.630721631511,0.));
#1832 = CARTESIAN_POINT('',(-1.267624318995,44.134575207565,
    14.510989880861));
#1833 = CARTESIAN_POINT('',(-15.09204725396,51.135945036516,
    7.401941138453));
#1834 = CARTESIAN_POINT('',(-9.467447146232,46.401983202669,
    78.60851866771));
#1835 = CARTESIAN_POINT('',(-29.39387089757,40.237951880637,
    114.36747083087));
#1836 = CARTESIAN_POINT('',(-33.61396994501,28.725890727021,
    157.35014795422));
#1837 = CARTESIAN_POINT('',(-29.81256873908,38.312773264621,
    206.93314269349));
#1838 = CARTESIAN_POINT('',(-23.99295124057,42.568198935769,210.));
#1839 = CARTESIAN_POINT('',(-2.445752548019,51.533414164581,0.));
#1840 = CARTESIAN_POINT('',(-1.270961337898,43.929236436864,
    14.510989880861));
#1841 = CARTESIAN_POINT('',(-14.84715567184,50.612381128931,
    7.401941138453));
#1842 = CARTESIAN_POINT('',(-9.402524729807,45.573992084323,
    78.60851866771));
#1843 = CARTESIAN_POINT('',(-28.95797553948,38.953719610429,
    114.36747083087));
#1844 = CARTESIAN_POINT('',(-33.04626005671,27.304485949779,
    157.35014795422));
#1845 = CARTESIAN_POINT('',(-29.36051818101,37.009933268837,
    206.93314269349));
#1846 = CARTESIAN_POINT('',(-23.64211885672,41.44569689186,210.));
#1847 = CARTESIAN_POINT('',(-2.410443334223,51.461128763514,0.));
#1848 = CARTESIAN_POINT('',(-1.273723096344,43.774174157477,
    14.510989880861));
#1849 = CARTESIAN_POINT('',(-14.65072144885,50.222543120645,
    7.401941138453));
#1850 = CARTESIAN_POINT('',(-9.3504526252,44.950104068228,78.60851866771
    ));
#1851 = CARTESIAN_POINT('',(-28.60839435992,37.993845832566,
    114.36747083087));
#1852 = CARTESIAN_POINT('',(-32.59247141146,26.245567324527,
    157.35014795422));
#1853 = CARTESIAN_POINT('',(-28.99822944987,36.036627877986,
    206.93314269349));
#1854 = CARTESIAN_POINT('',(-23.36096146594,40.606213549578,210.));
#1855 = CARTESIAN_POINT('',(-2.388766264404,51.418449240667,0.));
#1856 = CARTESIAN_POINT('',(-1.275425073177,43.681754247064,
    14.510989880861));
#1857 = CARTESIAN_POINT('',(-14.52988171109,49.99198670201,
    7.401941138453));
#1858 = CARTESIAN_POINT('',(-9.318349163918,44.57867758521,
    78.60851866771));
#1859 = CARTESIAN_POINT('',(-28.39335192987,37.424899169416,
    114.36747083087));
#1860 = CARTESIAN_POINT('',(-32.31361000428,25.619562581572,
    157.35014795422));
#1861 = CARTESIAN_POINT('',(-28.77541511512,35.459961017171,
    206.93314269349));
#1862 = CARTESIAN_POINT('',(-23.18804139628,40.108522545786,210.));
#1863 = CARTESIAN_POINT('',(-2.367291653666,51.376800892386,0.));
#1864 = CARTESIAN_POINT('',(-1.277111860125,43.591230263912,
    14.510989880861));
#1865 = CARTESIAN_POINT('',(-14.41008001637,49.766846114289,
    7.401941138453));
#1866 = CARTESIAN_POINT('',(-9.286490081521,44.215030343213,
    78.60851866771));
#1867 = CARTESIAN_POINT('',(-28.18015899563,36.868826322968,
    114.36747083087));
#1868 = CARTESIAN_POINT('',(-32.03723897493,25.008394410871,
    157.35014795422));
#1869 = CARTESIAN_POINT('',(-28.55453190027,34.896441145408,
    206.93314269349));
#1870 = CARTESIAN_POINT('',(-23.01661113234,39.622067651843,210.));
#1871 = CARTESIAN_POINT('',(-2.329858643641,51.307033918366,0.));
#1872 = CARTESIAN_POINT('',(-1.280074301185,43.438010048489,
    14.510989880861));
#1873 = CARTESIAN_POINT('',(-14.20080900006,49.389019419395,
    7.401941138453));
#1874 = CARTESIAN_POINT('',(-9.230723214381,43.600330288591,
    78.60851866771));
#1875 = CARTESIAN_POINT('',(-27.80772225542,35.933398791122,
    114.36747083087));
#1876 = CARTESIAN_POINT('',(-31.5549939377,23.983259261144,
    157.35014795422));
#1877 = CARTESIAN_POINT('',(-28.16875187948,33.948918304987,
    206.93314269349));
#1878 = CARTESIAN_POINT('',(-22.71717155535,38.80359903635,210.));
#1879 = CARTESIAN_POINT('',(-2.294320737015,51.245308303205,0.));
#1880 = CARTESIAN_POINT('',(-1.282828605714,43.299813529918,
    14.510989880861));
#1881 = CARTESIAN_POINT('',(-14.00124999995,49.053685974352,
    7.401941138453));
#1882 = CARTESIAN_POINT('',(-9.177494724653,43.046690153902,
    78.60851866771));
#1883 = CARTESIAN_POINT('',(-27.45226802589,35.099500874456,
    114.36747083087));
#1884 = CARTESIAN_POINT('',(-31.09646445999,23.07388877874,
    157.35014795422));
#1885 = CARTESIAN_POINT('',(-27.80084854483,33.10486889849,
    206.93314269349));
#1886 = CARTESIAN_POINT('',(-22.431608204,38.073504124346,210.));
#1887 = CARTESIAN_POINT('',(-2.25143379824,51.173781017966,0.));
#1888 = CARTESIAN_POINT('',(-1.286353794681,43.137496491656,
    14.510989880861));
#1889 = CARTESIAN_POINT('',(-13.75934415234,48.664769197022,
    7.401941138453));
#1890 = CARTESIAN_POINT('',(-9.113207560963,42.397691596865,
    78.60851866771));
#1891 = CARTESIAN_POINT('',(-27.02160152716,34.128949192584,
    114.36747083087));
#1892 = CARTESIAN_POINT('',(-30.54274966091,22.018270971546,
    157.35014795422));
#1893 = CARTESIAN_POINT('',(-27.35540621694,32.122869211567,
    206.93314269349));
#1894 = CARTESIAN_POINT('',(-22.08591339952,37.223255118233,210.));
#1895 = CARTESIAN_POINT('',(-2.209255997387,51.106517788696,0.));
#1896 = CARTESIAN_POINT('',(-1.290028324139,42.982497906961,
    14.510989880861));
#1897 = CARTESIAN_POINT('',(-13.52031462494,48.298677123537,
    7.401941138453));
#1898 = CARTESIAN_POINT('',(-9.049923235519,41.77931700739,
    78.60851866771));
#1899 = CARTESIAN_POINT('',(-26.59627630432,33.211669678813,
    114.36747083087));
#1900 = CARTESIAN_POINT('',(-29.99781020773,21.023584892536,
    157.35014795422));
#1901 = CARTESIAN_POINT('',(-26.91580758878,31.195165551326,
    206.93314269349));
#1902 = CARTESIAN_POINT('',(-21.74480830803,36.419123106629,210.));
#1903 = CARTESIAN_POINT('',(-2.161077554217,51.035741207711,0.));
#1904 = CARTESIAN_POINT('',(-1.294438337968,42.814237783874,
    14.510989880861));
#1905 = CARTESIAN_POINT('',(-13.244834747,47.912486941732,7.401941138453
    ));
#1906 = CARTESIAN_POINT('',(-8.976734431382,41.111044666713,
    78.60851866771));
#1907 = CARTESIAN_POINT('',(-26.10618929905,32.236118705346,
    114.36747083087));
#1908 = CARTESIAN_POINT('',(-29.37414644004,19.971624725569,
    157.35014795422));
#1909 = CARTESIAN_POINT('',(-26.40997052176,30.209296188262,
    206.93314269349));
#1910 = CARTESIAN_POINT('',(-21.35229933496,35.562674668961,210.));
#1911 = CARTESIAN_POINT('',(-2.131435872763,50.994104543651,0.));
#1912 = CARTESIAN_POINT('',(-1.297166982851,42.713453730557,
    14.510989880861));
#1913 = CARTESIAN_POINT('',(-13.07452810728,47.684850503993,
    7.401941138453));
#1914 = CARTESIAN_POINT('',(-8.931227671225,40.711717859637,
    78.60851866771));
#1915 = CARTESIAN_POINT('',(-25.80316669546,31.65830027352,
    114.36747083087));
#1916 = CARTESIAN_POINT('',(-28.98985476563,19.351462645461,
    157.35014795422));
#1917 = CARTESIAN_POINT('',(-26.09742270171,29.625779914396,
    206.93314269349));
#1918 = CARTESIAN_POINT('',(-21.10974693755,35.055094594617,210.));
#1919 = CARTESIAN_POINT('',(-2.101959187164,50.953416747162,0.));
#1920 = CARTESIAN_POINT('',(-1.29988244591,42.614256968564,
    14.510989880861));
#1921 = CARTESIAN_POINT('',(-12.90485847759,47.462217654174,
    7.401941138453));
#1922 = CARTESIAN_POINT('',(-8.885780639901,40.319044884069,
    78.60851866771));
#1923 = CARTESIAN_POINT('',(-25.50125653235,31.092082698184,
    114.36747083087));
#1924 = CARTESIAN_POINT('',(-28.60746759954,18.744955364479,
    157.35014795422));
#1925 = CARTESIAN_POINT('',(-25.78610206765,29.054150417949,
    206.93314269349));
#1926 = CARTESIAN_POINT('',(-20.86812573603,34.557616641092,210.));
#1927 = CARTESIAN_POINT('',(-2.063627532257,50.902912011009,0.));
#1928 = CARTESIAN_POINT('',(-1.303432063553,42.488625710648,
    14.510989880861));
#1929 = CARTESIAN_POINT('',(-12.68312195746,47.185295438382,
    7.401941138453));
#1930 = CARTESIAN_POINT('',(-8.82601362705,39.823113927853,
    78.60851866771));
#1931 = CARTESIAN_POINT('',(-25.10657168692,30.384021523885,
    114.36747083087));
#1932 = CARTESIAN_POINT('',(-28.10944652205,17.990425657941,
    157.35014795422));
#1933 = CARTESIAN_POINT('',(-25.37941797485,28.339870416753,
    206.93314269349));
#1934 = CARTESIAN_POINT('',(-20.55242670104,33.935137374553,210.));
#1935 = CARTESIAN_POINT('',(-2.016038326165,50.843868903481,0.));
#1936 = CARTESIAN_POINT('',(-1.307725889513,42.337774274088,
    14.510989880861));
#1937 = CARTESIAN_POINT('',(-12.40589803493,46.860890098294,
    7.401941138453));
#1938 = CARTESIAN_POINT('',(-8.750696147075,39.228904426413,
    78.60851866771));
#1939 = CARTESIAN_POINT('',(-24.61258668837,29.548569256847,
    114.36747083087));
#1940 = CARTESIAN_POINT('',(-27.49011773804,17.105354674586,
    157.35014795422));
#1941 = CARTESIAN_POINT('',(-24.87106447444,27.497761488,206.93314269349
    ));
#1942 = CARTESIAN_POINT('',(-20.15773896898,33.199660624607,210.));
#1943 = CARTESIAN_POINT('',(-1.97465187356,50.794893431017,0.));
#1944 = CARTESIAN_POINT('',(-1.311525461431,42.209634768492,
    14.510989880861));
#1945 = CARTESIAN_POINT('',(-12.1632332931,46.591746483292,
    7.401941138453));
#1946 = CARTESIAN_POINT('',(-8.684477578432,38.725695419369,
    78.60851866771));
#1947 = CARTESIAN_POINT('',(-24.18008670134,28.850548000513,
    114.36747083087));
#1948 = CARTESIAN_POINT('',(-26.95090871092,16.369018067298,
    157.35014795422));
#1949 = CARTESIAN_POINT('',(-24.4264800021,26.794564086411,
    206.93314269349));
#1950 = CARTESIAN_POINT('',(-19.81254119166,32.584309964213,210.));
#1951 = CARTESIAN_POINT('',(-1.922063920421,50.735729960031,0.));
#1952 = CARTESIAN_POINT('',(-1.316627913509,42.050334375787,
    14.510989880861));
#1953 = CARTESIAN_POINT('',(-11.85228693923,46.267002370494,
    7.401941138453));
#1954 = CARTESIAN_POINT('',(-8.599378348348,38.103083307577,
    78.60851866771));
#1955 = CARTESIAN_POINT('',(-23.62610258566,28.000615929696,
    114.36747083087));
#1956 = CARTESIAN_POINT('',(-26.26478330091,15.476112434118,
    157.35014795422));
#1957 = CARTESIAN_POINT('',(-23.85776099807,25.938742436291,
    206.93314269349));
#1958 = CARTESIAN_POINT('',(-19.37096171114,31.833642595213,210.));
#1959 = CARTESIAN_POINT('',(-1.877630432098,50.688995125273,0.));
#1960 = CARTESIAN_POINT('',(-1.321084321618,41.919367924137,
    14.510989880861));
#1961 = CARTESIAN_POINT('',(-11.58665697922,46.010938585921,
    7.401941138453));
#1962 = CARTESIAN_POINT('',(-8.525917407977,37.594565093283,
    78.60851866771));
#1963 = CARTESIAN_POINT('',(-23.15283787205,27.32163563346,
    114.36747083087));
#1964 = CARTESIAN_POINT('',(-25.68361549647,14.766723711745,
    157.35014795422));
#1965 = CARTESIAN_POINT('',(-23.37271605026,25.255485562302,
    206.93314269349));
#1966 = CARTESIAN_POINT('',(-18.99427308888,31.232356065489,210.));
#1967 = CARTESIAN_POINT('',(-1.841052481641,50.652455581063,0.));
#1968 = CARTESIAN_POINT('',(-1.324728414296,41.813673360828,
    14.510989880861));
#1969 = CARTESIAN_POINT('',(-11.36611062195,45.810980172043,
    7.401941138453));
#1970 = CARTESIAN_POINT('',(-8.464061993069,37.186214538974,
    78.60851866771));
#1971 = CARTESIAN_POINT('',(-22.75964133051,26.78565338973,
    114.36747083087));
#1972 = CARTESIAN_POINT('',(-25.20438815498,14.210275036351,
    157.35014795422));
#1973 = CARTESIAN_POINT('',(-22.97031395421,24.716577325696,
    206.93314269349));
#1974 = CARTESIAN_POINT('',(-18.68164380602,30.756817739865,210.));
#1975 = CARTESIAN_POINT('',(-1.804524019758,50.616700393999,0.));
#1976 = CARTESIAN_POINT('',(-1.328350023987,41.708924146,14.510989880861
    ));
#1977 = CARTESIAN_POINT('',(-11.14513700704,45.615408386403,
    7.401941138453));
#1978 = CARTESIAN_POINT('',(-8.401730771667,36.782307706742,
    78.60851866771));
#1979 = CARTESIAN_POINT('',(-22.36556824428,26.259103502784,
    114.36747083087));
#1980 = CARTESIAN_POINT('',(-24.72550618677,13.665101895392,
    157.35014795422));
#1981 = CARTESIAN_POINT('',(-22.56724179272,24.187342894601,
    206.93314269349));
#1982 = CARTESIAN_POINT('',(-18.36844396042,30.289342082662,210.));
#1983 = CARTESIAN_POINT('',(-1.764654881921,50.579759339609,0.));
#1984 = CARTESIAN_POINT('',(-1.332224017098,41.596763110926,
    14.510989880861));
#1985 = CARTESIAN_POINT('',(-10.90185049623,45.413739458368,
    7.401941138453));
#1986 = CARTESIAN_POINT('',(-8.33198762605,36.352300956264,
    78.60851866771));
#1987 = CARTESIAN_POINT('',(-21.93130786767,25.709350528192,
    114.36747083087));
#1988 = CARTESIAN_POINT('',(-24.20198850643,13.099813851055,
    157.35014795422));
#1989 = CARTESIAN_POINT('',(-22.12373782808,23.635266760271,
    206.93314269349));
#1990 = CARTESIAN_POINT('',(-18.02367419038,29.800251049938,210.));
#1991 = CARTESIAN_POINT('',(-1.706273040121,50.528743039836,0.));
#1992 = CARTESIAN_POINT('',(-1.337568073402,41.435777506291,
    14.510989880861));
#1993 = CARTESIAN_POINT('',(-10.54225387711,45.136381039418,
    7.401941138453));
#1994 = CARTESIAN_POINT('',(-8.226675104466,35.737617908886,
    78.60851866771));
#1995 = CARTESIAN_POINT('',(-21.28847331145,24.942538383174,
    114.36747083087));
#1996 = CARTESIAN_POINT('',(-23.43424244763,12.315463637751,
    157.35014795422));
#1997 = CARTESIAN_POINT('',(-21.46837026634,22.865601224955,
    206.93314269349));
#1998 = CARTESIAN_POINT('',(-17.51392006659,29.115785725153,210.));
#1999 = CARTESIAN_POINT('',(-1.666344614142,50.495790666856,0.));
#2000 = CARTESIAN_POINT('',(-1.341057010318,41.32751027584,
    14.510989880861));
#2001 = CARTESIAN_POINT('',(-10.29407792638,44.95835949633,
    7.401941138453));
#2002 = CARTESIAN_POINT('',(-8.152541747643,35.326431170599,
    78.60851866771));
#2003 = CARTESIAN_POINT('',(-20.84430630056,24.442439929639,
    114.36747083087));
#2004 = CARTESIAN_POINT('',(-22.90847374804,11.806270773109,
    157.35014795422));
#2005 = CARTESIAN_POINT('',(-21.01629321531,22.363825172206,
    206.93314269349));
#2006 = CARTESIAN_POINT('',(-17.16210195703,28.667745419029,210.));
#2007 = CARTESIAN_POINT('',(-1.607310513662,50.449764135176,0.));
#2008 = CARTESIAN_POINT('',(-1.346161676183,41.168941219217,
    14.510989880861));
#2009 = CARTESIAN_POINT('',(-9.923047030531,44.713021691519,
    7.401941138453));
#2010 = CARTESIAN_POINT('',(-8.039402789928,34.729944436453,
    78.60851866771));
#2011 = CARTESIAN_POINT('',(-20.17992185681,23.738027982678,
    114.36747083087));
#2012 = CARTESIAN_POINT('',(-22.12953852045,11.090842493622,
    157.35014795422));
#2013 = CARTESIAN_POINT('',(-20.34127092215,21.657006048095,
    206.93314269349));
#2014 = CARTESIAN_POINT('',(-16.63648839821,28.033562872891,210.));
#2015 = CARTESIAN_POINT('',(-1.56785344775,50.420765274128,0.));
#2016 = CARTESIAN_POINT('',(-1.349452186263,41.063937047175,
    14.510989880861));
#2017 = CARTESIAN_POINT('',(-9.672352611672,44.56079961937,
    7.401941138453));
#2018 = CARTESIAN_POINT('',(-7.961190736147,34.338793649658,
    78.60851866771));
#2019 = CARTESIAN_POINT('',(-19.73065792703,23.290218192266,
    114.36747083087));
#2020 = CARTESIAN_POINT('',(-21.60770116434,10.637194288881,
    157.35014795422));
#2021 = CARTESIAN_POINT('',(-19.88558589633,21.207623361183,
    206.93314269349));
#2022 = CARTESIAN_POINT('',(-16.28142969624,27.628250704651,210.));
#2023 = CARTESIAN_POINT('',(-1.527431829519,50.39274520404,0.));
#2024 = CARTESIAN_POINT('',(-1.352463810882,40.957309097169,
    14.510989880861));
#2025 = CARTESIAN_POINT('',(-9.412785634949,44.416262332575,
    7.401941138453));
#2026 = CARTESIAN_POINT('',(-7.877688810356,33.945415757912,
    78.60851866771));
#2027 = CARTESIAN_POINT('',(-19.26457400448,22.853701609007,
    114.36747083087));
#2028 = CARTESIAN_POINT('',(-21.07256081604,10.196456041874,
    157.35014795422));
#2029 = CARTESIAN_POINT('',(-19.41382498584,20.769579522669,
    206.93314269349));
#2030 = CARTESIAN_POINT('',(-15.91345503083,27.231006966612,210.));
#2031 = CARTESIAN_POINT('',(-1.486879611295,50.365285684354,0.));
#2032 = CARTESIAN_POINT('',(-1.355327742576,40.850700935245,
    14.510989880861));
#2033 = CARTESIAN_POINT('',(-9.151309285068,44.275670631301,
    7.401941138453));
#2034 = CARTESIAN_POINT('',(-7.792544521329,33.553606908028,
    78.60851866771));
#2035 = CARTESIAN_POINT('',(-18.79466573089,22.424372706684,
    114.36747083087));
#2036 = CARTESIAN_POINT('',(-20.53552846544,9.763594108768,
    157.35014795422));
#2037 = CARTESIAN_POINT('',(-18.93858609277,20.338753067706,
    206.93314269349));
#2038 = CARTESIAN_POINT('',(-15.54263815444,26.839463456666,210.));
#2039 = CARTESIAN_POINT('',(-1.440902740456,50.336087767855,0.));
#2040 = CARTESIAN_POINT('',(-1.357953604848,40.730820963141,
    14.510989880861));
#2041 = CARTESIAN_POINT('',(-8.851731661498,44.129562295834,
    7.401941138453));
#2042 = CARTESIAN_POINT('',(-7.691532357143,33.117716938281,
    78.60851866771));
#2043 = CARTESIAN_POINT('',(-18.25502559574,21.963575374696,
    114.36747083087));
#2044 = CARTESIAN_POINT('',(-19.92610792342,9.300323810619,
    157.35014795422));
#2045 = CARTESIAN_POINT('',(-18.39396428979,19.876261235521,
    206.93314269349));
#2046 = CARTESIAN_POINT('',(-15.11722875883,26.416489967794,210.));
#2047 = CARTESIAN_POINT('',(-1.376531837342,50.298081007122,0.));
#2048 = CARTESIAN_POINT('',(-1.360330732339,40.564636256995,
    14.510989880861));
#2049 = CARTESIAN_POINT('',(-8.427928646006,43.945609253843,
    7.401941138453));
#2050 = CARTESIAN_POINT('',(-7.541317998494,32.519235806944,
    78.60851866771));
#2051 = CARTESIAN_POINT('',(-17.48937810584,21.359180762231,
    114.36747083087));
#2052 = CARTESIAN_POINT('',(-19.07171174161,8.691766773609,
    157.35014795422));
#2053 = CARTESIAN_POINT('',(-17.62280278897,19.268965031144,
    206.93314269349));
#2054 = CARTESIAN_POINT('',(-14.51381363967,25.856432690383,210.));
#2055 = CARTESIAN_POINT('',(-1.334277822115,50.274811726019,0.));
#2056 = CARTESIAN_POINT('',(-1.360973180464,40.456163764969,
    14.510989880861));
#2057 = CARTESIAN_POINT('',(-8.147328883456,43.837547527595,
    7.401941138453));
#2058 = CARTESIAN_POINT('',(-7.437105031149,32.13306875558,
    78.60851866771));
#2059 = CARTESIAN_POINT('',(-16.98091162333,20.98677624106,
    114.36747083087));
#2060 = CARTESIAN_POINT('',(-18.51011267848,8.315517422269,
    157.35014795422));
#2061 = CARTESIAN_POINT('',(-17.1115431653,18.89421904684,
    206.93314269349));
#2062 = CARTESIAN_POINT('',(-14.11307101915,25.507806702712,210.));
#2063 = CARTESIAN_POINT('',(-1.276341814957,50.244819407955,0.));
#2064 = CARTESIAN_POINT('',(-1.360329469415,40.307088772526,
    14.510989880861));
#2065 = CARTESIAN_POINT('',(-7.759939774349,43.706038908395,
    7.401941138453));
#2066 = CARTESIAN_POINT('',(-7.28620632696,31.610577194235,
    78.60851866771));
#2067 = CARTESIAN_POINT('',(-16.27647896621,20.505962934749,
    114.36747083087));
#2068 = CARTESIAN_POINT('',(-17.73852754117,7.826159758143,
    157.35014795422));
#2069 = CARTESIAN_POINT('',(-16.40417625787,18.409323547594,
    206.93314269349));
#2070 = CARTESIAN_POINT('',(-13.55756404353,25.052537904825,210.));
#2071 = CARTESIAN_POINT('',(-1.23870141895,50.226537860777,0.));
#2072 = CARTESIAN_POINT('',(-1.358842254474,40.210080690691,
    14.510989880861));
#2073 = CARTESIAN_POINT('',(-7.506656361832,43.631122737359,
    7.401941138453));
#2074 = CARTESIAN_POINT('',(-7.182833632118,31.275747043383,
    78.60851866771));
#2075 = CARTESIAN_POINT('',(-15.81419407457,20.212510123315,
    114.36747083087));
#2076 = CARTESIAN_POINT('',(-17.23613454681,7.525059398211,
    157.35014795422));
#2077 = CARTESIAN_POINT('',(-15.94053269046,18.112665636095,
    206.93314269349));
#2078 = CARTESIAN_POINT('',(-13.19275135079,24.771231254914,210.));
#2079 = CARTESIAN_POINT('',(-1.199441585112,50.208660327265,0.));
#2080 = CARTESIAN_POINT('',(-1.355811045691,40.108966632449,
    14.510989880861));
#2081 = CARTESIAN_POINT('',(-7.241102599965,43.563623997868,
    7.401941138453));
#2082 = CARTESIAN_POINT('',(-7.068528392668,30.931999735764,
    78.60851866771));
#2083 = CARTESIAN_POINT('',(-15.32697676701,19.92606479637,
    114.36747083087));
#2084 = CARTESIAN_POINT('',(-16.71165330771,7.227298299065,
    157.35014795422));
#2085 = CARTESIAN_POINT('',(-15.45260586832,17.822123088891,
    206.93314269349));
#2086 = CARTESIAN_POINT('',(-12.80790304079,24.492846094806,210.));
#2087 = CARTESIAN_POINT('',(-1.159856686548,50.191100816496,0.));
#2088 = CARTESIAN_POINT('',(-1.352141058319,40.007059850184,
    14.510989880861));
#2089 = CARTESIAN_POINT('',(-6.972829603952,43.499750811962,
    7.401941138453));
#2090 = CARTESIAN_POINT('',(-6.950639959254,30.587628932241,
    78.60851866771));
#2091 = CARTESIAN_POINT('',(-14.83371283663,19.645007817173,
    114.36747083087));
#2092 = CARTESIAN_POINT('',(-16.18269449903,6.933421791557,
    157.35014795422));
#2093 = CARTESIAN_POINT('',(-14.95891469662,17.536623770117,
    206.93314269349));
#2094 = CARTESIAN_POINT('',(-12.41817542058,24.21807784936,210.));
#2095 = CARTESIAN_POINT('',(-1.098904656644,50.165958451073,0.));
#2096 = CARTESIAN_POINT('',(-1.343632598092,39.85047768378,
    14.510989880861));
#2097 = CARTESIAN_POINT('',(-6.557957528475,43.418453557302,
    7.401941138453));
#2098 = CARTESIAN_POINT('',(-6.757582040587,30.066903070434,
    78.60851866771));
#2099 = CARTESIAN_POINT('',(-14.0664147091,19.244027578515,
    114.36747083087));
#2100 = CARTESIAN_POINT('',(-15.36738380904,6.506755155831,
    157.35014795422));
#2101 = CARTESIAN_POINT('',(-14.19199554154,17.127509073965,
    206.93314269349));
#2102 = CARTESIAN_POINT('',(-11.81122913716,23.819302753646,210.));
#2103 = CARTESIAN_POINT('',(-1.036319764537,50.143062307723,0.));
#2104 = CARTESIAN_POINT('',(-1.329617284702,39.690855707475,
    14.510989880861));
#2105 = CARTESIAN_POINT('',(-6.130970164588,43.361477969795,
    7.401941138453));
#2106 = CARTESIAN_POINT('',(-6.536899081715,29.549742258923,
    78.60851866771));
#2107 = CARTESIAN_POINT('',(-13.26891273829,18.882578205391,
    114.36747083087));
#2108 = CARTESIAN_POINT('',(-14.52732790574,6.108534096908,
    157.35014795422));
#2109 = CARTESIAN_POINT('',(-13.39570058544,16.755546981034,
    206.93314269349));
#2110 = CARTESIAN_POINT('',(-11.17766160498,23.448582774841,210.));
#2111 = CARTESIAN_POINT('',(-0.983084515491,50.125136355031,0.));
#2112 = CARTESIAN_POINT('',(-1.313179681291,39.555679301131,
    14.510989880861));
#2113 = CARTESIAN_POINT('',(-5.76961379056,43.3276095568,7.401941138453)
  );
#2114 = CARTESIAN_POINT('',(-6.334509908969,29.120556781091,
    78.60851866771));
#2115 = CARTESIAN_POINT('',(-12.58678803628,18.602536159847,
    114.36747083087));
#2116 = CARTESIAN_POINT('',(-13.81026411309,5.79097725186,
    157.35014795422));
#2117 = CARTESIAN_POINT('',(-12.71457976013,16.46531526716,
    206.93314269349));
#2118 = CARTESIAN_POINT('',(-10.63334598329,23.154489937733,210.));
#2119 = CARTESIAN_POINT('',(-0.935205655069,50.11002147953,0.));
#2120 = CARTESIAN_POINT('',(-1.295082433133,39.434492431903,
    14.510989880861));
#2121 = CARTESIAN_POINT('',(-5.446298495979,43.306842566931,
    7.401941138453));
#2122 = CARTESIAN_POINT('',(-6.142283377742,28.741871042043,
    78.60851866771));
#2123 = CARTESIAN_POINT('',(-11.97108454247,18.368816297014,
    114.36747083087));
#2124 = CARTESIAN_POINT('',(-13.16349263257,5.519274658188,
    157.35014795422));
#2125 = CARTESIAN_POINT('',(-12.09967175554,16.221590965236,
    206.93314269349));
#2126 = CARTESIAN_POINT('',(-10.14026066709,22.904074419443,210.));
#2127 = CARTESIAN_POINT('',(-0.890831755449,50.097362740439,0.));
#2128 = CARTESIAN_POINT('',(-1.273334397081,39.323597735447,
    14.510989880861));
#2129 = CARTESIAN_POINT('',(-5.149563150134,43.300007766015,
    7.401941138453));
#2130 = CARTESIAN_POINT('',(-5.94934684194,28.403105467382,
    78.60851866771));
#2131 = CARTESIAN_POINT('',(-11.3978027455,18.176927533767,
    114.36747083087));
#2132 = CARTESIAN_POINT('',(-12.56122538145,5.287011281821,
    157.35014795422));
#2133 = CARTESIAN_POINT('',(-11.52684661853,16.019429459959,
    206.93314269349));
#2134 = CARTESIAN_POINT('',(-9.678445640377,22.691705462268,210.));
#2135 = CARTESIAN_POINT('',(-0.858584148876,50.088778459747,0.));
#2136 = CARTESIAN_POINT('',(-1.254967770597,39.244130997411,
    14.510989880861));
#2137 = CARTESIAN_POINT('',(-4.935604082414,43.300425759345,
    7.401941138453));
#2138 = CARTESIAN_POINT('',(-5.801778484929,28.163790976702,
    78.60851866771));
#2139 = CARTESIAN_POINT('',(-10.98010007307,18.049144244988,
    114.36747083087));
#2140 = CARTESIAN_POINT('',(-12.12233833241,5.126834987255,
    157.35014795422));
#2141 = CARTESIAN_POINT('',(-11.10932931545,15.883627612526,
    206.93314269349));
#2142 = CARTESIAN_POINT('',(-9.340583499014,22.546844585473,210.));
#2143 = CARTESIAN_POINT('',(-0.825912807419,50.080325579224,0.));
#2144 = CARTESIAN_POINT('',(-1.235318060527,39.164105993753,
    14.510989880861));
#2145 = CARTESIAN_POINT('',(-4.719533031112,43.302964096306,
    7.401941138453));
#2146 = CARTESIAN_POINT('',(-5.649298468462,27.924171797614,
    78.60851866771));
#2147 = CARTESIAN_POINT('',(-10.5564885593,17.924347148595,
    114.36747083087));
#2148 = CARTESIAN_POINT('',(-11.67721385578,4.967949039392,
    157.35014795422));
#2149 = CARTESIAN_POINT('',(-10.68584493528,15.750480474683,
    206.93314269349));
#2150 = CARTESIAN_POINT('',(-8.997402688508,22.403850608463,210.));
#2151 = CARTESIAN_POINT('',(-0.768996835279,50.066732631926,0.));
#2152 = CARTESIAN_POINT('',(-1.196010641432,39.027341352864,
    14.510989880861));
#2153 = CARTESIAN_POINT('',(-4.34667402646,43.316864815232,
    7.401941138453));
#2154 = CARTESIAN_POINT('',(-5.369411213707,27.520826508244,
    78.60851866771));
#2155 = CARTESIAN_POINT('',(-9.81695385781,17.728302038638,
    114.36747083087));
#2156 = CARTESIAN_POINT('',(-10.89935730332,4.7071903879,157.35014795422
    ));
#2157 = CARTESIAN_POINT('',(-9.946134869113,15.538955056363,
    206.93314269349));
#2158 = CARTESIAN_POINT('',(-8.395566413982,22.17229377844,210.));
#2159 = CARTESIAN_POINT('',(-0.684446851604,50.049437532431,0.));
#2160 = CARTESIAN_POINT('',(-1.123388452753,38.833169882039,
    14.510989880861));
#2161 = CARTESIAN_POINT('',(-3.804807631872,43.358673438027,
    7.401941138453));
#2162 = CARTESIAN_POINT('',(-4.912548902109,26.966752793092,
    78.60851866771));
#2163 = CARTESIAN_POINT('',(-8.718072612488,17.488989476041,
    114.36747083087));
#2164 = CARTESIAN_POINT('',(-9.735346036834,4.363665730971,
    157.35014795422));
#2165 = CARTESIAN_POINT('',(-8.844837926588,15.275389617997,
    206.93314269349));
#2166 = CARTESIAN_POINT('',(-7.492196500913,21.873823626643,210.));
#2167 = CARTESIAN_POINT('',(-0.605852170923,50.036457257808,0.));
#2168 = CARTESIAN_POINT('',(-1.033664815055,38.670249002443,
    14.510989880861));
#2169 = CARTESIAN_POINT('',(-3.324261903749,43.410192702241,
    7.401941138453));
#2170 = CARTESIAN_POINT('',(-4.43599882472,26.514307764527,
    78.60851866771));
#2171 = CARTESIAN_POINT('',(-7.70229620949,17.317535224629,
    114.36747083087));
#2172 = CARTESIAN_POINT('',(-8.640417037861,4.095738707074,
    157.35014795422));
#2173 = CARTESIAN_POINT('',(-7.822647427764,15.081884440986,
    206.93314269349));
#2174 = CARTESIAN_POINT('',(-6.643778212601,21.645924423625,210.));
#2175 = CARTESIAN_POINT('',(-0.542771023197,50.027911719298,0.));
#2176 = CARTESIAN_POINT('',(-0.949800581629,38.553285264293,
    14.510989880861));
#2177 = CARTESIAN_POINT('',(-2.95120995844,43.455461276098,
    7.401941138453));
#2178 = CARTESIAN_POINT('',(-4.026251932082,26.195753865508,
    78.60851866771));
#2179 = CARTESIAN_POINT('',(-6.89056369301,17.209228202107,
    114.36747083087));
#2180 = CARTESIAN_POINT('',(-7.75472494276,3.913643831293,
    157.35014795422));
#2181 = CARTESIAN_POINT('',(-7.003460599067,14.956893001075,
    206.93314269349));
#2182 = CARTESIAN_POINT('',(-5.958565692605,21.493665847546,210.));
#2183 = CARTESIAN_POINT('',(-0.510531074511,50.024073450862,0.));
#2184 = CARTESIAN_POINT('',(-0.903703131054,38.498079479038,
    14.510989880861));
#2185 = CARTESIAN_POINT('',(-2.764139558148,43.479176370224,
    7.401941138453));
#2186 = CARTESIAN_POINT('',(-3.809503211353,26.047170150191,
    78.60851866771));
#2187 = CARTESIAN_POINT('',(-6.476914270518,17.162298975409,
    114.36747083087));
#2188 = CARTESIAN_POINT('',(-7.300340712602,3.830607102418,
    157.35014795422));
#2189 = CARTESIAN_POINT('',(-6.585355629476,14.90184734262,
    206.93314269349));
#2190 = CARTESIAN_POINT('',(-5.607389854819,21.425019442671,210.));
#2191 = CARTESIAN_POINT('',(-0.490830535664,50.021893828493,0.));
#2192 = CARTESIAN_POINT('',(-0.874546338134,38.465955474588,
    14.510989880861));
#2193 = CARTESIAN_POINT('',(-2.650969567833,43.493719337936,
    7.401941138453));
#2194 = CARTESIAN_POINT('',(-3.674855220752,25.961275805427,
    78.60851866771));
#2195 = CARTESIAN_POINT('',(-6.224621443482,17.136365447398,
    114.36747083087));
#2196 = CARTESIAN_POINT('',(-7.022066331431,3.782895345838,
    157.35014795422));
#2197 = CARTESIAN_POINT('',(-6.330109863139,14.871053305525,
    206.93314269349));
#2198 = CARTESIAN_POINT('',(-5.392562729766,21.386092005172,210.));
#2199 = CARTESIAN_POINT('',(-0.470808190677,50.019744792981,0.));
#2200 = CARTESIAN_POINT('',(-0.844520805955,38.433965012103,
    14.510989880861));
#2201 = CARTESIAN_POINT('',(-2.536407997477,43.508509164564,
    7.401941138453));
#2202 = CARTESIAN_POINT('',(-3.537137130516,25.875973017753,
    78.60851866771));
#2203 = CARTESIAN_POINT('',(-5.968403694931,17.111112516911,
    114.36747083087));
#2204 = CARTESIAN_POINT('',(-6.73899245591,3.735603451094,
    157.35014795422));
#2205 = CARTESIAN_POINT('',(-6.070796812662,14.840898156268,
    206.93314269349));
#2206 = CARTESIAN_POINT('',(-5.174132016987,21.347733764984,210.));
#2207 = CARTESIAN_POINT('',(-0.435904609271,50.01630594637,0.));
#2208 = CARTESIAN_POINT('',(-0.790394434553,38.381415846165,
    14.510989880861));
#2209 = CARTESIAN_POINT('',(-2.338800342125,43.534180005429,
    7.401941138453));
#2210 = CARTESIAN_POINT('',(-3.29310992339,25.736878366479,
    78.60851866771));
#2211 = CARTESIAN_POINT('',(-5.522634242365,17.072060925943,
    114.36747083087));
#2212 = CARTESIAN_POINT('',(-6.244381845277,3.658864968191,
    157.35014795422));
#2213 = CARTESIAN_POINT('',(-5.619207527719,14.793532846228,
    206.93314269349));
#2214 = CARTESIAN_POINT('',(-4.792921302652,21.286460161922,210.));
#2215 = CARTESIAN_POINT('',(-0.276181217336,50.002951695661,0.));
#2216 = CARTESIAN_POINT('',(-0.529161214517,38.168500567208,
    14.510989880861));
#2217 = CARTESIAN_POINT('',(-1.450173554795,43.646235861826,
    7.401941138453));
#2218 = CARTESIAN_POINT('',(-2.148594622958,25.185493186172,
    78.60851866771));
#2219 = CARTESIAN_POINT('',(-3.488478381218,16.926954767972,
    114.36747083087));
#2220 = CARTESIAN_POINT('',(-3.973076645075,3.356001904969,
    157.35014795422));
#2221 = CARTESIAN_POINT('',(-3.555540928747,14.613947778911,
    206.93314269349));
#2222 = CARTESIAN_POINT('',(-3.045171755368,21.049312429076,210.));
#2223 = CARTESIAN_POINT('',(-5.290299448513E-11,49.997404282163,0.));
#2224 = CARTESIAN_POINT('',(-1.277679255058E-11,38.094319985156,
    14.510989880861));
#2225 = CARTESIAN_POINT('',(-2.814903798558E-10,43.678126239948,
    7.401941138453));
#2226 = CARTESIAN_POINT('',(-1.260864799313E-10,24.99021553724,
    78.60851866771));
#2227 = CARTESIAN_POINT('',(-5.274431648404E-10,16.863334342063,
    114.36747083087));
#2228 = CARTESIAN_POINT('',(-6.853278970606E-10,3.238422429993,
    157.35014795422));
#2229 = CARTESIAN_POINT('',(-5.476591675947E-10,14.538623939984,
    206.93314269349));
#2230 = CARTESIAN_POINT('',(-4.334789749372E-10,20.956634704919,210.));
#2231 = CARTESIAN_POINT('',(0.276181217455,50.002951695542,0.));
#2232 = CARTESIAN_POINT('',(0.529161214546,38.168500567267,
    14.510989880861));
#2233 = CARTESIAN_POINT('',(1.450173555428,43.646235861245,
    7.401941138453));
#2234 = CARTESIAN_POINT('',(2.148594623241,25.185493186219,
    78.60851866771));
#2235 = CARTESIAN_POINT('',(3.488478382405,16.926954767031,
    114.36747083087));
#2236 = CARTESIAN_POINT('',(3.973076646619,3.356001903514,
    157.35014795422));
#2237 = CARTESIAN_POINT('',(3.55554092998,14.613947777901,
    206.93314269349));
#2238 = CARTESIAN_POINT('',(3.045171756343,21.049312428323,210.));
#2239 = CARTESIAN_POINT('',(0.435904609378,50.016305946283,0.));
#2240 = CARTESIAN_POINT('',(0.790394434254,38.381415846294,
    14.510989880861));
#2241 = CARTESIAN_POINT('',(2.338800342797,43.534180005083,
    7.401941138453));
#2242 = CARTESIAN_POINT('',(3.293109922676,25.736878366851,
    78.60851866771));
#2243 = CARTESIAN_POINT('',(5.522634243082,17.072060925545,
    114.36747083087));
#2244 = CARTESIAN_POINT('',(6.244381846409,3.658864967238,
    157.35014795422));
#2245 = CARTESIAN_POINT('',(5.619207528479,14.793532845752,
    206.93314269349));
#2246 = CARTESIAN_POINT('',(4.792921303096,21.286460161624,210.));
#2247 = CARTESIAN_POINT('',(0.470808190772,50.019744792907,0.));
#2248 = CARTESIAN_POINT('',(0.844520805669,38.433965012208,
    14.510989880861));
#2249 = CARTESIAN_POINT('',(2.536407997978,43.508509164355,
    7.401941138453));
#2250 = CARTESIAN_POINT('',(3.537137129663,25.875973018151,
    78.60851866771));
#2251 = CARTESIAN_POINT('',(5.968403695372,17.111112516716,
    114.36747083087));
#2252 = CARTESIAN_POINT('',(6.738992456883,3.735603450299,
    157.35014795422));
#2253 = CARTESIAN_POINT('',(6.070796813167,14.840898155985,
    206.93314269349));
#2254 = CARTESIAN_POINT('',(5.17413201722,21.347733764834,210.));
#2255 = CARTESIAN_POINT('',(0.490830535749,50.021893828428,0.));
#2256 = CARTESIAN_POINT('',(0.874546337879,38.465955474669,
    14.510989880861));
#2257 = CARTESIAN_POINT('',(2.650969568176,43.493719337832,
    7.401941138453));
#2258 = CARTESIAN_POINT('',(3.674855219873,25.961275805814,
    78.60851866771));
#2259 = CARTESIAN_POINT('',(6.224621443691,17.136365447354,
    114.36747083087));
#2260 = CARTESIAN_POINT('',(7.022066332296,3.782895345148,
    157.35014795422));
#2261 = CARTESIAN_POINT('',(6.330109863436,14.871053305382,
    206.93314269349));
#2262 = CARTESIAN_POINT('',(5.392562729843,21.386092005123,210.));
#2263 = CARTESIAN_POINT('',(0.510531074585,50.024073450806,0.));
#2264 = CARTESIAN_POINT('',(0.903703130838,38.498079479091,
    14.510989880861));
#2265 = CARTESIAN_POINT('',(2.764139558313,43.479176370234,
    7.401941138453));
#2266 = CARTESIAN_POINT('',(3.809503210471,26.047170150556,
    78.60851866771));
#2267 = CARTESIAN_POINT('',(6.47691427047,17.162298975526,
    114.36747083087));
#2268 = CARTESIAN_POINT('',(7.300340713357,3.830607101834,
    157.35014795422));
#2269 = CARTESIAN_POINT('',(6.585355629543,14.901847342627,
    206.93314269349));
#2270 = CARTESIAN_POINT('',(5.607389854731,21.425019442727,210.));
#2271 = CARTESIAN_POINT('',(0.542771023248,50.027911719261,0.));
#2272 = CARTESIAN_POINT('',(0.949800581518,38.553285264285,
    14.510989880861));
#2273 = CARTESIAN_POINT('',(2.951209958227,43.455461276331,
    7.401941138453));
#2274 = CARTESIAN_POINT('',(4.026251931289,26.195753865795,
    78.60851866771));
#2275 = CARTESIAN_POINT('',(6.890563692435,17.209228202537,
    114.36747083087));
#2276 = CARTESIAN_POINT('',(7.754724943297,3.91364383091,157.35014795422
    ));
#2277 = CARTESIAN_POINT('',(7.003460598669,14.956893001369,
    206.93314269349));
#2278 = CARTESIAN_POINT('',(5.95856569219,21.493665847801,210.));
#2279 = CARTESIAN_POINT('',(0.605852170908,50.03645725782,0.));
#2280 = CARTESIAN_POINT('',(1.033664815284,38.670249002263,
    14.510989880861));
#2281 = CARTESIAN_POINT('',(3.324261902567,43.410192702996,
    7.401941138453));
#2282 = CARTESIAN_POINT('',(4.43599882446,26.514307764506,78.60851866771
    ));
#2283 = CARTESIAN_POINT('',(7.702296207693,17.317535225735,
    114.36747083087));
#2284 = CARTESIAN_POINT('',(8.640417037602,4.095738707294,
    157.35014795422));
#2285 = CARTESIAN_POINT('',(7.822647426243,15.081884441928,
    206.93314269349));
#2286 = CARTESIAN_POINT('',(6.643778211454,21.645924424307,210.));
#2287 = CARTESIAN_POINT('',(0.684446851456,50.04943753253,0.));
#2288 = CARTESIAN_POINT('',(1.123388453723,38.833169881534,
    14.510989880861));
#2289 = CARTESIAN_POINT('',(3.804807629141,43.358673439516,
    7.401941138453));
#2290 = CARTESIAN_POINT('',(4.91254890341,26.966752792318,78.60851866771
    ));
#2291 = CARTESIAN_POINT('',(8.71807260908,17.488989477954,
    114.36747083087));
#2292 = CARTESIAN_POINT('',(9.735346035184,4.36366573217,157.35014795422
    ));
#2293 = CARTESIAN_POINT('',(8.844837923549,15.275389619747,
    206.93314269349));
#2294 = CARTESIAN_POINT('',(7.492196498921,21.873823627795,210.));
#2295 = CARTESIAN_POINT('',(0.768996834997,50.066732632107,0.));
#2296 = CARTESIAN_POINT('',(1.196010643718,39.027341351851,
    14.510989880861));
#2297 = CARTESIAN_POINT('',(4.346674022008,43.316864817358,
    7.401941138453));
#2298 = CARTESIAN_POINT('',(5.369411218312,27.520826506045,
    78.60851866771));
#2299 = CARTESIAN_POINT('',(9.816953853428,17.728302040872,
    114.36747083087));
#2300 = CARTESIAN_POINT('',(10.899357300709,4.70719038985,
    157.35014795422));
#2301 = CARTESIAN_POINT('',(9.946134865182,15.538955058472,
    206.93314269349));
#2302 = CARTESIAN_POINT('',(8.395566411923,22.172293779612,210.));
#2303 = CARTESIAN_POINT('',(0.825912807091,50.080325579432,0.));
#2304 = CARTESIAN_POINT('',(1.235318062256,39.164105993096,
    14.510989880861));
#2305 = CARTESIAN_POINT('',(4.719533028035,43.30296409759,7.401941138453
    ));
#2306 = CARTESIAN_POINT('',(5.649298473791,27.924171795216,
    78.60851866771));
#2307 = CARTESIAN_POINT('',(10.556488556271,17.924347149982,
    114.36747083087));
#2308 = CARTESIAN_POINT('',(11.677213852366,4.967949041819,
    157.35014795422));
#2309 = CARTESIAN_POINT('',(10.685844932343,15.750480476172,
    206.93314269349));
#2310 = CARTESIAN_POINT('',(8.997402687241,22.403850609179,210.));
#2311 = CARTESIAN_POINT('',(0.858584148546,50.088778459957,0.));
#2312 = CARTESIAN_POINT('',(1.254967771627,39.244130997122,
    14.510989880861));
#2313 = CARTESIAN_POINT('',(4.935604080985,43.300425759738,
    7.401941138453));
#2314 = CARTESIAN_POINT('',(5.801778489698,28.163790974655,
    78.60851866771));
#2315 = CARTESIAN_POINT('',(10.980100071818,18.049144245382,
    114.36747083087));
#2316 = CARTESIAN_POINT('',(12.122338328409,5.12683498996,
    157.35014795422));
#2317 = CARTESIAN_POINT('',(11.109329313858,15.883627613253,
    206.93314269349));
#2318 = CARTESIAN_POINT('',(9.340583498566,22.546844585726,210.));
#2319 = CARTESIAN_POINT('',(0.890831755126,50.097362740643,0.));
#2320 = CARTESIAN_POINT('',(1.273334397257,39.323597735591,
    14.510989880861));
#2321 = CARTESIAN_POINT('',(5.149563150654,43.300007765378,
    7.401941138453));
#2322 = CARTESIAN_POINT('',(5.94934684575,28.403105465876,78.60851866771
    ));
#2323 = CARTESIAN_POINT('',(11.397802746388,18.176927532976,
    114.36747083087));
#2324 = CARTESIAN_POINT('',(12.561225376815,5.287011284803,
    157.35014795422));
#2325 = CARTESIAN_POINT('',(11.526846618577,16.01942945977,
    206.93314269349));
#2326 = CARTESIAN_POINT('',(9.678445640881,22.691705461984,210.));
#2327 = CARTESIAN_POINT('',(0.935205654793,50.110021479704,0.));
#2328 = CARTESIAN_POINT('',(1.295082431575,39.434492432883,
    14.510989880861));
#2329 = CARTESIAN_POINT('',(5.446298500228,43.306842564402,
    7.401941138453));
#2330 = CARTESIAN_POINT('',(6.142283378804,28.741871041945,
    78.60851866771));
#2331 = CARTESIAN_POINT('',(11.971084547527,18.368816293991,
    114.36747083087));
#2332 = CARTESIAN_POINT('',(13.163492627115,5.519274661431,
    157.35014795422));
#2333 = CARTESIAN_POINT('',(12.099671758808,16.22159096329,
    206.93314269349));
#2334 = CARTESIAN_POINT('',(10.140260669424,22.904074418133,210.));
#2335 = CARTESIAN_POINT('',(0.983084515345,50.125136355122,0.));
#2336 = CARTESIAN_POINT('',(1.313179677034,39.555679303312,
    14.510989880861));
#2337 = CARTESIAN_POINT('',(5.7696137999,43.327609551858,7.401941138453)
  );
#2338 = CARTESIAN_POINT('',(6.334509904622,29.120556783559,
    78.60851866771));
#2339 = CARTESIAN_POINT('',(12.586788046371,18.602536154275,
    114.36747083087));
#2340 = CARTESIAN_POINT('',(13.810264108671,5.790977254114,
    157.35014795422));
#2341 = CARTESIAN_POINT('',(12.714579767587,16.465315263015,
    206.93314269349));
#2342 = CARTESIAN_POINT('',(10.633345987714,23.154489935259,210.));
#2343 = CARTESIAN_POINT('',(1.036319764611,50.143062307677,0.));
#2344 = CARTESIAN_POINT('',(1.329617276785,39.690855711215,
    14.510989880861));
#2345 = CARTESIAN_POINT('',(6.130970180102,43.361477962081,
    7.401941138453));
#2346 = CARTESIAN_POINT('',(6.536899069326,29.549742265078,
    78.60851866771));
#2347 = CARTESIAN_POINT('',(13.2689127538,18.882578197211,
    114.36747083087));
#2348 = CARTESIAN_POINT('',(14.527327903227,6.108534097528,
    157.35014795422));
#2349 = CARTESIAN_POINT('',(13.395700597498,16.755546974556,
    206.93314269349));
#2350 = CARTESIAN_POINT('',(11.177661611326,23.448582771293,210.));
#2351 = CARTESIAN_POINT('',(1.098904657103,50.165958450788,0.));
#2352 = CARTESIAN_POINT('',(1.343632586194,39.85047768908,
    14.510989880861));
#2353 = CARTESIAN_POINT('',(6.557957549992,43.418453547159,
    7.401941138453));
#2354 = CARTESIAN_POINT('',(6.757582017403,30.066903081373,
    78.60851866771));
#2355 = CARTESIAN_POINT('',(14.066414729378,19.244027568286,
    114.36747083087));
#2356 = CARTESIAN_POINT('',(15.367383810247,6.506755153624,
    157.35014795422));
#2357 = CARTESIAN_POINT('',(14.191995557899,17.127509065436,
    206.93314269349));
#2358 = CARTESIAN_POINT('',(11.811229144792,23.819302749386,210.));
#2359 = CARTESIAN_POINT('',(1.159856687387,50.191100815978,0.));
#2360 = CARTESIAN_POINT('',(1.352141050064,40.007059853353,
    14.510989880861));
#2361 = CARTESIAN_POINT('',(6.972829618798,43.499750805716,
    7.401941138453));
#2362 = CARTESIAN_POINT('',(6.950639933219,30.58762894401,78.60851866771
    ));
#2363 = CARTESIAN_POINT('',(14.833712852293,19.645007809837,
    114.36747083087));
#2364 = CARTESIAN_POINT('',(16.182694507474,6.933421784955,
    157.35014795422));
#2365 = CARTESIAN_POINT('',(14.958914710329,17.536623763255,
    206.93314269349));
#2366 = CARTESIAN_POINT('',(12.418175426167,24.218077846242,210.));
#2367 = CARTESIAN_POINT('',(1.199441586112,50.208660326647,0.));
#2368 = CARTESIAN_POINT('',(1.355811042256,40.108966633191,
    14.510989880861));
#2369 = CARTESIAN_POINT('',(7.241102604919,43.563623996779,
    7.401941138453));
#2370 = CARTESIAN_POINT('',(7.068528371472,30.931999744881,
    78.60851866771));
#2371 = CARTESIAN_POINT('',(15.326976773131,19.926064794276,
    114.36747083087));
#2372 = CARTESIAN_POINT('',(16.711653322692,7.227298288961,
    157.35014795422));
#2373 = CARTESIAN_POINT('',(15.452605875366,17.822123085701,
    206.93314269349));
#2374 = CARTESIAN_POINT('',(12.807903042863,24.49284609365,210.));
#2375 = CARTESIAN_POINT('',(1.23870142007,50.226537860085,0.));
#2376 = CARTESIAN_POINT('',(1.358842256917,40.210080688549,
    14.510989880861));
#2377 = CARTESIAN_POINT('',(7.506656354844,43.63112274238,7.401941138453
    ));
#2378 = CARTESIAN_POINT('',(7.182833618576,31.275747048516,
    78.60851866771));
#2379 = CARTESIAN_POINT('',(15.814194068503,20.212510127807,
    114.36747083087));
#2380 = CARTESIAN_POINT('',(17.236134568999,7.525059384397,
    157.35014795422));
#2381 = CARTESIAN_POINT('',(15.940532688847,18.112665637619,
    206.93314269349));
#2382 = CARTESIAN_POINT('',(13.192751348485,24.771231256205,210.));
#2383 = CARTESIAN_POINT('',(1.276341816078,50.244819407263,0.));
#2384 = CARTESIAN_POINT('',(1.360329480107,40.307088766519,
    14.510989880861));
#2385 = CARTESIAN_POINT('',(7.759939751144,43.706038921425,
    7.401941138453));
#2386 = CARTESIAN_POINT('',(7.286206327766,31.610577192285,
    78.60851866771));
#2387 = CARTESIAN_POINT('',(16.276478942781,20.505962948384,
    114.36747083087));
#2388 = CARTESIAN_POINT('',(17.738527570717,7.826159740946,
    157.35014795422));
#2389 = CARTESIAN_POINT('',(16.404176243533,18.409323555907,
    206.93314269349));
#2390 = CARTESIAN_POINT('',(13.557564034656,25.052537909776,210.));
#2391 = CARTESIAN_POINT('',(1.334277822928,50.274811725516,0.));
#2392 = CARTESIAN_POINT('',(1.360973207313,40.456163751829,
    14.510989880861));
#2393 = CARTESIAN_POINT('',(8.147328831391,43.837547554099,
    7.401941138453));
#2394 = CARTESIAN_POINT('',(7.437105065106,32.133068738066,
    78.60851866771));
#2395 = CARTESIAN_POINT('',(16.980911572073,20.986776268671,
    114.36747083087));
#2396 = CARTESIAN_POINT('',(18.510112709833,8.315517406086,
    157.35014795422));
#2397 = CARTESIAN_POINT('',(17.111543129118,18.894219066457,
    206.93314269349));
#2398 = CARTESIAN_POINT('',(14.113071000349,25.507806713201,210.));
#2399 = CARTESIAN_POINT('',(1.37653183768,50.298081006913,0.));
#2400 = CARTESIAN_POINT('',(1.360330773597,40.564636237774,
    14.510989880861));
#2401 = CARTESIAN_POINT('',(8.4279285704,43.945609290761,7.401941138453)
  );
#2402 = CARTESIAN_POINT('',(7.541318065147,32.519235774537,
    78.60851866771));
#2403 = CARTESIAN_POINT('',(17.489378034282,21.359180799493,
    114.36747083087));
#2404 = CARTESIAN_POINT('',(19.071711768163,8.691766762221,
    157.35014795422));
#2405 = CARTESIAN_POINT('',(17.622802736007,19.268965059162,
    206.93314269349));
#2406 = CARTESIAN_POINT('',(14.513813614413,25.856432704469,210.));
#2407 = CARTESIAN_POINT('',(1.440902739447,50.336087768478,0.));
#2408 = CARTESIAN_POINT('',(1.357953654415,40.73082094153,
    14.510989880861));
#2409 = CARTESIAN_POINT('',(8.851731573698,44.129562336375,
    7.401941138453));
#2410 = CARTESIAN_POINT('',(7.691532463348,33.117716888744,
    78.60851866771));
#2411 = CARTESIAN_POINT('',(18.255025511737,21.963575416537,
    114.36747083087));
#2412 = CARTESIAN_POINT('',(19.926107929393,9.300323813661,
    157.35014795422));
#2413 = CARTESIAN_POINT('',(18.393964224039,19.876261269319,
    206.93314269349));
#2414 = CARTESIAN_POINT('',(15.11722873047,26.416489983609,210.));
#2415 = CARTESIAN_POINT('',(1.486879609025,50.365285685755,0.));
#2416 = CARTESIAN_POINT('',(1.355327780902,40.850700920315,
    14.510989880861));
#2417 = CARTESIAN_POINT('',(9.151309217091,44.275670660093,
    7.401941138453));
#2418 = CARTESIAN_POINT('',(7.792544638939,33.553606854738,
    78.60851866771));
#2419 = CARTESIAN_POINT('',(18.794665659129,22.42437274056,
    114.36747083087));
#2420 = CARTESIAN_POINT('',(20.53552844525,9.763594127813,
    157.35014795422));
#2421 = CARTESIAN_POINT('',(18.938586032999,20.338753097523,
    206.93314269349));
#2422 = CARTESIAN_POINT('',(15.542638131065,26.839463469702,210.));
#2423 = CARTESIAN_POINT('',(1.527431826355,50.392745205992,0.));
#2424 = CARTESIAN_POINT('',(1.352463828792,40.957309092587,
    14.510989880861));
#2425 = CARTESIAN_POINT('',(9.412785609193,44.416262339254,
    7.401941138453));
#2426 = CARTESIAN_POINT('',(7.877688908324,33.945415715546,
    78.60851866771));
#2427 = CARTESIAN_POINT('',(19.264573973732,22.853701620274,
    114.36747083087));
#2428 = CARTESIAN_POINT('',(21.072560762856,10.196456078957,
    157.35014795422));
#2429 = CARTESIAN_POINT('',(19.413824953906,20.769579537119,
    206.93314269349));
#2430 = CARTESIAN_POINT('',(15.91345502198,27.231006971551,210.));
#2431 = CARTESIAN_POINT('',(1.567853443825,50.420765276549,0.));
#2432 = CARTESIAN_POINT('',(1.34945217896,41.063937055023,
    14.510989880861));
#2433 = CARTESIAN_POINT('',(9.672352637653,44.560799599482,
    7.401941138453));
#2434 = CARTESIAN_POINT('',(7.96119080157,34.338793624358,78.60851866771
    ));
#2435 = CARTESIAN_POINT('',(19.730657949984,23.290218174409,
    114.36747083087));
#2436 = CARTESIAN_POINT('',(21.607701074441,10.637194345354,
    157.35014795422));
#2437 = CARTESIAN_POINT('',(19.885585901787,21.207623355267,
    206.93314269349));
#2438 = CARTESIAN_POINT('',(16.281429706151,27.628250699129,210.));
#2439 = CARTESIAN_POINT('',(1.60731050942,50.449764137793,0.));
#2440 = CARTESIAN_POINT('',(1.346161632442,41.168941244175,
    14.510989880861));
#2441 = CARTESIAN_POINT('',(9.923047129054,44.713021635711,
    7.401941138453));
#2442 = CARTESIAN_POINT('',(8.03940279091,34.729944443072,78.60851866771
    ));
#2443 = CARTESIAN_POINT('',(20.179921959556,23.738027922678,
    114.36747083087));
#2444 = CARTESIAN_POINT('',(22.129538391953,11.090842568592,
    157.35014795422));
#2445 = CARTESIAN_POINT('',(20.341270985305,21.657006011361,
    206.93314269349));
#2446 = CARTESIAN_POINT('',(16.636488438129,28.033562850634,210.));
#2447 = CARTESIAN_POINT('',(1.666344610845,50.49579066889,0.));
#2448 = CARTESIAN_POINT('',(1.341056897243,41.327510331222,
    14.510989880861));
#2449 = CARTESIAN_POINT('',(10.29407814913,44.958359382771,
    7.401941138453));
#2450 = CARTESIAN_POINT('',(8.152541601752,35.326431246041,
    78.60851866771));
#2451 = CARTESIAN_POINT('',(20.84430652502,24.442439808627,
    114.36747083087));
#2452 = CARTESIAN_POINT('',(22.908473612525,11.806270843047,
    157.35014795422));
#2453 = CARTESIAN_POINT('',(21.016293374089,22.363825086051,
    206.93314269349));
#2454 = CARTESIAN_POINT('',(17.162102040509,28.667745372486,210.));
#2455 = CARTESIAN_POINT('',(1.706273038578,50.528743040788,0.));
#2456 = CARTESIAN_POINT('',(1.337567903105,41.435777585505,
    14.510989880861));
#2457 = CARTESIAN_POINT('',(10.542254192258,45.13638088555,
    7.401941138453));
#2458 = CARTESIAN_POINT('',(8.226674823407,35.737618045589,
    78.60851866771));
#2459 = CARTESIAN_POINT('',(21.28847361533,24.942538224895,
    114.36747083087));
#2460 = CARTESIAN_POINT('',(23.43424233664,12.315463685157,
    157.35014795422));
#2461 = CARTESIAN_POINT('',(21.468370491561,22.865601105778,
    206.93314269349));
#2462 = CARTESIAN_POINT('',(17.513920174915,29.115785664754,210.));
#2463 = CARTESIAN_POINT('',(1.764654885462,50.579759337425,0.));
#2464 = CARTESIAN_POINT('',(1.332223814683,41.596763198898,
    14.510989880861));
#2465 = CARTESIAN_POINT('',(10.901850854648,45.413739293303,
    7.401941138453));
#2466 = CARTESIAN_POINT('',(8.331987185913,36.352301161329,
    78.60851866771));
#2467 = CARTESIAN_POINT('',(21.931308212789,25.709350356546,
    114.36747083087));
#2468 = CARTESIAN_POINT('',(24.201988481439,13.099813838659,
    157.35014795422));
#2469 = CARTESIAN_POINT('',(22.123738098034,23.635266621687,
    206.93314269349));
#2470 = CARTESIAN_POINT('',(18.023674306562,29.800250985159,210.));
#2471 = CARTESIAN_POINT('',(1.804524028045,50.616700388888,0.));
#2472 = CARTESIAN_POINT('',(1.328349854117,41.708924213103,
    14.510989880861));
#2473 = CARTESIAN_POINT('',(11.145137301688,45.61540826105,
    7.401941138453));
#2474 = CARTESIAN_POINT('',(8.401730273965,36.782307932235,
    78.60851866771));
#2475 = CARTESIAN_POINT('',(22.365568545042,26.259103360943,
    114.36747083087));
#2476 = CARTESIAN_POINT('',(24.725506258997,13.665101822812,
    157.35014795422));
#2477 = CARTESIAN_POINT('',(22.567242041093,24.187342770984,
    206.93314269349));
#2478 = CARTESIAN_POINT('',(18.368444055679,30.289342029549,210.));
#2479 = CARTESIAN_POINT('',(1.841052493573,50.652455573703,0.));
#2480 = CARTESIAN_POINT('',(1.324728309802,41.813673393603,
    14.510989880861));
#2481 = CARTESIAN_POINT('',(11.366110769349,45.810980125797,
    7.401941138453));
#2482 = CARTESIAN_POINT('',(8.464061544937,37.186214733666,
    78.60851866771));
#2483 = CARTESIAN_POINT('',(22.759641477878,26.785653333819,
    114.36747083087));
#2484 = CARTESIAN_POINT('',(25.204388349883,14.210274895592,
    157.35014795422));
#2485 = CARTESIAN_POINT('',(22.970314097877,24.716577260746,
    206.93314269349));
#2486 = CARTESIAN_POINT('',(18.681643842025,30.756817719794,210.));
#2487 = CARTESIAN_POINT('',(1.877630447206,50.688995115954,0.));
#2488 = CARTESIAN_POINT('',(1.321084299518,41.919367915105,
    14.510989880861));
#2489 = CARTESIAN_POINT('',(11.586656943968,46.010938635603,
    7.401941138453));
#2490 = CARTESIAN_POINT('',(8.525917055071,37.594565235214,
    78.60851866771));
#2491 = CARTESIAN_POINT('',(23.15283781724,27.32163568873,
    114.36747083087));
#2492 = CARTESIAN_POINT('',(25.683615827045,14.766723498161,
    157.35014795422));
#2493 = CARTESIAN_POINT('',(23.372716052241,25.255485575532,
    206.93314269349));
#2494 = CARTESIAN_POINT('',(18.994273048334,31.232356088098,210.));
#2495 = CARTESIAN_POINT('',(1.922063937393,50.735729949562,0.));
#2496 = CARTESIAN_POINT('',(1.316628042982,42.050334294159,
    14.510989880861));
#2497 = CARTESIAN_POINT('',(11.852286581371,46.267002582993,
    7.401941138453));
#2498 = CARTESIAN_POINT('',(8.599378255188,38.10308331759,78.60851866771
    ));
#2499 = CARTESIAN_POINT('',(23.626102154662,28.000616186106,
    114.36747083087));
#2500 = CARTESIAN_POINT('',(26.264783803695,15.476112137024,
    157.35014795422));
#2501 = CARTESIAN_POINT('',(23.857760725573,25.938742597781,
    206.93314269349));
#2502 = CARTESIAN_POINT('',(19.370961518474,31.83364270264,210.));
#2503 = CARTESIAN_POINT('',(1.974651885401,50.794893423712,0.));
#2504 = CARTESIAN_POINT('',(1.311525833616,42.209634580988,
    14.510989880861));
#2505 = CARTESIAN_POINT('',(12.163232484794,46.591746905564,
    7.401941138453));
#2506 = CARTESIAN_POINT('',(8.684478017527,38.725695179558,
    78.60851866771));
#2507 = CARTESIAN_POINT('',(24.18008581479,28.850548485453,
    114.36747083087));
#2508 = CARTESIAN_POINT('',(26.950909149667,16.369017841991,
    157.35014795422));
#2509 = CARTESIAN_POINT('',(24.426479356478,26.794564441899,
    206.93314269349));
#2510 = CARTESIAN_POINT('',(19.812540819295,32.584310171835,210.));
#2511 = CARTESIAN_POINT('',(2.016038327707,50.843868902529,0.));
#2512 = CARTESIAN_POINT('',(1.307726493302,42.337773991617,
    14.510989880861));
#2513 = CARTESIAN_POINT('',(12.405896855787,46.860890679825,
    7.401941138453));
#2514 = CARTESIAN_POINT('',(8.750697156317,39.228903929617,
    78.60851866771));
#2515 = CARTESIAN_POINT('',(24.61258548591,29.548569887591,
    114.36747083087));
#2516 = CARTESIAN_POINT('',(27.490118020736,17.105354575331,
    157.35014795422));
#2517 = CARTESIAN_POINT('',(24.871063555591,27.497761978576,
    206.93314269349));
#2518 = CARTESIAN_POINT('',(20.157738495259,33.199660888744,210.));
#2519 = CARTESIAN_POINT('',(2.063627512997,50.90291202289,0.));
#2520 = CARTESIAN_POINT('',(1.303432846387,42.488625367247,
    14.510989880861));
#2521 = CARTESIAN_POINT('',(12.68312054221,47.185296097277,
    7.401941138453));
#2522 = CARTESIAN_POINT('',(8.826015277571,39.823113154206,
    78.60851866771));
#2523 = CARTESIAN_POINT('',(25.106570311924,30.384022212822,
    114.36747083087));
#2524 = CARTESIAN_POINT('',(28.109446502104,17.990425773366,
    157.35014795422));
#2525 = CARTESIAN_POINT('',(25.379416877604,28.339870984803,
    206.93314269349));
#2526 = CARTESIAN_POINT('',(20.552426201182,33.93513765326,210.));
#2527 = CARTESIAN_POINT('',(2.101959147027,50.95341677192,0.));
#2528 = CARTESIAN_POINT('',(1.299883141244,42.614256691727,
    14.510989880861));
#2529 = CARTESIAN_POINT('',(12.904857292851,47.462218158891,
    7.401941138453));
#2530 = CARTESIAN_POINT('',(8.885782601064,40.319043996917,
    78.60851866771));
#2531 = CARTESIAN_POINT('',(25.501255371548,31.092083242436,
    114.36747083087));
#2532 = CARTESIAN_POINT('',(28.607467198402,18.744955719251,
    157.35014795422));
#2533 = CARTESIAN_POINT('',(25.78610108963,29.054150904447,
    206.93314269349));
#2534 = CARTESIAN_POINT('',(20.868125359497,34.557616851038,210.));
#2535 = CARTESIAN_POINT('',(2.131435820096,50.994104576138,0.));
#2536 = CARTESIAN_POINT('',(1.297167508636,42.713453549363,
    14.510989880861));
#2537 = CARTESIAN_POINT('',(13.074527375781,47.684850755066,
    7.401941138453));
#2538 = CARTESIAN_POINT('',(8.931229576435,40.711717030091,
    78.60851866771));
#2539 = CARTESIAN_POINT('',(25.803166063546,31.658300515393,
    114.36747083087));
#2540 = CARTESIAN_POINT('',(28.989853996745,19.351463207948,
    157.35014795422));
#2541 = CARTESIAN_POINT('',(26.097422095958,29.62578018821,
    206.93314269349));
#2542 = CARTESIAN_POINT('',(21.109746797744,35.05509467257,210.));
#2543 = CARTESIAN_POINT('',(2.161077490995,51.035741246709,0.));
#2544 = CARTESIAN_POINT('',(1.294438643574,42.81423772098,
    14.510989880861));
#2545 = CARTESIAN_POINT('',(13.244834581762,47.912486884313,
    7.401941138453));
#2546 = CARTESIAN_POINT('',(8.976736146837,41.111043960138,
    78.60851866771));
#2547 = CARTESIAN_POINT('',(26.106189356776,32.236118560767,
    114.36747083087));
#2548 = CARTESIAN_POINT('',(29.374145273438,19.971625504227,
    157.35014795422));
#2549 = CARTESIAN_POINT('',(26.409970412548,30.209296183128,
    206.93314269349));
#2550 = CARTESIAN_POINT('',(21.352299494166,35.562674580193,210.));
#2551 = CARTESIAN_POINT('',(2.209255928012,51.106517831489,0.));
#2552 = CARTESIAN_POINT('',(1.29002806922,42.982498123419,
    14.510989880861));
#2553 = CARTESIAN_POINT('',(13.520315806902,48.298676364267,
    7.401941138453));
#2554 = CARTESIAN_POINT('',(9.049924075578,41.779316771061,
    78.60851866771));
#2555 = CARTESIAN_POINT('',(26.596278059885,33.211668610581,
    114.36747083087));
#2556 = CARTESIAN_POINT('',(29.997808417574,21.023585971,157.35014795422
    ));
#2557 = CARTESIAN_POINT('',(26.915808749504,31.195164848903,
    206.93314269349));
#2558 = CARTESIAN_POINT('',(21.744809233902,36.419122590394,210.));
#2559 = CARTESIAN_POINT('',(2.251433761583,51.173781040578,0.));
#2560 = CARTESIAN_POINT('',(1.28635279961,43.137497030481,
    14.510989880861));
#2561 = CARTESIAN_POINT('',(13.759346817772,48.664767738796,
    7.401941138453));
#2562 = CARTESIAN_POINT('',(9.113206728887,42.397692151829,
    78.60851866771));
#2563 = CARTESIAN_POINT('',(27.02160486113,34.128947327199,
    114.36747083087));
#2564 = CARTESIAN_POINT('',(30.542748616545,22.018271497637,
    157.35014795422));
#2565 = CARTESIAN_POINT('',(27.355408760324,32.122867780983,
    206.93314269349));
#2566 = CARTESIAN_POINT('',(22.085915054314,37.223254195575,210.));
#2567 = CARTESIAN_POINT('',(2.294320771351,51.245308282025,0.));
#2568 = CARTESIAN_POINT('',(1.28282670522,43.299814434613,
    14.510989880861));
#2569 = CARTESIAN_POINT('',(14.001254128294,49.053683894177,
    7.401941138453));
#2570 = CARTESIAN_POINT('',(9.177491578114,43.046691748474,
    78.60851866771));
#2571 = CARTESIAN_POINT('',(27.452272608813,35.099498439529,
    114.36747083087));
#2572 = CARTESIAN_POINT('',(31.096464411013,23.073888578122,
    157.35014795422));
#2573 = CARTESIAN_POINT('',(27.800852229626,33.104866902267,
    206.93314269349));
#2574 = CARTESIAN_POINT('',(22.431610301539,38.073502954828,210.));
#2575 = CARTESIAN_POINT('',(2.329858765799,51.307033843014,0.));
#2576 = CARTESIAN_POINT('',(1.280071530652,43.438011286064,
    14.510989880861));
#2577 = CARTESIAN_POINT('',(14.200814301849,49.389016895312,
    7.401941138453));
#2578 = CARTESIAN_POINT('',(9.230717667667,43.600332928898,
    78.60851866771));
#2579 = CARTESIAN_POINT('',(27.807727588684,35.933396076324,
    114.36747083087));
#2580 = CARTESIAN_POINT('',(31.554994891987,23.983258333412,
    157.35014795422));
#2581 = CARTESIAN_POINT('',(28.168756297002,33.948915980362,
    206.93314269349));
#2582 = CARTESIAN_POINT('',(22.71717378134,38.803597795211,210.));
#2583 = CARTESIAN_POINT('',(2.367291865973,51.376800761427,0.));
#2584 = CARTESIAN_POINT('',(1.277109258007,43.591231301312,
    14.510989880861));
#2585 = CARTESIAN_POINT('',(14.410084404273,49.766844248081,
    7.401941138453));
#2586 = CARTESIAN_POINT('',(9.286482903626,44.215033581942,
    78.60851866771));
#2587 = CARTESIAN_POINT('',(28.180163133656,36.868824400884,
    114.36747083087));
#2588 = CARTESIAN_POINT('',(32.037241310085,25.008392598725,
    157.35014795422));
#2589 = CARTESIAN_POINT('',(28.554535532605,34.896439336963,
    206.93314269349));
#2590 = CARTESIAN_POINT('',(23.016612562234,39.622066854581,210.));
#2591 = CARTESIAN_POINT('',(2.388766510625,51.418449088789,0.));
#2592 = CARTESIAN_POINT('',(1.275422823118,43.681755055636,
    14.510989880861));
#2593 = CARTESIAN_POINT('',(14.529884812076,49.991985594819,
    7.401941138453));
#2594 = CARTESIAN_POINT('',(9.3183417772,44.578680801689,78.60851866771)
  );
#2595 = CARTESIAN_POINT('',(28.393354334923,37.424898257475,
    114.36747083087));
#2596 = CARTESIAN_POINT('',(32.313613194393,25.619560278461,
    157.35014795422));
#2597 = CARTESIAN_POINT('',(28.775417462801,35.459959955734,
    206.93314269349));
#2598 = CARTESIAN_POINT('',(23.188041914237,40.108522256994,210.));
#2599 = CARTESIAN_POINT('',(2.410443605792,51.461128596,0.));
#2600 = CARTESIAN_POINT('',(1.273721327453,43.774174677823,
    14.510989880861));
#2601 = CARTESIAN_POINT('',(14.650722943746,50.222542931548,
    7.401941138453));
#2602 = CARTESIAN_POINT('',(9.35044536091,44.950107096629,78.60851866771
    ));
#2603 = CARTESIAN_POINT('',(28.608394562731,37.993846179164,
    114.36747083087));
#2604 = CARTESIAN_POINT('',(32.592475484258,26.245564538425,
    157.35014795422));
#2605 = CARTESIAN_POINT('',(28.998230139144,36.036627765283,
    206.93314269349));
#2606 = CARTESIAN_POINT('',(23.36096086923,40.606213882289,210.));
#2607 = CARTESIAN_POINT('',(2.445752816202,51.533413999156,0.));
#2608 = CARTESIAN_POINT('',(1.270960866912,43.929236261774,
    14.510989880861));
#2609 = CARTESIAN_POINT('',(14.847153350249,50.612383015144,
    7.401941138453));
#2610 = CARTESIAN_POINT('',(9.402519084659,45.573994115854,
    78.60851866771));
#2611 = CARTESIAN_POINT('',(28.957970464144,38.95372288544,
    114.36747083087));
#2612 = CARTESIAN_POINT('',(33.046265267721,27.304482654565,
    157.35014795422));
#2613 = CARTESIAN_POINT('',(29.360514768539,37.009935449624,
    206.93314269349));
#2614 = CARTESIAN_POINT('',(23.642115553686,41.445698733529,210.));
#2615 = CARTESIAN_POINT('',(2.48995417062,51.630721584943,0.));
#2616 = CARTESIAN_POINT('',(1.267626351977,44.134573882929,
    14.510989880861));
#2617 = CARTESIAN_POINT('',(15.092038834885,51.135949960823,
    7.401941138453));
#2618 = CARTESIAN_POINT('',(9.467446729219,46.401982623768,
    78.60851866771));
#2619 = CARTESIAN_POINT('',(29.393858472052,40.237959010419,
    114.36747083087));
#2620 = CARTESIAN_POINT('',(33.613970987645,28.72589029357,
    157.35014795422));
#2621 = CARTESIAN_POINT('',(29.812558722628,38.312779022301,
    206.93314269349));
#2622 = CARTESIAN_POINT('',(23.992943955878,42.568202997485,210.));
#2623 = CARTESIAN_POINT('',(2.532157800511,51.73055002069,0.));
#2624 = CARTESIAN_POINT('',(1.264637392826,44.342249591364,
    14.510989880861));
#2625 = CARTESIAN_POINT('',(15.324863477278,51.672203853898,
    7.401941138453));
#2626 = CARTESIAN_POINT('',(9.529467102636,47.241012497512,
    78.60851866771));
#2627 = CARTESIAN_POINT('',(29.808486945385,41.548859549633,
    114.36747083087));
#2628 = CARTESIAN_POINT('',(34.155608721479,30.181272641146,
    157.35014795422));
#2629 = CARTESIAN_POINT('',(30.24282806993,39.643289438506,
    206.93314269349));
#2630 = CARTESIAN_POINT('',(24.32693229228,43.71343914346,210.));
#2631 = CARTESIAN_POINT('',(2.567143279275,51.818894529421,0.));
#2632 = CARTESIAN_POINT('',(1.262363732332,44.523876468296,
    14.510989880861));
#2633 = CARTESIAN_POINT('',(15.517136310467,52.146065533056,
    7.401941138453));
#2634 = CARTESIAN_POINT('',(9.581108329449,47.975940784302,
    78.60851866771));
#2635 = CARTESIAN_POINT('',(30.151151473706,42.704046851807,
    114.36747083087));
#2636 = CARTESIAN_POINT('',(34.604344332778,31.467137356074,
    157.35014795422));
#2637 = CARTESIAN_POINT('',(30.598609136568,40.816224579795,
    206.93314269349));
#2638 = CARTESIAN_POINT('',(24.603177340796,44.722244514523,210.));
#2639 = CARTESIAN_POINT('',(2.591513120348,51.884272815723,0.));
#2640 = CARTESIAN_POINT('',(1.260750703145,44.65707797753,
    14.510989880861));
#2641 = CARTESIAN_POINT('',(15.650888476338,52.49609821503,
    7.401941138453));
#2642 = CARTESIAN_POINT('',(9.617089337953,48.51528957928,78.60851866771
    ));
#2643 = CARTESIAN_POINT('',(30.389406961476,43.555731983578,
    114.36747083087));
#2644 = CARTESIAN_POINT('',(34.916673824136,32.417477412339,
    157.35014795422));
#2645 = CARTESIAN_POINT('',(30.846039699983,41.681327084222,
    206.93314269349));
#2646 = CARTESIAN_POINT('',(24.795302951969,45.465846275777,210.));
#2647 = CARTESIAN_POINT('',(2.605531224053,51.923206023535,0.));
#2648 = CARTESIAN_POINT('',(1.259826540294,44.736012770885,
    14.510989880861));
#2649 = CARTESIAN_POINT('',(15.727784970782,52.704334803031,
    7.401941138453));
#2650 = CARTESIAN_POINT('',(9.637760943593,48.835096448049,
    78.60851866771));
#2651 = CARTESIAN_POINT('',(30.526384147682,44.061870926779,
    114.36747083087));
#2652 = CARTESIAN_POINT('',(35.096234610219,32.983030511966,
    157.35014795422));
#2653 = CARTESIAN_POINT('',(30.988291249299,42.195555246952,
    206.93314269349));
#2654 = CARTESIAN_POINT('',(24.905752237407,45.907724883758,210.));
#2655 = CARTESIAN_POINT('',(2.619726733127,51.96315632963,0.));
#2656 = CARTESIAN_POINT('',(1.258889734424,44.816865820746,
    14.510989880861));
#2657 = CARTESIAN_POINT('',(15.805641226564,52.917930570907,
    7.401941138453));
#2658 = CARTESIAN_POINT('',(9.658680797596,49.162741601842,
    78.60851866771));
#2659 = CARTESIAN_POINT('',(30.665074581205,44.580832379109,
    114.36747083087));
#2660 = CARTESIAN_POINT('',(35.27802736784,33.563215591816,
    157.35014795422));
#2661 = CARTESIAN_POINT('',(31.132319607718,42.722855879169,
    206.93314269349));
#2662 = CARTESIAN_POINT('',(25.017577388762,46.360789739223,210.));
#2663 = CARTESIAN_POINT('',(2.642917155896,52.030704892677,0.));
#2664 = CARTESIAN_POINT('',(1.257358326651,44.952958136752,
    14.510989880861));
#2665 = CARTESIAN_POINT('',(15.932766607698,53.278746639015,
    7.401941138453));
#2666 = CARTESIAN_POINT('',(9.692804839455,49.714526203675,
    78.60851866771));
#2667 = CARTESIAN_POINT('',(30.891546179971,45.45661670277,
    114.36747083087));
#2668 = CARTESIAN_POINT('',(35.574866706917,34.543562604341,
    157.35014795422));
#2669 = CARTESIAN_POINT('',(31.367504020515,43.612896714992,
    206.93314269349));
#2670 = CARTESIAN_POINT('',(25.200178106969,47.125308644454,210.));
#2671 = CARTESIAN_POINT('',(2.685644940054,52.16351397632,0.));
#2672 = CARTESIAN_POINT('',(1.254591327857,45.218417365535,
    14.510989880861));
#2673 = CARTESIAN_POINT('',(16.166650454802,53.987210004371,
    7.401941138453));
#2674 = CARTESIAN_POINT('',(9.755612231257,50.79194092112,78.60851866771
    ));
#2675 = CARTESIAN_POINT('',(31.30824460173,47.173240947892,
    114.36747083087));
#2676 = CARTESIAN_POINT('',(36.121824586863,36.468322995834,
    157.35014795422));
#2677 = CARTESIAN_POINT('',(31.800363914764,45.357909576262,
    206.93314269349));
#2678 = CARTESIAN_POINT('',(25.536266538923,48.623478224073,210.));
#2679 = CARTESIAN_POINT('',(2.724001092672,52.296786762525,0.));
#2680 = CARTESIAN_POINT('',(1.252238630942,45.481714797487,
    14.510989880861));
#2681 = CARTESIAN_POINT('',(16.375913594807,54.697017645465,
    7.401941138453));
#2682 = CARTESIAN_POINT('',(9.812015613513,51.862241107767,
    78.60851866771));
#2683 = CARTESIAN_POINT('',(31.681214891997,48.888591571851,
    114.36747083087));
#2684 = CARTESIAN_POINT('',(36.612493235178,38.396643394777,
    157.35014795422));
#2685 = CARTESIAN_POINT('',(32.187986557061,47.102327581778,
    206.93314269349));
#2686 = CARTESIAN_POINT('',(25.837272095967,50.119999550717,210.));
#2687 = CARTESIAN_POINT('',(2.755396045286,52.417738976331,0.));
#2688 = CARTESIAN_POINT('',(1.250489387354,45.718576193814,
    14.510989880861));
#2689 = CARTESIAN_POINT('',(16.546773130912,55.340321230457,
    7.401941138453));
#2690 = CARTESIAN_POINT('',(9.858527104581,52.826141147711,
    78.60851866771));
#2691 = CARTESIAN_POINT('',(31.985979667445,50.440209975004,
    114.36747083087));
#2692 = CARTESIAN_POINT('',(37.013964197158,40.144489497052,
    157.35014795422));
#2693 = CARTESIAN_POINT('',(32.504820399531,48.680747915001,
    206.93314269349));
#2694 = CARTESIAN_POINT('',(26.083384984051,51.473348609043,210.));
#2695 = CARTESIAN_POINT('',(2.769122615508,52.473531284468,0.));
#2696 = CARTESIAN_POINT('',(1.249723123138,45.827423258798,
    14.510989880861));
#2697 = CARTESIAN_POINT('',(16.621455630398,55.636823954034,
    7.401941138453));
#2698 = CARTESIAN_POINT('',(9.878903763811,53.269232027645,
    78.60851866771));
#2699 = CARTESIAN_POINT('',(32.119175246044,51.154807197604,
    114.36747083087));
#2700 = CARTESIAN_POINT('',(37.189444340899,40.950273334836,
    157.35014795422));
#2701 = CARTESIAN_POINT('',(32.643295014787,49.407806807747,
    206.93314269349));
#2702 = CARTESIAN_POINT('',(26.190957385787,52.096584410244,210.));
#2703 = CARTESIAN_POINT('',(2.777038907484,52.506721274643,0.));
#2704 = CARTESIAN_POINT('',(1.249284005242,45.892041806684,
    14.510989880861));
#2705 = CARTESIAN_POINT('',(16.664523902743,55.813132251753,
    7.401941138453));
#2706 = CARTESIAN_POINT('',(9.890660485957,53.532344447255,
    78.60851866771));
#2707 = CARTESIAN_POINT('',(32.195991167826,51.579543036332,
    114.36747083087));
#2708 = CARTESIAN_POINT('',(37.290624737308,41.429480136914,
    157.35014795422));
#2709 = CARTESIAN_POINT('',(32.723152012839,49.839989581973,
    206.93314269349));
#2710 = CARTESIAN_POINT('',(26.252993039998,52.467007543414,210.));
#2711 = CARTESIAN_POINT('',(2.785074740425,52.540815098893,0.));
#2712 = CARTESIAN_POINT('',(1.248838695169,45.95837017888,
    14.510989880861));
#2713 = CARTESIAN_POINT('',(16.708242393509,55.994212389477,
    7.401941138453));
#2714 = CARTESIAN_POINT('',(9.902595807394,53.80244229128,78.60851866771
    ));
#2715 = CARTESIAN_POINT('',(32.273969310119,52.015704534004,
    114.36747083087));
#2716 = CARTESIAN_POINT('',(37.393324202514,41.921683173739,
    157.35014795422));
#2717 = CARTESIAN_POINT('',(32.804215333841,50.283813904121,
    206.93314269349));
#2718 = CARTESIAN_POINT('',(26.315965368614,52.847392049932,210.));
#2719 = CARTESIAN_POINT('',(2.798238594417,52.598426963659,0.));
#2720 = CARTESIAN_POINT('',(1.24811185157,46.07023783823,14.510989880861
    ));
#2721 = CARTESIAN_POINT('',(16.779857320385,56.300079373135,
    7.401941138453));
#2722 = CARTESIAN_POINT('',(9.922153519526,54.258084508107,
    78.60851866771));
#2723 = CARTESIAN_POINT('',(32.401715192822,52.752135369166,
    114.36747083087));
#2724 = CARTESIAN_POINT('',(37.561530448351,42.753171673857,
    157.35014795422));
#2725 = CARTESIAN_POINT('',(32.937009026529,51.033247092229,
    206.93314269349));
#2726 = CARTESIAN_POINT('',(26.419125942171,53.489626073113,210.));
#2727 = CARTESIAN_POINT('',(2.835805647403,52.772898659871,0.));
#2728 = CARTESIAN_POINT('',(1.246073375865,46.4078700599,14.510989880861
    ));
#2729 = CARTESIAN_POINT('',(16.984171421832,57.225809021668,
    7.401941138453));
#2730 = CARTESIAN_POINT('',(9.978037955766,55.633878863549,
    78.60851866771));
#2731 = CARTESIAN_POINT('',(32.766215051499,54.979392198513,
    114.36747083087));
#2732 = CARTESIAN_POINT('',(38.041623168762,45.269751933027,
    157.35014795422));
#2733 = CARTESIAN_POINT('',(33.315937703098,53.300086575529,
    206.93314269349));
#2734 = CARTESIAN_POINT('',(26.713511098021,55.431810902541,210.));
#2735 = CARTESIAN_POINT('',(2.866820082827,52.945496544137,0.));
#2736 = CARTESIAN_POINT('',(1.244505609666,46.739036140119,
    14.510989880861));
#2737 = CARTESIAN_POINT('',(17.152583934343,58.140435395017,
    7.401941138453));
#2738 = CARTESIAN_POINT('',(10.024411273476,56.98484580987,
    78.60851866771));
#2739 = CARTESIAN_POINT('',(33.066825061792,57.175811312209,
    114.36747083087));
#2740 = CARTESIAN_POINT('',(38.437878593589,47.756276126399,
    157.35014795422));
#2741 = CARTESIAN_POINT('',(33.628504935386,55.536217619815,
    206.93314269349));
#2742 = CARTESIAN_POINT('',(26.956392683967,57.346643056723,210.));
#2743 = CARTESIAN_POINT('',(2.891056322936,53.105599641914,0.));
#2744 = CARTESIAN_POINT('',(1.243429283852,47.044596932355,
    14.510989880861));
#2745 = CARTESIAN_POINT('',(17.284119834365,58.988035238851,
    7.401941138453));
#2746 = CARTESIAN_POINT('',(10.061121731776,58.232145975209,
    78.60851866771));
#2747 = CARTESIAN_POINT('',(33.301847370212,59.208973713716,
    114.36747083087));
#2748 = CARTESIAN_POINT('',(38.747571721123,50.060970219542,
    157.35014795422));
#2749 = CARTESIAN_POINT('',(33.872867040595,57.606570222252,
    206.93314269349));
#2750 = CARTESIAN_POINT('',(27.146353859355,59.118929031868,210.));
#2751 = CARTESIAN_POINT('',(2.897123752986,53.147665716801,0.));
#2752 = CARTESIAN_POINT('',(1.243150543193,47.124788078998,
    14.510989880861));
#2753 = CARTESIAN_POINT('',(17.317074679122,59.210671386877,
    7.401941138453));
#2754 = CARTESIAN_POINT('',(10.07032093702,58.55951103413,78.60851866771
    ));
#2755 = CARTESIAN_POINT('',(33.360711991976,59.742897879002,
    114.36747083087));
#2756 = CARTESIAN_POINT('',(38.825094726315,50.666403462623,
    157.35014795422));
#2757 = CARTESIAN_POINT('',(33.934063809124,58.150290656239,
    206.93314269349));
#2758 = CARTESIAN_POINT('',(27.193926440865,59.584337144879,210.));
#2759 = CARTESIAN_POINT('',(2.900631591644,53.17268037958,0.));
#2760 = CARTESIAN_POINT('',(1.242987851142,47.172443380768,
    14.510989880861));
#2761 = CARTESIAN_POINT('',(17.336136127782,59.343041745443,
    7.401941138453));
#2762 = CARTESIAN_POINT('',(10.07563611979,58.754069683861,
    78.60851866771));
#2763 = CARTESIAN_POINT('',(33.39475864114,60.060306625405,
    114.36747083087));
#2764 = CARTESIAN_POINT('',(38.869909216213,51.026391195516,
    157.35014795422));
#2765 = CARTESIAN_POINT('',(33.969455299688,58.473533287266,
    206.93314269349));
#2766 = CARTESIAN_POINT('',(27.221437155031,59.861013241288,210.));
#2767 = CARTESIAN_POINT('',(2.904198806132,53.198394720622,0.));
#2768 = CARTESIAN_POINT('',(1.242821415863,47.221420217301,
    14.510989880861));
#2769 = CARTESIAN_POINT('',(17.355523801868,59.479106724394,
    7.401941138453));
#2770 = CARTESIAN_POINT('',(10.081039254985,58.954028898189,
    78.60851866771));
#2771 = CARTESIAN_POINT('',(33.429387888449,60.386558866894,
    114.36747083087));
#2772 = CARTESIAN_POINT('',(38.915480075425,51.396435127391,
    157.35014795422));
#2773 = CARTESIAN_POINT('',(34.005450618973,58.805785914677,
    206.93314269349));
#2774 = CARTESIAN_POINT('',(27.249416438536,60.145397737229,210.));
#2775 = CARTESIAN_POINT('',(2.910057795625,53.241840481451,0.));
#2776 = CARTESIAN_POINT('',(1.24254414538,47.304119951944,
    14.510989880861));
#2777 = CARTESIAN_POINT('',(17.387380818001,59.708963304194,
    7.401941138453));
#2778 = CARTESIAN_POINT('',(10.089905096285,59.291692956823,
    78.60851866771));
#2779 = CARTESIAN_POINT('',(33.486288297771,60.937633472178,
    114.36747083087));
#2780 = CARTESIAN_POINT('',(38.990323111258,52.02158600126,
    157.35014795422));
#2781 = CARTESIAN_POINT('',(34.06458941633,59.367011883941,
    206.93314269349));
#2782 = CARTESIAN_POINT('',(27.29538431186,60.625749850378,210.));
#2783 = CARTESIAN_POINT('',(2.939116959599,53.469366083978,0.));
#2784 = CARTESIAN_POINT('',(1.241151530872,47.73675539209,
    14.510989880861));
#2785 = CARTESIAN_POINT('',(17.545416426335,60.912490575817,
    7.401941138453));
#2786 = CARTESIAN_POINT('',(10.133805812666,61.0584064486,78.60851866771
    ));
#2787 = CARTESIAN_POINT('',(33.76852307576,63.822411640971,
    114.36747083087));
#2788 = CARTESIAN_POINT('',(39.361702585973,55.294830461218,
    157.35014795422));
#2789 = CARTESIAN_POINT('',(34.357949669594,62.305027009317,
    206.93314269349));
#2790 = CARTESIAN_POINT('',(27.523397521452,63.14022896994,210.));
#2791 = CARTESIAN_POINT('',(2.959534084995,53.692188936387,0.));
#2792 = CARTESIAN_POINT('',(1.240079635896,48.158342310398,
    14.510989880861));
#2793 = CARTESIAN_POINT('',(17.6561300837,62.090403408463,7.401941138453
    ));
#2794 = CARTESIAN_POINT('',(10.164136380668,62.78123688643,
    78.608518667709));
#2795 = CARTESIAN_POINT('',(33.966057389356,66.642664348346,
    114.36747083087));
#2796 = CARTESIAN_POINT('',(39.62237347309,58.498222585022,
    157.35014795422));
#2797 = CARTESIAN_POINT('',(34.563385904586,65.177795541987,
    206.93314269349));
#2798 = CARTESIAN_POINT('',(27.683007958229,65.598080874698,210.));
#2799 = CARTESIAN_POINT('',(2.972877761735,53.902834742149,0.));
#2800 = CARTESIAN_POINT('',(1.239277233292,48.555838288817,
    14.510989880861));
#2801 = CARTESIAN_POINT('',(17.728284629708,63.203545912696,
    7.401941138453));
#2802 = CARTESIAN_POINT('',(10.183488831607,64.406219726266,
    78.60851866771));
#2803 = CARTESIAN_POINT('',(34.094605288787,69.306290398343,
    114.36747083087));
#2804 = CARTESIAN_POINT('',(39.792543369205,61.525437917292,
    157.35014795422));
#2805 = CARTESIAN_POINT('',(34.697156885566,67.891263759965,
    206.93314269349));
#2806 = CARTESIAN_POINT('',(27.7868753443,67.919249680601,210.));
#2807 = CARTESIAN_POINT('',(2.974365348765,53.927502761135,0.));
#2808 = CARTESIAN_POINT('',(1.239192638754,48.602374572402,
    14.510989880861));
#2809 = CARTESIAN_POINT('',(17.736316094159,63.333897906639,
    7.401941138453));
#2810 = CARTESIAN_POINT('',(10.185647650568,64.596470587108,
    78.60851866771));
#2811 = CARTESIAN_POINT('',(34.108921969738,69.61818848288,
    114.36747083087));
#2812 = CARTESIAN_POINT('',(39.811514639469,61.879931135585,
    157.35014795422));
#2813 = CARTESIAN_POINT('',(34.712058478906,68.20900099129,
    206.93314269349));
#2814 = CARTESIAN_POINT('',(27.798446772032,68.191045211599,210.));
#2815 = CARTESIAN_POINT('',(2.975224517903,53.942170773244,0.));
#2816 = CARTESIAN_POINT('',(1.23914482046,48.630041575964,
    14.510989880861));
#2817 = CARTESIAN_POINT('',(17.740950788609,63.411405877692,
    7.401941138453));
#2818 = CARTESIAN_POINT('',(10.186897214884,64.709581917756,
    78.60851866771));
#2819 = CARTESIAN_POINT('',(34.117184749332,69.803638411917,
    114.36747083087));
#2820 = CARTESIAN_POINT('',(39.822472633291,62.090714115768,
    157.35014795422));
#2821 = CARTESIAN_POINT('',(34.720660363798,68.397923707462,
    206.93314269349));
#2822 = CARTESIAN_POINT('',(27.805127167754,68.352649925923,210.));
#2823 = CARTESIAN_POINT('',(2.976098195775,53.957254841185,0.));
#2824 = CARTESIAN_POINT('',(1.23909673868,48.658491709553,
    14.510989880861));
#2825 = CARTESIAN_POINT('',(17.745662200069,63.491111775645,
    7.401941138453));
#2826 = CARTESIAN_POINT('',(10.188169216425,64.825895852371,
    78.60851866771));
#2827 = CARTESIAN_POINT('',(34.125584580894,69.994344818442,
    114.36747083087));
#2828 = CARTESIAN_POINT('',(39.833616156772,62.307474163547,
    157.35014795422));
#2829 = CARTESIAN_POINT('',(34.729405579617,68.592201686612,
    206.93314269349));
#2830 = CARTESIAN_POINT('',(27.811919265464,68.518834910613,210.));
#2831 = CARTESIAN_POINT('',(2.97753147391,53.98274149616,0.));
#2832 = CARTESIAN_POINT('',(1.239020062841,48.706555142075,
    14.510989880861));
#2833 = CARTESIAN_POINT('',(17.753385431778,63.625783550396,
    7.401941138453));
#2834 = CARTESIAN_POINT('',(10.190261680913,65.022399644895,
    78.60851866771));
#2835 = CARTESIAN_POINT('',(34.139355522973,70.31655365023,
    114.36747083087));
#2836 = CARTESIAN_POINT('',(39.851897690679,62.673713279153,
    157.35014795422));
#2837 = CARTESIAN_POINT('',(34.743744992518,68.920446445926,
    206.93314269349));
#2838 = CARTESIAN_POINT('',(27.823056909386,68.799612167602,210.));
#2839 = CARTESIAN_POINT('',(2.996114704341,54.33284510644,0.));
#2840 = CARTESIAN_POINT('',(1.238059239324,49.366616966086,
    14.510989880861));
#2841 = CARTESIAN_POINT('',(17.853486560495,65.475662219592,
    7.401941138453));
#2842 = CARTESIAN_POINT('',(10.21752425814,67.721104707392,
    78.60851866771));
#2843 = CARTESIAN_POINT('',(34.317904651286,74.742226726842,
    114.36747083087));
#2844 = CARTESIAN_POINT('',(40.088722624923,67.704475372002,
    157.35014795422));
#2845 = CARTESIAN_POINT('',(34.92963313602,73.42907048332,
    206.93314269349));
#2846 = CARTESIAN_POINT('',(27.967460803315,72.656179296271,210.));
#2847 = CARTESIAN_POINT('',(2.998882897374,54.673619771083,0.));
#2848 = CARTESIAN_POINT('',(1.23837776524,50.006821121612,
    14.510989880861));
#2849 = CARTESIAN_POINT('',(17.869515209743,67.275154534619,
    7.401941138453));
#2850 = CARTESIAN_POINT('',(10.22385500594,70.339771307883,
    78.60851866771));
#2851 = CARTESIAN_POINT('',(34.34737451084,79.044129154284,
    114.36747083087));
#2852 = CARTESIAN_POINT('',(40.124960150725,72.598652097587,
    157.35014795422));
#2853 = CARTESIAN_POINT('',(34.959879414808,77.812192890108,
    206.93314269349));
#2854 = CARTESIAN_POINT('',(27.991257207581,76.404570778971,210.));
#2855 = CARTESIAN_POINT('',(3.,55.,0.));
#2856 = CARTESIAN_POINT('',(1.238376215134,50.622795358937,
    14.510989880861));
#2857 = CARTESIAN_POINT('',(17.875506054745,68.998989115814,
    7.401941138453));
#2858 = CARTESIAN_POINT('',(10.225664814539,72.857270313403,
    78.60851866771));
#2859 = CARTESIAN_POINT('',(34.358150136271,83.169662155298,
    114.36747083087));
#2860 = CARTESIAN_POINT('',(40.139225169029,77.288648327147,
    157.35014795422));
#2861 = CARTESIAN_POINT('',(34.971096637045,82.015154727062,
    206.93314269349));
#2862 = CARTESIAN_POINT('',(28.,80.,210.));
#2863 = DEFINITIONAL_REPRESENTATION('',(#2864),#2868);
#2864 = LINE('',#2865,#2866);
#2865 = CARTESIAN_POINT('',(0.,0.));
#2866 = VECTOR('',#2867,1.);
#2867 = DIRECTION('',(1.,0.));
#2868 = ( GEOMETRIC_REPRESENTATION_CONTEXT(2) 
PARAMETRIC_REPRESENTATION_CONTEXT() REPRESENTATION_CONTEXT('2D SPACE',''
  ) );
#2869 = PCURVE('',#2870,#2875);
#2870 = PLANE('',#2871);
#2871 = AXIS2_PLACEMENT_3D('',#2872,#2873,#2874);
#2872 = CARTESIAN_POINT('',(3.,55.,0.));
#2873 = DIRECTION('',(-0.,0.,-1.));
#2874 = DIRECTION('',(-0.766730911817,-0.641968619844,0.));
#2875 = DEFINITIONAL_REPRESENTATION('',(#2876),#3192);
#2876 = B_SPLINE_CURVE_WITH_KNOTS('',3,(#2877,#2878,#2879,#2880,#2881,
    #2882,#2883,#2884,#2885,#2886,#2887,#2888,#2889,#2890,#2891,#2892,
    #2893,#2894,#2895,#2896,#2897,#2898,#2899,#2900,#2901,#2902,#2903,
    #2904,#2905,#2906,#2907,#2908,#2909,#2910,#2911,#2912,#2913,#2914,
    #2915,#2916,#2917,#2918,#2919,#2920,#2921,#2922,#2923,#2924,#2925,
    #2926,#2927,#2928,#2929,#2930,#2931,#2932,#2933,#2934,#2935,#2936,
    #2937,#2938,#2939,#2940,#2941,#2942,#2943,#2944,#2945,#2946,#2947,
    #2948,#2949,#2950,#2951,#2952,#2953,#2954,#2955,#2956,#2957,#2958,
    #2959,#2960,#2961,#2962,#2963,#2964,#2965,#2966,#2967,#2968,#2969,
    #2970,#2971,#2972,#2973,#2974,#2975,#2976,#2977,#2978,#2979,#2980,
    #2981,#2982,#2983,#2984,#2985,#2986,#2987,#2988,#2989,#2990,#2991,
    #2992,#2993,#2994,#2995,#2996,#2997,#2998,#2999,#3000,#3001,#3002,
    #3003,#3004,#3005,#3006,#3007,#3008,#3009,#3010,#3011,#3012,#3013,
    #3014,#3015,#3016,#3017,#3018,#3019,#3020,#3021,#3022,#3023,#3024,
    #3025,#3026,#3027,#3028,#3029,#3030,#3031,#3032,#3033,#3034,#3035,
    #3036,#3037,#3038,#3039,#3040,#3041,#3042,#3043,#3044,#3045,#3046,
    #3047,#3048,#3049,#3050,#3051,#3052,#3053,#3054,#3055,#3056,#3057,
    #3058,#3059,#3060,#3061,#3062,#3063,#3064,#3065,#3066,#3067,#3068,
    #3069,#3070,#3071,#3072,#3073,#3074,#3075,#3076,#3077,#3078,#3079,
    #3080,#3081,#3082,#3083,#3084,#3085,#3086,#3087,#3088,#3089,#3090,
    #3091,#3092,#3093,#3094,#3095,#3096,#3097,#3098,#3099,#3100,#3101,
    #3102,#3103,#3104,#3105,#3106,#3107,#3108,#3109,#3110,#3111,#3112,
    #3113,#3114,#3115,#3116,#3117,#3118,#3119,#3120,#3121,#3122,#3123,
    #3124,#3125,#3126,#3127,#3128,#3129,#3130,#3131,#3132,#3133,#3134,
    #3135,#3136,#3137,#3138,#3139,#3140,#3141,#3142,#3143,#3144,#3145,
    #3146,#3147,#3148,#3149,#3150,#3151,#3152,#3153,#3154,#3155,#3156,
    #3157,#3158,#3159,#3160,#3161,#3162,#3163,#3164,#3165,#3166,#3167,
    #3168,#3169,#3170,#3171,#3172,#3173,#3174,#3175,#3176,#3177,#3178,
    #3179,#3180,#3181,#3182,#3183,#3184,#3185,#3186,#3187,#3188,#3189,
    #3190,#3191),.UNSPECIFIED.,.T.,.F.,(4,1,1,1,1,1,1,1,1,1,1,1,1,1,1,1,
    1,1,1,1,1,1,1,1,1,1,1,1,1,1,1,1,1,1,1,1,1,1,1,1,1,1,1,1,1,1,1,1,1,1,
    1,1,1,1,1,1,1,1,1,1,1,1,1,1,1,1,1,1,1,1,1,1,1,1,1,1,1,1,1,1,1,1,1,1,
    1,1,1,1,1,1,1,1,1,1,1,1,1,1,1,1,1,1,1,1,1,1,1,1,1,1,1,1,1,1,1,1,1,1,
    1,1,1,1,1,1,1,1,1,1,1,1,1,1,1,1,1,1,1,1,1,1,1,1,1,1,1,1,1,1,1,1,1,1,
    1,1,1,1,1,1,1,1,1,1,1,1,1,1,1,1,1,1,1,1,1,1,1,1,1,1,1,1,1,1,1,1,1,1,
    1,1,1,1,1,1,1,1,1,1,1,1,1,1,1,1,1,1,1,1,1,1,1,1,1,1,1,1,1,1,1,1,1,1,
    1,1,1,1,1,1,1,1,1,1,1,1,1,1,1,1,1,1,1,1,1,1,1,1,1,1,1,1,1,1,1,1,1,1,
    1,1,1,1,1,1,1,1,1,1,1,1,1,1,1,1,1,1,1,1,1,1,1,1,1,1,1,1,1,1,1,1,1,1,
    1,1,1,1,1,1,1,1,1,1,1,1,1,1,1,1,1,1,1,1,1,1,1,1,4),(0.,
    3.704173808496E-02,3.853123065704E-02,3.969965341824E-02,
    3.993238418426E-02,4.024223661402E-02,4.13635419423E-02,
    4.273098186666E-02,6.41454235551E-02,6.670297813495E-02,
    6.871057125171E-02,6.911058570477E-02,6.964322375689E-02,
    7.157139084363E-02,7.392412299658E-02,8.798229181108E-02,
    9.142688381577E-02,9.41345982466E-02,9.467449969176E-02,
    9.539359974116E-02,9.79986060635E-02,0.101181034377,0.109544756832,
    0.113701703722,0.116977141638,0.117631034906,0.118502363775,
    0.121662626819,0.125531319728,0.129261366267,0.133934097107,
    0.137629017904,0.138368006002,0.139353417329,0.142934025332,
    0.147331186171,0.147415924125,0.152374504434,0.156314770953,
    0.157104865229,0.158159479062,0.162001684612,0.164280609728,
    0.166741923668,0.169256768763,0.173236214754,0.174036903778,
    0.175107101911,0.179020209467,0.180186028534,0.183879181261,
    0.18487503496,0.188653224365,0.189416628917,0.190438725212,
    0.194193366675,0.195576751147,0.198895789819,0.199649381927,
    0.202956802179,0.203628160021,0.204528730921,0.207854793944,
    0.211083750696,0.212064253329,0.214207887829,0.216761918232,
    0.217282460108,0.21798194064,0.220578530215,0.223899762548,
    0.227742224453,0.229592560459,0.231111132833,0.231421401473,
    0.231838779688,0.233393257979,0.235396049494,0.25,0.264603950506,
    0.266606742021,0.268161220312,0.268578598527,0.268888867167,
    0.270407439541,0.272257775547,0.276100237452,0.279421469785,
    0.28201805936,0.282717539892,0.283238081768,0.285792112171,
    0.287935746671,0.288916249304,0.292145206056,0.295471269079,
    0.296371839979,0.297043197821,0.300350618073,0.301104210181,
    0.304423248853,0.305806633325,0.309561274788,0.310583371083,
    0.311346775635,0.31512496504,0.316120818739,0.319813971466,
    0.320979790533,0.324892898089,0.325963096222,0.326763785246,
    0.330743231237,0.333258076332,0.335719390272,0.337998315388,
    0.341840520938,0.342895134771,0.343685229047,0.347625495566,
    0.352584075875,0.352668813829,0.357065974668,0.360646582671,
    0.361631993998,0.362370982096,0.366065902893,0.370738633733,
    0.374468680272,0.378337373181,0.381497636225,0.382368965094,
    0.383022858362,0.386298296278,0.390455243168,0.398818965623,
    0.402001393936,0.404606400259,0.405325500308,0.405865401753,
    0.408573116184,0.412017708189,0.426075877003,0.428428609156,
    0.430356776243,0.430889414295,0.431289428748,0.433297021865,
    0.435854576445,0.457269018133,0.458636458058,0.459757763386,
    0.460067615816,0.460300346582,0.461468769343,0.462958261915,0.5,
    0.537041738085,0.538531230657,0.539699653418,0.539932384184,
    0.540242236614,0.541363541942,0.542730981867,0.564145423555,
    0.566702978135,0.568710571252,0.569110585705,0.569643223757,
    0.571571390844,0.573924122997,0.587982291811,0.591426883816,
    0.594134598247,0.594674499692,0.595393599741,0.597998606064,
    0.601181034377,0.609544756832,0.613701703722,0.616977141638,
    0.617631034906,0.618502363775,0.621662626819,0.625531319728,
    0.629261366267,0.633934097107,0.637629017904,0.638368006002,
    0.639353417329,0.642934025332,0.647331186171,0.647415924125,
    0.652374504434,0.656314770953,0.657104865229,0.658159479062,
    0.662001684612,0.664280609728,0.666741923668,0.669256768763,
    0.673236214754,0.674036903778,0.675107101911,0.679020209467,
    0.680186028534,0.683879181261,0.68487503496,0.688653224365,
    0.689416628917,0.690438725212,0.694193366675,0.695576751147,
    0.698895789819,0.699649381927,0.702956802179,0.703628160021,
    0.704528730921,0.707854793944,0.711083750696,0.712064253329,
    0.714207887829,0.716761918232,0.717282460108,0.71798194064,
    0.720578530215,0.723899762548,0.727742224453,0.729592560459,
    0.731111132833,0.731421401473,0.731838779688,0.733393257979,
    0.735396049494,0.75,0.764603950506,0.766606742021,0.768161220312,
    0.768578598527,0.768888867167,0.770407439541,0.772257775547,
    0.776100237452,0.779421469785,0.78201805936,0.782717539892,
    0.783238081768,0.785792112171,0.787935746671,0.788916249304,
    0.792145206056,0.795471269079,0.796371839979,0.797043197821,
    0.800350618073,0.801104210181,0.804423248853,0.805806633325,
    0.809561274788,0.810583371083,0.811346775635,0.81512496504,
    0.816120818739,0.819813971466,0.820979790533,0.824892898089,
    0.825963096222,0.826763785246,0.830743231237,0.833258076332,
    0.835719390272,0.837998315388,0.841840520938,0.842895134771,
    0.843685229047,0.847625495566,0.852584075875,0.852668813829,
    0.857065974668,0.860646582671,0.861631993998,0.862370982096,
    0.866065902893,0.870738633733,0.874468680272,0.878337373181,
    0.881497636225,0.882368965094,0.883022858362,0.886298296278,
    0.890455243168,0.898818965623,0.902001393936,0.904606400259,
    0.905325500308,0.905865401753,0.908573116184,0.912017708189,
    0.926075877003,0.928428609156,0.930356776243,0.930889414295,
    0.931289428748,0.933297021865,0.935854576445,0.957269018133,
    0.958636458058,0.959757763386,0.960067615816,0.960300346582,
    0.961468769343,0.962958261915,1.),.UNSPECIFIED.);
#2877 = CARTESIAN_POINT('',(0.,0.));
#2878 = CARTESIAN_POINT('',(-0.210382382217,0.249528665686));
#2879 = CARTESIAN_POINT('',(-0.425650518151,0.513740364208));
#2880 = CARTESIAN_POINT('',(-0.635779728305,0.79442195397));
#2881 = CARTESIAN_POINT('',(-0.651019754063,0.814902459492));
#2882 = CARTESIAN_POINT('',(-0.660021383174,0.827038796218));
#2883 = CARTESIAN_POINT('',(-0.668767901648,0.838846095984));
#2884 = CARTESIAN_POINT('',(-0.683447000199,0.858728558155));
#2885 = CARTESIAN_POINT('',(-0.808335924932,1.028893909656));
#2886 = CARTESIAN_POINT('',(-0.935898785803,1.212702200807));
#2887 = CARTESIAN_POINT('',(-1.059738340428,1.405761450513));
#2888 = CARTESIAN_POINT('',(-1.083143770345,1.442828182596));
#2889 = CARTESIAN_POINT('',(-1.096919518745,1.464831655515));
#2890 = CARTESIAN_POINT('',(-1.110291160126,1.486260931893));
#2891 = CARTESIAN_POINT('',(-1.132646901677,1.522407107703));
#2892 = CARTESIAN_POINT('',(-1.216846653002,1.660720951574));
#2893 = CARTESIAN_POINT('',(-1.303840795001,1.812991289437));
#2894 = CARTESIAN_POINT('',(-1.387032515882,1.970889217002));
#2895 = CARTESIAN_POINT('',(-1.413922925269,2.023514023362));
#2896 = CARTESIAN_POINT('',(-1.429648345182,2.054813919795));
#2897 = CARTESIAN_POINT('',(-1.444885358335,2.085343934315));
#2898 = CARTESIAN_POINT('',(-1.47017791664,2.136933453897));
#2899 = CARTESIAN_POINT('',(-1.52375627614,2.24982389169));
#2900 = CARTESIAN_POINT('',(-1.579909080848,2.376627762733));
#2901 = CARTESIAN_POINT('',(-1.632409353463,2.505885047868));
#2902 = CARTESIAN_POINT('',(-1.657992809879,2.572563964881));
#2903 = CARTESIAN_POINT('',(-1.672755494551,2.612308189773));
#2904 = CARTESIAN_POINT('',(-1.687001205005,2.651158728175));
#2905 = CARTESIAN_POINT('',(-1.710286575072,2.716931228852));
#2906 = CARTESIAN_POINT('',(-1.740175836609,2.807127854147));
#2907 = CARTESIAN_POINT('',(-1.771902994389,2.910763425415));
#2908 = CARTESIAN_POINT('',(-1.80048057068,3.013748289284));
#2909 = CARTESIAN_POINT('',(-1.819812862893,3.091839151779));
#2910 = CARTESIAN_POINT('',(-1.83059130716,3.138478831579));
#2911 = CARTESIAN_POINT('',(-1.840863004526,3.184197896039));
#2912 = CARTESIAN_POINT('',(-1.856950200062,3.261721108919));
#2913 = CARTESIAN_POINT('',(-1.869328129043,3.331862169068));
#2914 = CARTESIAN_POINT('',(-1.882363686278,3.414236339441));
#2915 = CARTESIAN_POINT('',(-1.893205557161,3.492885924676));
#2916 = CARTESIAN_POINT('',(-1.901701997231,3.578081572678));
#2917 = CARTESIAN_POINT('',(-1.905704231631,3.629034731177));
#2918 = CARTESIAN_POINT('',(-1.909223829515,3.679154443622));
#2919 = CARTESIAN_POINT('',(-1.91225621282,3.742485728896));
#2920 = CARTESIAN_POINT('',(-1.91367191198,3.818306704715));
#2921 = CARTESIAN_POINT('',(-1.913380352083,3.882426528716));
#2922 = CARTESIAN_POINT('',(-1.911040632735,3.961548812188));
#2923 = CARTESIAN_POINT('',(-1.906974401777,4.025906757751));
#2924 = CARTESIAN_POINT('',(-1.902386198415,4.07740464863));
#2925 = CARTESIAN_POINT('',(-1.89733240697,4.128269378007));
#2926 = CARTESIAN_POINT('',(-1.890478506025,4.182187956423));
#2927 = CARTESIAN_POINT('',(-1.878466208668,4.258783035202));
#2928 = CARTESIAN_POINT('',(-1.869006240263,4.309681432745));
#2929 = CARTESIAN_POINT('',(-1.853290559942,4.382869436304));
#2930 = CARTESIAN_POINT('',(-1.841653966505,4.430433957977));
#2931 = CARTESIAN_POINT('',(-1.828649467742,4.47786722318));
#2932 = CARTESIAN_POINT('',(-1.815184978109,4.524954538309));
#2933 = CARTESIAN_POINT('',(-1.798677235699,4.576857193171));
#2934 = CARTESIAN_POINT('',(-1.773721221692,4.647322252817));
#2935 = CARTESIAN_POINT('',(-1.756261910167,4.692289282304));
#2936 = CARTESIAN_POINT('',(-1.731094709491,4.752478418578));
#2937 = CARTESIAN_POINT('',(-1.71397083395,4.790659398991));
#2938 = CARTESIAN_POINT('',(-1.695345921312,4.829570237772));
#2939 = CARTESIAN_POINT('',(-1.676267610896,4.868445919992));
#2940 = CARTESIAN_POINT('',(-1.645674415201,4.926852638851));
#2941 = CARTESIAN_POINT('',(-1.6123872495,4.984585356095));
#2942 = CARTESIAN_POINT('',(-1.583078037649,5.032505097258));
#2943 = CARTESIAN_POINT('',(-1.556071111156,5.074830865327));
#2944 = CARTESIAN_POINT('',(-1.530174783921,5.113023362935));
#2945 = CARTESIAN_POINT('',(-1.51096038596,5.140307147772));
#2946 = CARTESIAN_POINT('',(-1.491336742577,5.167762208548));
#2947 = CARTESIAN_POINT('',(-1.456423752962,5.214722609555));
#2948 = CARTESIAN_POINT('',(-1.402699577987,5.282261733438));
#2949 = CARTESIAN_POINT('',(-1.350771535738,5.342669430076));
#2950 = CARTESIAN_POINT('',(-1.307891237358,5.389717676042));
#2951 = CARTESIAN_POINT('',(-1.285635919984,5.413357630496));
#2952 = CARTESIAN_POINT('',(-1.271930157028,5.427675942093));
#2953 = CARTESIAN_POINT('',(-1.257958019556,5.442177391244));
#2954 = CARTESIAN_POINT('',(-1.233403996364,5.467221065247));
#2955 = CARTESIAN_POINT('',(-1.119512144304,5.579997587607));
#2956 = CARTESIAN_POINT('',(-0.911316733209,5.761550635686));
#2957 = CARTESIAN_POINT('',(-0.695998791244,5.934596937182));
#2958 = CARTESIAN_POINT('',(-0.56496091938,6.026895225864));
#2959 = CARTESIAN_POINT('',(-0.535991632963,6.046665559854));
#2960 = CARTESIAN_POINT('',(-0.519260268769,6.057871545077));
#2961 = CARTESIAN_POINT('',(-0.502756007489,6.068847488968));
#2962 = CARTESIAN_POINT('',(-0.475572594339,6.086601605277));
#2963 = CARTESIAN_POINT('',(-0.421720360852,6.120545594094));
#2964 = CARTESIAN_POINT('',(-0.353126460679,6.161048534986));
#2965 = CARTESIAN_POINT('',(-0.277196463448,6.202066283909));
#2966 = CARTESIAN_POINT('',(-0.224830982617,6.228182419113));
#2967 = CARTESIAN_POINT('',(-0.194354371149,6.242675310305));
#2968 = CARTESIAN_POINT('',(-0.164118295531,6.256795428426));
#2969 = CARTESIAN_POINT('',(-0.121968941753,6.275576232955));
#2970 = CARTESIAN_POINT('',(-7.555546368303E-02,6.294723916623));
#2971 = CARTESIAN_POINT('',(-2.323045353416E-02,6.315154893926));
#2972 = CARTESIAN_POINT('',(3.945392340133E-02,6.337777249866));
#2973 = CARTESIAN_POINT('',(0.102328338498,6.357629111614));
#2974 = CARTESIAN_POINT('',(0.143951958761,6.369577954608));
#2975 = CARTESIAN_POINT('',(0.185530502473,6.381074278383));
#2976 = CARTESIAN_POINT('',(0.226126737235,6.391221204121));
#2977 = CARTESIAN_POINT('',(0.289802191864,6.405418265299));
#2978 = CARTESIAN_POINT('',(0.337137799763,6.414702740021));
#2979 = CARTESIAN_POINT('',(0.410892108735,6.426885881539));
#2980 = CARTESIAN_POINT('',(0.464888142993,6.434014644716));
#2981 = CARTESIAN_POINT('',(0.513608932202,6.438993833715));
#2982 = CARTESIAN_POINT('',(0.562589442128,6.443459390294));
#2983 = CARTESIAN_POINT('',(0.611458753056,6.446555265267));
#2984 = CARTESIAN_POINT('',(0.686269611764,6.449163340673));
#2985 = CARTESIAN_POINT('',(0.738038359625,6.44953053421));
#2986 = CARTESIAN_POINT('',(0.815552385976,6.447894070572));
#2987 = CARTESIAN_POINT('',(0.869836284086,6.445164957647));
#2988 = CARTESIAN_POINT('',(0.920797493065,6.441200476728));
#2989 = CARTESIAN_POINT('',(0.972300179137,6.43666637505));
#2990 = CARTESIAN_POINT('',(1.036371005522,6.429358237756));
#2991 = CARTESIAN_POINT('',(1.114672906597,6.417755591398));
#2992 = CARTESIAN_POINT('',(1.177845895604,6.406773386598));
#2993 = CARTESIAN_POINT('',(1.252237833235,6.39205398788));
#2994 = CARTESIAN_POINT('',(1.314050353716,6.377938165076));
#2995 = CARTESIAN_POINT('',(1.3627713283,6.365664680946));
#2996 = CARTESIAN_POINT('',(1.41222795351,6.352769592879));
#2997 = CARTESIAN_POINT('',(1.494604199184,6.329432049073));
#2998 = CARTESIAN_POINT('',(1.570124105352,6.304936076565));
#2999 = CARTESIAN_POINT('',(1.648925119609,6.277625964828));
#3000 = CARTESIAN_POINT('',(1.715799039135,6.253113248502));
#3001 = CARTESIAN_POINT('',(1.789288293066,6.22365157068));
#3002 = CARTESIAN_POINT('',(1.832490473603,6.205504520844));
#3003 = CARTESIAN_POINT('',(1.876509867488,6.18669680997));
#3004 = CARTESIAN_POINT('',(1.949987492335,6.153940765747));
#3005 = CARTESIAN_POINT('',(2.046346525098,6.107708129092));
#3006 = CARTESIAN_POINT('',(2.142792254197,6.058260523919));
#3007 = CARTESIAN_POINT('',(2.226331272061,6.012984141387));
#3008 = CARTESIAN_POINT('',(2.286987269977,5.978501499809));
#3009 = CARTESIAN_POINT('',(2.322729298939,5.957649442224));
#3010 = CARTESIAN_POINT('',(2.35926028288,5.936131395389));
#3011 = CARTESIAN_POINT('',(2.420405103262,5.899227193164));
#3012 = CARTESIAN_POINT('',(2.538424664123,5.824827008435));
#3013 = CARTESIAN_POINT('',(2.653389320872,5.747262668399));
#3014 = CARTESIAN_POINT('',(2.755107767739,5.67467775893));
#3015 = CARTESIAN_POINT('',(2.801449208173,5.640711929609));
#3016 = CARTESIAN_POINT('',(2.828825867356,5.620346333353));
#3017 = CARTESIAN_POINT('',(2.85687445665,5.599364605158));
#3018 = CARTESIAN_POINT('',(2.903952954201,5.56364365471));
#3019 = CARTESIAN_POINT('',(3.044764501312,5.453994815301));
#3020 = CARTESIAN_POINT('',(3.179353557401,5.341589739193));
#3021 = CARTESIAN_POINT('',(3.300717091702,5.234391733776));
#3022 = CARTESIAN_POINT('',(3.332373618449,5.206031490326));
#3023 = CARTESIAN_POINT('',(3.35112119128,5.189102020801));
#3024 = CARTESIAN_POINT('',(3.370363349473,5.171673868704));
#3025 = CARTESIAN_POINT('',(3.402744768827,5.142118943827));
#3026 = CARTESIAN_POINT('',(3.571076130474,4.986282520363));
#3027 = CARTESIAN_POINT('',(3.729734261197,4.828419434493));
#3028 = CARTESIAN_POINT('',(3.875219393902,4.675555573714));
#3029 = CARTESIAN_POINT('',(3.892200035954,4.657608761047));
#3030 = CARTESIAN_POINT('',(3.902277882687,4.646921997071));
#3031 = CARTESIAN_POINT('',(3.912634156389,4.635926169545));
#3032 = CARTESIAN_POINT('',(3.930100208207,4.617321364121));
#3033 = CARTESIAN_POINT('',(4.169195460985,4.361090771338));
#3034 = CARTESIAN_POINT('',(4.603087308949,3.854073914598));
#3035 = CARTESIAN_POINT('',(5.025954516441,3.337826344555));
#3036 = CARTESIAN_POINT('',(5.236175110668,3.057419571558));
#3037 = CARTESIAN_POINT('',(5.251420616874,3.036955547235));
#3038 = CARTESIAN_POINT('',(5.260425145577,3.024827930371));
#3039 = CARTESIAN_POINT('',(5.269174355757,3.013028725302));
#3040 = CARTESIAN_POINT('',(5.283857423298,2.993158198962));
#3041 = CARTESIAN_POINT('',(5.408772474102,2.823071415663));
#3042 = CARTESIAN_POINT('',(5.536293745493,2.639138053633));
#3043 = CARTESIAN_POINT('',(5.66011980544,2.446038221759));
#3044 = CARTESIAN_POINT('',(5.683523571238,2.408966485215));
#3045 = CARTESIAN_POINT('',(5.697298584186,2.386960800592));
#3046 = CARTESIAN_POINT('',(5.710669601524,2.365529647548));
#3047 = CARTESIAN_POINT('',(5.733024683611,2.329381488548));
#3048 = CARTESIAN_POINT('',(5.817224130046,2.19106672779));
#3049 = CARTESIAN_POINT('',(5.904225176232,2.038817152696));
#3050 = CARTESIAN_POINT('',(5.987419269414,1.880926359287));
#3051 = CARTESIAN_POINT('',(6.014310033268,1.828302618904));
#3052 = CARTESIAN_POINT('',(6.030035555657,1.797003030648));
#3053 = CARTESIAN_POINT('',(6.045272630042,1.766473200268));
#3054 = CARTESIAN_POINT('',(6.070565132027,1.714883511314));
#3055 = CARTESIAN_POINT('',(6.124142931986,1.60199139083));
#3056 = CARTESIAN_POINT('',(6.18029459895,1.47518409828));
#3057 = CARTESIAN_POINT('',(6.232794455388,1.34592556159));
#3058 = CARTESIAN_POINT('',(6.2583778604,1.27924648999));
#3059 = CARTESIAN_POINT('',(6.273140550531,1.239502281514));
#3060 = CARTESIAN_POINT('',(6.287386278826,1.200651796766));
#3061 = CARTESIAN_POINT('',(6.310671728118,1.134879534339));
#3062 = CARTESIAN_POINT('',(6.340561157145,1.04468341273));
#3063 = CARTESIAN_POINT('',(6.372288493278,0.94104837782));
#3064 = CARTESIAN_POINT('',(6.400866141006,0.838063728783));
#3065 = CARTESIAN_POINT('',(6.420198434475,0.759972870064));
#3066 = CARTESIAN_POINT('',(6.430976869344,0.713333162002));
#3067 = CARTESIAN_POINT('',(6.441248554137,0.667614059731));
#3068 = CARTESIAN_POINT('',(6.457335716251,0.590090746344));
#3069 = CARTESIAN_POINT('',(6.469713612673,0.51994958828));
#3070 = CARTESIAN_POINT('',(6.482749143588,0.437575338754));
#3071 = CARTESIAN_POINT('',(6.493591002342,0.358925717043));
#3072 = CARTESIAN_POINT('',(6.502087444692,0.273730075901));
#3073 = CARTESIAN_POINT('',(6.506089683005,0.222776929168));
#3074 = CARTESIAN_POINT('',(6.509609285535,0.172657230695));
#3075 = CARTESIAN_POINT('',(6.51264167658,0.109325968696));
#3076 = CARTESIAN_POINT('',(6.514057383452,3.350501606999E-02));
#3077 = CARTESIAN_POINT('',(6.513765827373,-3.061479644839E-02));
#3078 = CARTESIAN_POINT('',(6.511426109927,-0.1097370742));
#3079 = CARTESIAN_POINT('',(6.507359878278,-0.174095021841));
#3080 = CARTESIAN_POINT('',(6.502771673738,-0.225592916262));
#3081 = CARTESIAN_POINT('',(6.497717880943,-0.276457649702));
#3082 = CARTESIAN_POINT('',(6.490863978238,-0.33037623341));
#3083 = CARTESIAN_POINT('',(6.478851678996,-0.406971317857));
#3084 = CARTESIAN_POINT('',(6.46939170994,-0.457869717356));
#3085 = CARTESIAN_POINT('',(6.45367602927,-0.531057721968));
#3086 = CARTESIAN_POINT('',(6.44203943595,-0.578622243288));
#3087 = CARTESIAN_POINT('',(6.429034937469,-0.626055507643));
#3088 = CARTESIAN_POINT('',(6.415570448168,-0.673142821774));
#3089 = CARTESIAN_POINT('',(6.399062706224,-0.725045475232));
#3090 = CARTESIAN_POINT('',(6.374106692718,-0.795510533375));
#3091 = CARTESIAN_POINT('',(6.356647381369,-0.840477562331));
#3092 = CARTESIAN_POINT('',(6.331480180807,-0.900666698261));
#3093 = CARTESIAN_POINT('',(6.314356305266,-0.938847678674));
#3094 = CARTESIAN_POINT('',(6.295731392584,-0.977758517588));
#3095 = CARTESIAN_POINT('',(6.276653082108,-1.016634199989));
#3096 = CARTESIAN_POINT('',(6.246059886273,-1.07504091927));
#3097 = CARTESIAN_POINT('',(6.212772720428,-1.132773636946));
#3098 = CARTESIAN_POINT('',(6.183463508495,-1.180693378356));
#3099 = CARTESIAN_POINT('',(6.156456581951,-1.223019146575));
#3100 = CARTESIAN_POINT('',(6.130560254698,-1.261211644238));
#3101 = CARTESIAN_POINT('',(6.111345856735,-1.288495429085));
#3102 = CARTESIAN_POINT('',(6.091722213352,-1.31595048986));
#3103 = CARTESIAN_POINT('',(6.056809223753,-1.362910890818));
#3104 = CARTESIAN_POINT('',(6.003085048828,-1.430450014551));
#3105 = CARTESIAN_POINT('',(5.951157006631,-1.490857711032));
#3106 = CARTESIAN_POINT('',(5.90827670828,-1.53790595691));
#3107 = CARTESIAN_POINT('',(5.886021390917,-1.56154591133));
#3108 = CARTESIAN_POINT('',(5.872315627968,-1.575864222909));
#3109 = CARTESIAN_POINT('',(5.858343490501,-1.590365672044));
#3110 = CARTESIAN_POINT('',(5.833789467317,-1.615409346025));
#3111 = CARTESIAN_POINT('',(5.719897615276,-1.728185868325));
#3112 = CARTESIAN_POINT('',(5.511702204109,-1.909738916621));
#3113 = CARTESIAN_POINT('',(5.296384262072,-2.082785218333));
#3114 = CARTESIAN_POINT('',(5.165346390227,-2.175083506955));
#3115 = CARTESIAN_POINT('',(5.136377103818,-2.194853840923));
#3116 = CARTESIAN_POINT('',(5.11964573963,-2.206059826129));
#3117 = CARTESIAN_POINT('',(5.103141478355,-2.217035770002));
#3118 = CARTESIAN_POINT('',(5.075958065217,-2.234789886278));
#3119 = CARTESIAN_POINT('',(5.022105831759,-2.268733875008));
#3120 = CARTESIAN_POINT('',(4.953511931638,-2.309236815742));
#3121 = CARTESIAN_POINT('',(4.877581934458,-2.350254564515));
#3122 = CARTESIAN_POINT('',(4.825216453643,-2.37637069967));
#3123 = CARTESIAN_POINT('',(4.794739842175,-2.390863590861));
#3124 = CARTESIAN_POINT('',(4.764503766553,-2.404983708992));
#3125 = CARTESIAN_POINT('',(4.722354412757,-2.423764513576));
#3126 = CARTESIAN_POINT('',(4.675940934638,-2.442912197393));
#3127 = CARTESIAN_POINT('',(4.623615924407,-2.463343174943));
#3128 = CARTESIAN_POINT('',(4.560931547327,-2.485965531316));
#3129 = CARTESIAN_POINT('',(4.498057132091,-2.505817393486));
#3130 = CARTESIAN_POINT('',(4.456433511767,-2.517766236661));
#3131 = CARTESIAN_POINT('',(4.414854968011,-2.529262560569));
#3132 = CARTESIAN_POINT('',(4.374258733249,-2.539409486307));
#3133 = CARTESIAN_POINT('',(4.310583278734,-2.553606547142));
#3134 = CARTESIAN_POINT('',(4.263247671012,-2.562891021332));
#3135 = CARTESIAN_POINT('',(4.18949336254,-2.575074161347));
#3136 = CARTESIAN_POINT('',(4.135497328749,-2.582202923119));
#3137 = CARTESIAN_POINT('',(4.086776539871,-2.58718211112));
#3138 = CARTESIAN_POINT('',(4.037796030228,-2.591647666852));
#3139 = CARTESIAN_POINT('',(3.988926719417,-2.594743541472));
#3140 = CARTESIAN_POINT('',(3.914115860358,-2.597351617931));
#3141 = CARTESIAN_POINT('',(3.862347111848,-2.597718813424));
#3142 = CARTESIAN_POINT('',(3.784833083611,-2.596082355454));
#3143 = CARTESIAN_POINT('',(3.730549183742,-2.593353247821));
#3144 = CARTESIAN_POINT('',(3.679587973412,-2.589388770965));
#3145 = CARTESIAN_POINT('',(3.628085286162,-2.584854672829));
#3146 = CARTESIAN_POINT('',(3.564014459086,-2.577546537613));
#3147 = CARTESIAN_POINT('',(3.485712559913,-2.565943885535));
#3148 = CARTESIAN_POINT('',(3.422539574725,-2.554961669252));
#3149 = CARTESIAN_POINT('',(3.348147644806,-2.540242247341));
#3150 = CARTESIAN_POINT('',(3.286335132064,-2.526126401261));
#3151 = CARTESIAN_POINT('',(3.237614162126,-2.51385290316));
#3152 = CARTESIAN_POINT('',(3.188157540829,-2.500957803326));
#3153 = CARTESIAN_POINT('',(3.105781297436,-2.47762025266));
#3154 = CARTESIAN_POINT('',(3.030261379139,-2.45312431663));
#3155 = CARTESIAN_POINT('',(2.951460338561,-2.425814284045));
#3156 = CARTESIAN_POINT('',(2.884586386476,-2.401301665634));
#3157 = CARTESIAN_POINT('',(2.811097099124,-2.371840088319));
#3158 = CARTESIAN_POINT('',(2.767894906014,-2.353693076294));
#3159 = CARTESIAN_POINT('',(2.723875502731,-2.334885393681));
#3160 = CARTESIAN_POINT('',(2.650397879139,-2.302129345683));
#3161 = CARTESIAN_POINT('',(2.554038917814,-2.255896494196));
#3162 = CARTESIAN_POINT('',(2.457593367068,-2.206448352665));
#3163 = CARTESIAN_POINT('',(2.374054516694,-2.161171466448));
#3164 = CARTESIAN_POINT('',(2.313398598003,-2.126688586618));
#3165 = CARTESIAN_POINT('',(2.277656586881,-2.10583647538));
#3166 = CARTESIAN_POINT('',(2.241125608399,-2.08431841213));
#3167 = CARTESIAN_POINT('',(2.179980736613,-2.047414364491));
#3168 = CARTESIAN_POINT('',(2.061960759576,-1.973015431317));
#3169 = CARTESIAN_POINT('',(1.946994965083,-1.895454512788));
#3170 = CARTESIAN_POINT('',(1.845275958674,-1.82287128601));
#3171 = CARTESIAN_POINT('',(1.798934461919,-1.788905626061));
#3172 = CARTESIAN_POINT('',(1.771557863969,-1.768539845664));
#3173 = CARTESIAN_POINT('',(1.743509377152,-1.747557809293));
#3174 = CARTESIAN_POINT('',(1.696431234067,-1.711835792868));
#3175 = CARTESIAN_POINT('',(1.555622059258,-1.602179819302));
#3176 = CARTESIAN_POINT('',(1.421039907356,-1.489753980426));
#3177 = CARTESIAN_POINT('',(1.299676068165,-1.382556891896));
#3178 = CARTESIAN_POINT('',(1.268018881953,-1.354198631636));
#3179 = CARTESIAN_POINT('',(1.24927068508,-1.337271038777));
#3180 = CARTESIAN_POINT('',(1.230027791434,-1.319845098384));
#3181 = CARTESIAN_POINT('',(1.19764470796,-1.290295177968));
#3182 = CARTESIAN_POINT('',(1.029299851636,-1.134499336671));
#3183 = CARTESIAN_POINT('',(0.870600131434,-0.976761321681));
#3184 = CARTESIAN_POINT('',(0.725141124799,-0.8238188927));
#3185 = CARTESIAN_POINT('',(0.708164451736,-0.805860144202));
#3186 = CARTESIAN_POINT('',(0.698089296711,-0.795165285529));
#3187 = CARTESIAN_POINT('',(0.687735922601,-0.784160738141));
#3188 = CARTESIAN_POINT('',(0.670275351232,-0.765539451518));
#3189 = CARTESIAN_POINT('',(0.431271482524,-0.50903404197));
#3190 = CARTESIAN_POINT('',(0.210382382217,-0.249528665686));
#3191 = CARTESIAN_POINT('',(0.,0.));
#3192 = ( GEOMETRIC_REPRESENTATION_CONTEXT(2) 
PARAMETRIC_REPRESENTATION_CONTEXT() REPRESENTATION_CONTEXT('2D SPACE',''
  ) );
#3193 = ORIENTED_EDGE('',*,*,#3194,.T.);
#3194 = EDGE_CURVE('',#22,#3195,#3197,.T.);
#3195 = VERTEX_POINT('',#3196);
#3196 = CARTESIAN_POINT('',(28.,80.,210.));
#3197 = SEAM_CURVE('',#3198,(#3207,#3214),.PCURVE_S1.);
#3198 = ( BOUNDED_CURVE() B_SPLINE_CURVE(3,(#3199,#3200,#3201,#3202,
    #3203,#3204,#3205,#3206),.UNSPECIFIED.,.F.,.F.) 
B_SPLINE_CURVE_WITH_KNOTS((4,1,1,1,1,4),(0.,0.2,0.4,0.6,0.8,1.),
.UNSPECIFIED.) CURVE() GEOMETRIC_REPRESENTATION_ITEM() 
RATIONAL_B_SPLINE_CURVE((1.,1.,1.,1.,1.,1.,1.,1.)) REPRESENTATION_ITEM(
  '') );
#3199 = CARTESIAN_POINT('',(3.,55.,0.));
#3200 = CARTESIAN_POINT('',(1.238376215134,50.622795358937,
    14.510989880861));
#3201 = CARTESIAN_POINT('',(17.875506054745,68.998989115814,
    7.401941138453));
#3202 = CARTESIAN_POINT('',(10.225664814539,72.857270313403,
    78.60851866771));
#3203 = CARTESIAN_POINT('',(34.358150136271,83.169662155298,
    114.36747083087));
#3204 = CARTESIAN_POINT('',(40.139225169029,77.288648327147,
    157.35014795422));
#3205 = CARTESIAN_POINT('',(34.971096637045,82.015154727062,
    206.93314269349));
#3206 = CARTESIAN_POINT('',(28.,80.,210.));
#3207 = PCURVE('',#342,#3208);
#3208 = DEFINITIONAL_REPRESENTATION('',(#3209),#3213);
#3209 = LINE('',#3210,#3211);
#3210 = CARTESIAN_POINT('',(1.,0.));
#3211 = VECTOR('',#3212,1.);
#3212 = DIRECTION('',(0.,1.));
#3213 = ( GEOMETRIC_REPRESENTATION_CONTEXT(2) 
PARAMETRIC_REPRESENTATION_CONTEXT() REPRESENTATION_CONTEXT('2D SPACE',''
  ) );
#3214 = PCURVE('',#342,#3215);
#3215 = DEFINITIONAL_REPRESENTATION('',(#3216),#3220);
#3216 = LINE('',#3217,#3218);
#3217 = CARTESIAN_POINT('',(0.,0.));
#3218 = VECTOR('',#3219,1.);
#3219 = DIRECTION('',(0.,1.));
#3220 = ( GEOMETRIC_REPRESENTATION_CONTEXT(2) 
PARAMETRIC_REPRESENTATION_CONTEXT() REPRESENTATION_CONTEXT('2D SPACE',''
  ) );
#3221 = ORIENTED_EDGE('',*,*,#3222,.F.);
#3222 = EDGE_CURVE('',#3195,#3195,#3223,.T.);
#3223 = SURFACE_CURVE('',#3224,(#3540,#3547),.PCURVE_S1.);
#3224 = B_SPLINE_CURVE_WITH_KNOTS('',3,(#3225,#3226,#3227,#3228,#3229,
    #3230,#3231,#3232,#3233,#3234,#3235,#3236,#3237,#3238,#3239,#3240,
    #3241,#3242,#3243,#3244,#3245,#3246,#3247,#3248,#3249,#3250,#3251,
    #3252,#3253,#3254,#3255,#3256,#3257,#3258,#3259,#3260,#3261,#3262,
    #3263,#3264,#3265,#3266,#3267,#3268,#3269,#3270,#3271,#3272,#3273,
    #3274,#3275,#3276,#3277,#3278,#3279,#3280,#3281,#3282,#3283,#3284,
    #3285,#3286,#3287,#3288,#3289,#3290,#3291,#3292,#3293,#3294,#3295,
    #3296,#3297,#3298,#3299,#3300,#3301,#3302,#3303,#3304,#3305,#3306,
    #3307,#3308,#3309,#3310,#3311,#3312,#3313,#3314,#3315,#3316,#3317,
    #3318,#3319,#3320,#3321,#3322,#3323,#3324,#3325,#3326,#3327,#3328,
    #3329,#3330,#3331,#3332,#3333,#3334,#3335,#3336,#3337,#3338,#3339,
    #3340,#3341,#3342,#3343,#3344,#3345,#3346,#3347,#3348,#3349,#3350,
    #3351,#3352,#3353,#3354,#3355,#3356,#3357,#3358,#3359,#3360,#3361,
    #3362,#3363,#3364,#3365,#3366,#3367,#3368,#3369,#3370,#3371,#3372,
    #3373,#3374,#3375,#3376,#3377,#3378,#3379,#3380,#3381,#3382,#3383,
    #3384,#3385,#3386,#3387,#3388,#3389,#3390,#3391,#3392,#3393,#3394,
    #3395,#3396,#3397,#3398,#3399,#3400,#3401,#3402,#3403,#3404,#3405,
    #3406,#3407,#3408,#3409,#3410,#3411,#3412,#3413,#3414,#3415,#3416,
    #3417,#3418,#3419,#3420,#3421,#3422,#3423,#3424,#3425,#3426,#3427,
    #3428,#3429,#3430,#3431,#3432,#3433,#3434,#3435,#3436,#3437,#3438,
    #3439,#3440,#3441,#3442,#3443,#3444,#3445,#3446,#3447,#3448,#3449,
    #3450,#3451,#3452,#3453,#3454,#3455,#3456,#3457,#3458,#3459,#3460,
    #3461,#3462,#3463,#3464,#3465,#3466,#3467,#3468,#3469,#3470,#3471,
    #3472,#3473,#3474,#3475,#3476,#3477,#3478,#3479,#3480,#3481,#3482,
    #3483,#3484,#3485,#3486,#3487,#3488,#3489,#3490,#3491,#3492,#3493,
    #3494,#3495,#3496,#3497,#3498,#3499,#3500,#3501,#3502,#3503,#3504,
    #3505,#3506,#3507,#3508,#3509,#3510,#3511,#3512,#3513,#3514,#3515,
    #3516,#3517,#3518,#3519,#3520,#3521,#3522,#3523,#3524,#3525,#3526,
    #3527,#3528,#3529,#3530,#3531,#3532,#3533,#3534,#3535,#3536,#3537,
    #3538,#3539),.UNSPECIFIED.,.T.,.F.,(4,1,1,1,1,1,1,1,1,1,1,1,1,1,1,1,
    1,1,1,1,1,1,1,1,1,1,1,1,1,1,1,1,1,1,1,1,1,1,1,1,1,1,1,1,1,1,1,1,1,1,
    1,1,1,1,1,1,1,1,1,1,1,1,1,1,1,1,1,1,1,1,1,1,1,1,1,1,1,1,1,1,1,1,1,1,
    1,1,1,1,1,1,1,1,1,1,1,1,1,1,1,1,1,1,1,1,1,1,1,1,1,1,1,1,1,1,1,1,1,1,
    1,1,1,1,1,1,1,1,1,1,1,1,1,1,1,1,1,1,1,1,1,1,1,1,1,1,1,1,1,1,1,1,1,1,
    1,1,1,1,1,1,1,1,1,1,1,1,1,1,1,1,1,1,1,1,1,1,1,1,1,1,1,1,1,1,1,1,1,1,
    1,1,1,1,1,1,1,1,1,1,1,1,1,1,1,1,1,1,1,1,1,1,1,1,1,1,1,1,1,1,1,1,1,1,
    1,1,1,1,1,1,1,1,1,1,1,1,1,1,1,1,1,1,1,1,1,1,1,1,1,1,1,1,1,1,1,1,1,1,
    1,1,1,1,1,1,1,1,1,1,1,1,1,1,1,1,1,1,1,1,1,1,1,1,1,1,1,1,1,1,1,1,1,1,
    1,1,1,1,1,1,1,1,1,1,1,1,1,1,1,1,1,1,1,1,1,1,1,1,4),(0.,
    3.704173808496E-02,3.853123065704E-02,3.969965341824E-02,
    3.993238418426E-02,4.024223661402E-02,4.13635419423E-02,
    4.273098186666E-02,6.41454235551E-02,6.670297813495E-02,
    6.871057125171E-02,6.911058570477E-02,6.964322375689E-02,
    7.157139084363E-02,7.392412299658E-02,8.798229181108E-02,
    9.142688381577E-02,9.41345982466E-02,9.467449969176E-02,
    9.539359974116E-02,9.79986060635E-02,0.101181034377,0.109544756832,
    0.113701703722,0.116977141638,0.117631034906,0.118502363775,
    0.121662626819,0.125531319728,0.129261366267,0.133934097107,
    0.137629017904,0.138368006002,0.139353417329,0.142934025332,
    0.147331186171,0.147415924125,0.152374504434,0.156314770953,
    0.157104865229,0.158159479062,0.162001684612,0.164280609728,
    0.166741923668,0.169256768763,0.173236214754,0.174036903778,
    0.175107101911,0.179020209467,0.180186028534,0.183879181261,
    0.18487503496,0.188653224365,0.189416628917,0.190438725212,
    0.194193366675,0.195576751147,0.198895789819,0.199649381927,
    0.202956802179,0.203628160021,0.204528730921,0.207854793944,
    0.211083750696,0.212064253329,0.214207887829,0.216761918232,
    0.217282460108,0.21798194064,0.220578530215,0.223899762548,
    0.227742224453,0.229592560459,0.231111132833,0.231421401473,
    0.231838779688,0.233393257979,0.235396049494,0.25,0.264603950506,
    0.266606742021,0.268161220312,0.268578598527,0.268888867167,
    0.270407439541,0.272257775547,0.276100237452,0.279421469785,
    0.28201805936,0.282717539892,0.283238081768,0.285792112171,
    0.287935746671,0.288916249304,0.292145206056,0.295471269079,
    0.296371839979,0.297043197821,0.300350618073,0.301104210181,
    0.304423248853,0.305806633325,0.309561274788,0.310583371083,
    0.311346775635,0.31512496504,0.316120818739,0.319813971466,
    0.320979790533,0.324892898089,0.325963096222,0.326763785246,
    0.330743231237,0.333258076332,0.335719390272,0.337998315388,
    0.341840520938,0.342895134771,0.343685229047,0.347625495566,
    0.352584075875,0.352668813829,0.357065974668,0.360646582671,
    0.361631993998,0.362370982096,0.366065902893,0.370738633733,
    0.374468680272,0.378337373181,0.381497636225,0.382368965094,
    0.383022858362,0.386298296278,0.390455243168,0.398818965623,
    0.402001393936,0.404606400259,0.405325500308,0.405865401753,
    0.408573116184,0.412017708189,0.426075877003,0.428428609156,
    0.430356776243,0.430889414295,0.431289428748,0.433297021865,
    0.435854576445,0.457269018133,0.458636458058,0.459757763386,
    0.460067615816,0.460300346582,0.461468769343,0.462958261915,0.5,
    0.537041738085,0.538531230657,0.539699653418,0.539932384184,
    0.540242236614,0.541363541942,0.542730981867,0.564145423555,
    0.566702978135,0.568710571252,0.569110585705,0.569643223757,
    0.571571390844,0.573924122997,0.587982291811,0.591426883816,
    0.594134598247,0.594674499692,0.595393599741,0.597998606064,
    0.601181034377,0.609544756832,0.613701703722,0.616977141638,
    0.617631034906,0.618502363775,0.621662626819,0.625531319728,
    0.629261366267,0.633934097107,0.637629017904,0.638368006002,
    0.639353417329,0.642934025332,0.647331186171,0.647415924125,
    0.652374504434,0.656314770953,0.657104865229,0.658159479062,
    0.662001684612,0.664280609728,0.666741923668,0.669256768763,
    0.673236214754,0.674036903778,0.675107101911,0.679020209467,
    0.680186028534,0.683879181261,0.68487503496,0.688653224365,
    0.689416628917,0.690438725212,0.694193366675,0.695576751147,
    0.698895789819,0.699649381927,0.702956802179,0.703628160021,
    0.704528730921,0.707854793944,0.711083750696,0.712064253329,
    0.714207887829,0.716761918232,0.717282460108,0.71798194064,
    0.720578530215,0.723899762548,0.727742224453,0.729592560459,
    0.731111132833,0.731421401473,0.731838779688,0.733393257979,
    0.735396049494,0.75,0.764603950506,0.766606742021,0.768161220312,
    0.768578598527,0.768888867167,0.770407439541,0.772257775547,
    0.776100237452,0.779421469785,0.78201805936,0.782717539892,
    0.783238081768,0.785792112171,0.787935746671,0.788916249304,
    0.792145206056,0.795471269079,0.796371839979,0.797043197821,
    0.800350618073,0.801104210181,0.804423248853,0.805806633325,
    0.809561274788,0.810583371083,0.811346775635,0.81512496504,
    0.816120818739,0.819813971466,0.820979790533,0.824892898089,
    0.825963096222,0.826763785246,0.830743231237,0.833258076332,
    0.835719390272,0.837998315388,0.841840520938,0.842895134771,
    0.843685229047,0.847625495566,0.852584075875,0.852668813829,
    0.857065974668,0.860646582671,0.861631993998,0.862370982096,
    0.866065902893,0.870738633733,0.874468680272,0.878337373181,
    0.881497636225,0.882368965094,0.883022858362,0.886298296278,
    0.890455243168,0.898818965623,0.902001393936,0.904606400259,
    0.905325500308,0.905865401753,0.908573116184,0.912017708189,
    0.926075877003,0.928428609156,0.930356776243,0.930889414295,
    0.931289428748,0.933297021865,0.935854576445,0.957269018133,
    0.958636458058,0.959757763386,0.960067615816,0.960300346582,
    0.961468769343,0.962958261915,1.),.UNSPECIFIED.);
#3225 = CARTESIAN_POINT('',(28.,80.,210.));
#3226 = CARTESIAN_POINT('',(28.008742792419,83.595429221029,210.));
#3227 = CARTESIAN_POINT('',(27.973055348997,87.343820703729,210.));
#3228 = CARTESIAN_POINT('',(27.82348808176,91.200387832398,210.));
#3229 = CARTESIAN_POINT('',(27.81201802253,91.481165089387,210.));
#3230 = CARTESIAN_POINT('',(27.805044696035,91.647350074077,210.));
#3231 = CARTESIAN_POINT('',(27.798193850703,91.808954788401,210.));
#3232 = CARTESIAN_POINT('',(27.786361057562,92.080750319398,210.));
#3233 = CARTESIAN_POINT('',(27.680618308029,94.401919125302,210.));
#3234 = CARTESIAN_POINT('',(27.522257503821,96.859771030059,210.));
#3235 = CARTESIAN_POINT('',(27.295190530907,99.374250149622,210.));
#3236 = CARTESIAN_POINT('',(27.249374670017,99.854602262771,210.));
#3237 = CARTESIAN_POINT('',(27.221472321599,100.13898675871,210.));
#3238 = CARTESIAN_POINT('',(27.194031632606,100.41566285512,210.));
#3239 = CARTESIAN_POINT('',(27.146556011671,100.88107096813,210.));
#3240 = CARTESIAN_POINT('',(26.956840085825,102.65335694327,210.));
#3241 = CARTESIAN_POINT('',(26.713780154599,104.56818909745,210.));
#3242 = CARTESIAN_POINT('',(26.419195088591,106.51037392688,210.));
#3243 = CARTESIAN_POINT('',(26.315979399115,107.15260795006,210.));
#3244 = CARTESIAN_POINT('',(26.252981119013,107.53299245658,210.));
#3245 = CARTESIAN_POINT('',(26.19092264526,107.90341558975,210.));
#3246 = CARTESIAN_POINT('',(26.083322300056,108.52665139095,210.));
#3247 = CARTESIAN_POINT('',(25.837182087749,109.88000044928,210.));
#3248 = CARTESIAN_POINT('',(25.536203384661,111.37652177592,210.));
#3249 = CARTESIAN_POINT('',(25.200155945373,112.87469135554,210.));
#3250 = CARTESIAN_POINT('',(25.017573151845,113.63921026077,210.));
#3251 = CARTESIAN_POINT('',(24.905755874164,114.09227511624,210.));
#3252 = CARTESIAN_POINT('',(24.795313267439,114.53415372422,210.));
#3253 = CARTESIAN_POINT('',(24.603194686117,115.27775548547,210.));
#3254 = CARTESIAN_POINT('',(24.326951340414,116.28656085654,210.));
#3255 = CARTESIAN_POINT('',(23.992958525274,117.43179700251,210.));
#3256 = CARTESIAN_POINT('',(23.642122159763,118.55430126647,210.));
#3257 = CARTESIAN_POINT('',(23.360962062666,119.39378611771,210.));
#3258 = CARTESIAN_POINT('',(23.188040878341,119.891477743,210.));
#3259 = CARTESIAN_POINT('',(23.016609702452,120.37793314541,210.));
#3260 = CARTESIAN_POINT('',(22.717169329368,121.19640220478,210.));
#3261 = CARTESIAN_POINT('',(22.431606106472,121.92649704517,210.));
#3262 = CARTESIAN_POINT('',(22.085911744736,122.77674580442,210.));
#3263 = CARTESIAN_POINT('',(21.744807382166,123.5808774096,210.));
#3264 = CARTESIAN_POINT('',(21.352299175755,124.4373254198,210.));
#3265 = CARTESIAN_POINT('',(21.109747077362,124.94490532743,210.));
#3266 = CARTESIAN_POINT('',(20.868126112574,125.44238314896,210.));
#3267 = CARTESIAN_POINT('',(20.552427200904,126.06486234674,210.));
#3268 = CARTESIAN_POINT('',(20.157739442719,126.80033911125,210.));
#3269 = CARTESIAN_POINT('',(19.812541564037,127.41568982816,210.));
#3270 = CARTESIAN_POINT('',(19.370961903816,128.16635729736,210.));
#3271 = CARTESIAN_POINT('',(18.994273129434,128.7676439119,210.));
#3272 = CARTESIAN_POINT('',(18.68164377003,129.2431822802,210.));
#3273 = CARTESIAN_POINT('',(18.368443865162,129.71065797045,210.));
#3274 = CARTESIAN_POINT('',(18.0236740742,130.19974901484,210.));
#3275 = CARTESIAN_POINT('',(17.513919958265,130.88421433524,210.));
#3276 = CARTESIAN_POINT('',(17.16210187356,131.33225462751,210.));
#3277 = CARTESIAN_POINT('',(16.636488358295,131.96643714936,210.));
#3278 = CARTESIAN_POINT('',(16.281429686346,132.37174930087,210.));
#3279 = CARTESIAN_POINT('',(15.913455039695,132.76899302844,210.));
#3280 = CARTESIAN_POINT('',(15.542638177824,133.16053653029,210.));
#3281 = CARTESIAN_POINT('',(15.117228787195,133.58351001639,210.));
#3282 = CARTESIAN_POINT('',(14.513813664933,134.14356729553,210.));
#3283 = CARTESIAN_POINT('',(14.113071037971,134.49219328679,210.));
#3284 = CARTESIAN_POINT('',(13.55756405241,134.94746209022,210.));
#3285 = CARTESIAN_POINT('',(13.192751353114,135.22876874379,210.));
#3286 = CARTESIAN_POINT('',(12.807903038719,135.50715390635,210.));
#3287 = CARTESIAN_POINT('',(12.418175414989,135.78192215375,210.));
#3288 = CARTESIAN_POINT('',(11.811229129525,136.18069725061,210.));
#3289 = CARTESIAN_POINT('',(11.17766159862,136.5514172287,210.));
#3290 = CARTESIAN_POINT('',(10.633345978858,136.84551006474,210.));
#3291 = CARTESIAN_POINT('',(10.140260664741,137.09592558186,210.));
#3292 = CARTESIAN_POINT('',(9.678445639868,137.30829453801,210.));
#3293 = CARTESIAN_POINT('',(9.340583499466,137.45315541427,210.));
#3294 = CARTESIAN_POINT('',(8.997402689791,137.59614939082,210.));
#3295 = CARTESIAN_POINT('',(8.395566416084,137.82770622038,210.));
#3296 = CARTESIAN_POINT('',(7.49219650298,138.1261763722,210.));
#3297 = CARTESIAN_POINT('',(6.643778213824,138.35407557569,210.));
#3298 = CARTESIAN_POINT('',(5.958565693062,138.50633415219,210.));
#3299 = CARTESIAN_POINT('',(5.60738985492,138.57498055727,210.));
#3300 = CARTESIAN_POINT('',(5.392562729678,138.61390799487,210.));
#3301 = CARTESIAN_POINT('',(5.174132016718,138.65226623516,210.));
#3302 = CARTESIAN_POINT('',(4.792921302119,138.71353983837,210.));
#3303 = CARTESIAN_POINT('',(3.045171754018,138.95068757167,210.));
#3304 = CARTESIAN_POINT('',(4.320441782113E-10,139.04336529508,210.));
#3305 = CARTESIAN_POINT('',(-3.045171754996,138.95068757092,210.));
#3306 = CARTESIAN_POINT('',(-4.792921302563,138.71353983807,210.));
#3307 = CARTESIAN_POINT('',(-5.174132016951,138.65226623501,210.));
#3308 = CARTESIAN_POINT('',(-5.392562729755,138.61390799482,210.));
#3309 = CARTESIAN_POINT('',(-5.607389854832,138.57498055732,210.));
#3310 = CARTESIAN_POINT('',(-5.958565692647,138.50633415245,210.));
#3311 = CARTESIAN_POINT('',(-6.643778212677,138.35407557637,210.));
#3312 = CARTESIAN_POINT('',(-7.492196500988,138.12617637335,210.));
#3313 = CARTESIAN_POINT('',(-8.395566414024,137.82770622156,210.));
#3314 = CARTESIAN_POINT('',(-8.997402688524,137.59614939153,210.));
#3315 = CARTESIAN_POINT('',(-9.340583499018,137.45315541452,210.));
#3316 = CARTESIAN_POINT('',(-9.678445640371,137.30829453773,210.));
#3317 = CARTESIAN_POINT('',(-10.14026066707,137.09592558055,210.));
#3318 = CARTESIAN_POINT('',(-10.63334598327,136.84551006226,210.));
#3319 = CARTESIAN_POINT('',(-11.17766160496,136.55141722516,210.));
#3320 = CARTESIAN_POINT('',(-11.81122913715,136.18069724635,210.));
#3321 = CARTESIAN_POINT('',(-12.41817542057,135.78192215064,210.));
#3322 = CARTESIAN_POINT('',(-12.80790304079,135.50715390519,210.));
#3323 = CARTESIAN_POINT('',(-13.1927513508,135.22876874508,210.));
#3324 = CARTESIAN_POINT('',(-13.55756404353,134.94746209517,210.));
#3325 = CARTESIAN_POINT('',(-14.11307101916,134.49219329728,210.));
#3326 = CARTESIAN_POINT('',(-14.51381363967,134.14356730961,210.));
#3327 = CARTESIAN_POINT('',(-15.11722875883,133.5835100322,210.));
#3328 = CARTESIAN_POINT('',(-15.54263815444,133.16053654333,210.));
#3329 = CARTESIAN_POINT('',(-15.91345503083,132.76899303338,210.));
#3330 = CARTESIAN_POINT('',(-16.28142969624,132.37174929535,210.));
#3331 = CARTESIAN_POINT('',(-16.63648839821,131.9664371271,210.));
#3332 = CARTESIAN_POINT('',(-17.16210195703,131.33225458097,210.));
#3333 = CARTESIAN_POINT('',(-17.51392006658,130.88421427484,210.));
#3334 = CARTESIAN_POINT('',(-18.02367419038,130.19974895006,210.));
#3335 = CARTESIAN_POINT('',(-18.36844396042,129.71065791733,210.));
#3336 = CARTESIAN_POINT('',(-18.68164380602,129.24318226013,210.));
#3337 = CARTESIAN_POINT('',(-18.99427308888,128.76764393451,210.));
#3338 = CARTESIAN_POINT('',(-19.37096171114,128.16635740478,210.));
#3339 = CARTESIAN_POINT('',(-19.81254119166,127.41569003578,210.));
#3340 = CARTESIAN_POINT('',(-20.15773896898,126.80033937539,210.));
#3341 = CARTESIAN_POINT('',(-20.55242670104,126.06486262544,210.));
#3342 = CARTESIAN_POINT('',(-20.86812573603,125.4423833589,210.));
#3343 = CARTESIAN_POINT('',(-21.10974693755,124.94490540538,210.));
#3344 = CARTESIAN_POINT('',(-21.35229933496,124.43732533103,210.));
#3345 = CARTESIAN_POINT('',(-21.74480830803,123.58087689337,210.));
#3346 = CARTESIAN_POINT('',(-22.08591339952,122.77674488176,210.));
#3347 = CARTESIAN_POINT('',(-22.431608204,121.92649587565,210.));
#3348 = CARTESIAN_POINT('',(-22.71717155535,121.19640096365,210.));
#3349 = CARTESIAN_POINT('',(-23.01661113234,120.37793234815,210.));
#3350 = CARTESIAN_POINT('',(-23.18804139628,119.89147745421,210.));
#3351 = CARTESIAN_POINT('',(-23.36096146594,119.39378645042,210.));
#3352 = CARTESIAN_POINT('',(-23.64211885672,118.55430310814,210.));
#3353 = CARTESIAN_POINT('',(-23.99295124057,117.43180106423,210.));
#3354 = CARTESIAN_POINT('',(-24.32694181634,116.28656616685,210.));
#3355 = CARTESIAN_POINT('',(-24.60318601345,115.27776032107,210.));
#3356 = CARTESIAN_POINT('',(-24.7953081097,114.53415660001,210.));
#3357 = CARTESIAN_POINT('',(-24.90575405578,114.09227613011,210.));
#3358 = CARTESIAN_POINT('',(-25.0175752703,113.63920907959,210.));
#3359 = CARTESIAN_POINT('',(-25.20016702617,112.87468517724,210.));
#3360 = CARTESIAN_POINT('',(-25.53623496179,111.37650416952,210.));
#3361 = CARTESIAN_POINT('',(-25.83722709185,109.87997535642,210.));
#3362 = CARTESIAN_POINT('',(-26.08335364205,108.52663391565,210.));
#3363 = CARTESIAN_POINT('',(-26.19094001552,107.90340590464,210.));
#3364 = CARTESIAN_POINT('',(-26.2529870795,107.5329891332,210.));
#3365 = CARTESIAN_POINT('',(-26.31597238386,107.15261186154,210.));
#3366 = CARTESIAN_POINT('',(-26.41916051538,106.51039320381,210.));
#3367 = CARTESIAN_POINT('',(-26.71364562631,104.56826410616,210.));
#3368 = CARTESIAN_POINT('',(-26.95661638489,102.65348167181,210.));
#3369 = CARTESIAN_POINT('',(-27.14645493551,100.88112732499,210.));
#3370 = CARTESIAN_POINT('',(-27.19397903673,100.41569218091,210.));
#3371 = CARTESIAN_POINT('',(-27.22145473831,100.13899656259,210.));
#3372 = CARTESIAN_POINT('',(-27.24939555427,99.854590618371,210.));
#3373 = CARTESIAN_POINT('',(-27.29528742138,99.374196126567,210.));
#3374 = CARTESIAN_POINT('',(-27.52282751263,96.859453211232,210.));
#3375 = CARTESIAN_POINT('',(-27.68181313312,94.401252928741,210.));
#3376 = CARTESIAN_POINT('',(-27.78661820093,92.080606944416,210.));
#3377 = CARTESIAN_POINT('',(-27.79832031136,91.808884277947,210.));
#3378 = CARTESIAN_POINT('',(-27.80508593189,91.64732708227,210.));
#3379 = CARTESIAN_POINT('',(-27.81196864399,91.48119262129,210.));
#3380 = CARTESIAN_POINT('',(-27.82327249557,91.200508036415,210.));
#3381 = CARTESIAN_POINT('',(-27.97025807615,87.345380374303,210.));
#3382 = CARTESIAN_POINT('',(-28.0285921974,80.000000000004,210.));
#3383 = CARTESIAN_POINT('',(-27.97025807615,72.654619625704,210.));
#3384 = CARTESIAN_POINT('',(-27.82327249557,68.799491963585,210.));
#3385 = CARTESIAN_POINT('',(-27.81196864399,68.51880737871,210.));
#3386 = CARTESIAN_POINT('',(-27.80508593189,68.35267291773,210.));
#3387 = CARTESIAN_POINT('',(-27.79832031136,68.191115722053,210.));
#3388 = CARTESIAN_POINT('',(-27.78661820093,67.919393055584,210.));
#3389 = CARTESIAN_POINT('',(-27.68181313312,65.598747071259,210.));
#3390 = CARTESIAN_POINT('',(-27.52282751263,63.140546788768,210.));
#3391 = CARTESIAN_POINT('',(-27.29528742138,60.625803873433,210.));
#3392 = CARTESIAN_POINT('',(-27.24939555427,60.145409381629,210.));
#3393 = CARTESIAN_POINT('',(-27.22145473831,59.861003437407,210.));
#3394 = CARTESIAN_POINT('',(-27.19397903673,59.584307819091,210.));
#3395 = CARTESIAN_POINT('',(-27.14645493551,59.11887267501,210.));
#3396 = CARTESIAN_POINT('',(-26.95661638489,57.346518328183,210.));
#3397 = CARTESIAN_POINT('',(-26.71364562631,55.431735893837,210.));
#3398 = CARTESIAN_POINT('',(-26.41916051538,53.489606796188,210.));
#3399 = CARTESIAN_POINT('',(-26.31597238386,52.847388138451,210.));
#3400 = CARTESIAN_POINT('',(-26.2529870795,52.467010866796,210.));
#3401 = CARTESIAN_POINT('',(-26.19094001552,52.096594095352,210.));
#3402 = CARTESIAN_POINT('',(-26.08335364205,51.473366084347,210.));
#3403 = CARTESIAN_POINT('',(-25.83722709185,50.12002464358,210.));
#3404 = CARTESIAN_POINT('',(-25.53623496179,48.623495830479,210.));
#3405 = CARTESIAN_POINT('',(-25.20016702617,47.125314822755,210.));
#3406 = CARTESIAN_POINT('',(-25.0175752703,46.360790920409,210.));
#3407 = CARTESIAN_POINT('',(-24.90575405578,45.907723869888,210.));
#3408 = CARTESIAN_POINT('',(-24.7953081097,45.465843399987,210.));
#3409 = CARTESIAN_POINT('',(-24.60318601345,44.722239678923,210.));
#3410 = CARTESIAN_POINT('',(-24.32694181634,43.713433833143,210.));
#3411 = CARTESIAN_POINT('',(-23.99295124057,42.568198935769,210.));
#3412 = CARTESIAN_POINT('',(-23.64211885672,41.44569689186,210.));
#3413 = CARTESIAN_POINT('',(-23.36096146594,40.606213549578,210.));
#3414 = CARTESIAN_POINT('',(-23.18804139628,40.108522545786,210.));
#3415 = CARTESIAN_POINT('',(-23.01661113234,39.622067651843,210.));
#3416 = CARTESIAN_POINT('',(-22.71717155535,38.80359903635,210.));
#3417 = CARTESIAN_POINT('',(-22.431608204,38.073504124346,210.));
#3418 = CARTESIAN_POINT('',(-22.08591339952,37.223255118233,210.));
#3419 = CARTESIAN_POINT('',(-21.74480830803,36.419123106629,210.));
#3420 = CARTESIAN_POINT('',(-21.35229933496,35.562674668961,210.));
#3421 = CARTESIAN_POINT('',(-21.10974693755,35.055094594617,210.));
#3422 = CARTESIAN_POINT('',(-20.86812573603,34.557616641092,210.));
#3423 = CARTESIAN_POINT('',(-20.55242670104,33.935137374553,210.));
#3424 = CARTESIAN_POINT('',(-20.15773896898,33.199660624607,210.));
#3425 = CARTESIAN_POINT('',(-19.81254119166,32.584309964213,210.));
#3426 = CARTESIAN_POINT('',(-19.37096171114,31.833642595213,210.));
#3427 = CARTESIAN_POINT('',(-18.99427308888,31.232356065489,210.));
#3428 = CARTESIAN_POINT('',(-18.68164380602,30.756817739865,210.));
#3429 = CARTESIAN_POINT('',(-18.36844396042,30.289342082662,210.));
#3430 = CARTESIAN_POINT('',(-18.02367419038,29.800251049938,210.));
#3431 = CARTESIAN_POINT('',(-17.51392006659,29.115785725153,210.));
#3432 = CARTESIAN_POINT('',(-17.16210195703,28.667745419029,210.));
#3433 = CARTESIAN_POINT('',(-16.63648839821,28.033562872891,210.));
#3434 = CARTESIAN_POINT('',(-16.28142969624,27.628250704651,210.));
#3435 = CARTESIAN_POINT('',(-15.91345503083,27.231006966612,210.));
#3436 = CARTESIAN_POINT('',(-15.54263815444,26.839463456666,210.));
#3437 = CARTESIAN_POINT('',(-15.11722875883,26.416489967794,210.));
#3438 = CARTESIAN_POINT('',(-14.51381363967,25.856432690383,210.));
#3439 = CARTESIAN_POINT('',(-14.11307101915,25.507806702712,210.));
#3440 = CARTESIAN_POINT('',(-13.55756404353,25.052537904825,210.));
#3441 = CARTESIAN_POINT('',(-13.19275135079,24.771231254914,210.));
#3442 = CARTESIAN_POINT('',(-12.80790304079,24.492846094806,210.));
#3443 = CARTESIAN_POINT('',(-12.41817542058,24.21807784936,210.));
#3444 = CARTESIAN_POINT('',(-11.81122913716,23.819302753646,210.));
#3445 = CARTESIAN_POINT('',(-11.17766160498,23.448582774841,210.));
#3446 = CARTESIAN_POINT('',(-10.63334598329,23.154489937733,210.));
#3447 = CARTESIAN_POINT('',(-10.14026066709,22.904074419443,210.));
#3448 = CARTESIAN_POINT('',(-9.678445640377,22.691705462268,210.));
#3449 = CARTESIAN_POINT('',(-9.340583499014,22.546844585473,210.));
#3450 = CARTESIAN_POINT('',(-8.997402688508,22.403850608463,210.));
#3451 = CARTESIAN_POINT('',(-8.395566413982,22.17229377844,210.));
#3452 = CARTESIAN_POINT('',(-7.492196500913,21.873823626643,210.));
#3453 = CARTESIAN_POINT('',(-6.643778212601,21.645924423625,210.));
#3454 = CARTESIAN_POINT('',(-5.958565692605,21.493665847546,210.));
#3455 = CARTESIAN_POINT('',(-5.607389854819,21.425019442671,210.));
#3456 = CARTESIAN_POINT('',(-5.392562729766,21.386092005172,210.));
#3457 = CARTESIAN_POINT('',(-5.174132016987,21.347733764984,210.));
#3458 = CARTESIAN_POINT('',(-4.792921302652,21.286460161922,210.));
#3459 = CARTESIAN_POINT('',(-3.045171755368,21.049312429076,210.));
#3460 = CARTESIAN_POINT('',(-4.334789749372E-10,20.956634704919,210.));
#3461 = CARTESIAN_POINT('',(3.045171756343,21.049312428323,210.));
#3462 = CARTESIAN_POINT('',(4.792921303096,21.286460161624,210.));
#3463 = CARTESIAN_POINT('',(5.17413201722,21.347733764834,210.));
#3464 = CARTESIAN_POINT('',(5.392562729843,21.386092005123,210.));
#3465 = CARTESIAN_POINT('',(5.607389854731,21.425019442727,210.));
#3466 = CARTESIAN_POINT('',(5.95856569219,21.493665847801,210.));
#3467 = CARTESIAN_POINT('',(6.643778211454,21.645924424307,210.));
#3468 = CARTESIAN_POINT('',(7.492196498921,21.873823627795,210.));
#3469 = CARTESIAN_POINT('',(8.395566411923,22.172293779612,210.));
#3470 = CARTESIAN_POINT('',(8.997402687241,22.403850609179,210.));
#3471 = CARTESIAN_POINT('',(9.340583498566,22.546844585726,210.));
#3472 = CARTESIAN_POINT('',(9.678445640881,22.691705461984,210.));
#3473 = CARTESIAN_POINT('',(10.140260669424,22.904074418133,210.));
#3474 = CARTESIAN_POINT('',(10.633345987714,23.154489935259,210.));
#3475 = CARTESIAN_POINT('',(11.177661611326,23.448582771293,210.));
#3476 = CARTESIAN_POINT('',(11.811229144792,23.819302749386,210.));
#3477 = CARTESIAN_POINT('',(12.418175426167,24.218077846242,210.));
#3478 = CARTESIAN_POINT('',(12.807903042863,24.49284609365,210.));
#3479 = CARTESIAN_POINT('',(13.192751348485,24.771231256205,210.));
#3480 = CARTESIAN_POINT('',(13.557564034656,25.052537909776,210.));
#3481 = CARTESIAN_POINT('',(14.113071000349,25.507806713201,210.));
#3482 = CARTESIAN_POINT('',(14.513813614413,25.856432704469,210.));
#3483 = CARTESIAN_POINT('',(15.11722873047,26.416489983609,210.));
#3484 = CARTESIAN_POINT('',(15.542638131065,26.839463469702,210.));
#3485 = CARTESIAN_POINT('',(15.91345502198,27.231006971551,210.));
#3486 = CARTESIAN_POINT('',(16.281429706151,27.628250699129,210.));
#3487 = CARTESIAN_POINT('',(16.636488438129,28.033562850634,210.));
#3488 = CARTESIAN_POINT('',(17.162102040509,28.667745372486,210.));
#3489 = CARTESIAN_POINT('',(17.513920174915,29.115785664754,210.));
#3490 = CARTESIAN_POINT('',(18.023674306562,29.800250985159,210.));
#3491 = CARTESIAN_POINT('',(18.368444055679,30.289342029549,210.));
#3492 = CARTESIAN_POINT('',(18.681643842025,30.756817719794,210.));
#3493 = CARTESIAN_POINT('',(18.994273048334,31.232356088098,210.));
#3494 = CARTESIAN_POINT('',(19.370961518474,31.83364270264,210.));
#3495 = CARTESIAN_POINT('',(19.812540819295,32.584310171835,210.));
#3496 = CARTESIAN_POINT('',(20.157738495259,33.199660888744,210.));
#3497 = CARTESIAN_POINT('',(20.552426201182,33.93513765326,210.));
#3498 = CARTESIAN_POINT('',(20.868125359497,34.557616851038,210.));
#3499 = CARTESIAN_POINT('',(21.109746797744,35.05509467257,210.));
#3500 = CARTESIAN_POINT('',(21.352299494166,35.562674580193,210.));
#3501 = CARTESIAN_POINT('',(21.744809233902,36.419122590394,210.));
#3502 = CARTESIAN_POINT('',(22.085915054314,37.223254195575,210.));
#3503 = CARTESIAN_POINT('',(22.431610301539,38.073502954828,210.));
#3504 = CARTESIAN_POINT('',(22.71717378134,38.803597795211,210.));
#3505 = CARTESIAN_POINT('',(23.016612562234,39.622066854581,210.));
#3506 = CARTESIAN_POINT('',(23.188041914237,40.108522256994,210.));
#3507 = CARTESIAN_POINT('',(23.36096086923,40.606213882289,210.));
#3508 = CARTESIAN_POINT('',(23.642115553686,41.445698733529,210.));
#3509 = CARTESIAN_POINT('',(23.992943955878,42.568202997485,210.));
#3510 = CARTESIAN_POINT('',(24.32693229228,43.71343914346,210.));
#3511 = CARTESIAN_POINT('',(24.603177340796,44.722244514523,210.));
#3512 = CARTESIAN_POINT('',(24.795302951969,45.465846275777,210.));
#3513 = CARTESIAN_POINT('',(24.905752237407,45.907724883758,210.));
#3514 = CARTESIAN_POINT('',(25.017577388762,46.360789739223,210.));
#3515 = CARTESIAN_POINT('',(25.200178106969,47.125308644454,210.));
#3516 = CARTESIAN_POINT('',(25.536266538923,48.623478224073,210.));
#3517 = CARTESIAN_POINT('',(25.837272095967,50.119999550717,210.));
#3518 = CARTESIAN_POINT('',(26.083384984051,51.473348609043,210.));
#3519 = CARTESIAN_POINT('',(26.190957385787,52.096584410244,210.));
#3520 = CARTESIAN_POINT('',(26.252993039998,52.467007543414,210.));
#3521 = CARTESIAN_POINT('',(26.315965368614,52.847392049932,210.));
#3522 = CARTESIAN_POINT('',(26.419125942171,53.489626073113,210.));
#3523 = CARTESIAN_POINT('',(26.713511098021,55.431810902541,210.));
#3524 = CARTESIAN_POINT('',(26.956392683967,57.346643056723,210.));
#3525 = CARTESIAN_POINT('',(27.146353859355,59.118929031868,210.));
#3526 = CARTESIAN_POINT('',(27.193926440865,59.584337144879,210.));
#3527 = CARTESIAN_POINT('',(27.221437155031,59.861013241288,210.));
#3528 = CARTESIAN_POINT('',(27.249416438536,60.145397737229,210.));
#3529 = CARTESIAN_POINT('',(27.29538431186,60.625749850378,210.));
#3530 = CARTESIAN_POINT('',(27.523397521452,63.14022896994,210.));
#3531 = CARTESIAN_POINT('',(27.683007958229,65.598080874698,210.));
#3532 = CARTESIAN_POINT('',(27.7868753443,67.919249680601,210.));
#3533 = CARTESIAN_POINT('',(27.798446772032,68.191045211599,210.));
#3534 = CARTESIAN_POINT('',(27.805127167754,68.352649925923,210.));
#3535 = CARTESIAN_POINT('',(27.811919265464,68.518834910613,210.));
#3536 = CARTESIAN_POINT('',(27.823056909386,68.799612167602,210.));
#3537 = CARTESIAN_POINT('',(27.967460803315,72.656179296271,210.));
#3538 = CARTESIAN_POINT('',(27.991257207581,76.404570778971,210.));
#3539 = CARTESIAN_POINT('',(28.,80.,210.));
#3540 = PCURVE('',#342,#3541);
#3541 = DEFINITIONAL_REPRESENTATION('',(#3542),#3546);
#3542 = LINE('',#3543,#3544);
#3543 = CARTESIAN_POINT('',(0.,1.));
#3544 = VECTOR('',#3545,1.);
#3545 = DIRECTION('',(1.,0.));
#3546 = ( GEOMETRIC_REPRESENTATION_CONTEXT(2) 
PARAMETRIC_REPRESENTATION_CONTEXT() REPRESENTATION_CONTEXT('2D SPACE',''
  ) );
#3547 = PCURVE('',#3548,#3553);
#3548 = PLANE('',#3549);
#3549 = AXIS2_PLACEMENT_3D('',#3550,#3551,#3552);
#3550 = CARTESIAN_POINT('',(28.,80.,210.));
#3551 = DIRECTION('',(3.428947493698E-16,-2.518282538057E-16,-1.));
#3552 = DIRECTION('',(-0.591932289108,-0.805987695385,2.465190328816E-32
    ));
#3553 = DEFINITIONAL_REPRESENTATION('',(#3554),#3870);
#3554 = B_SPLINE_CURVE_WITH_KNOTS('',3,(#3555,#3556,#3557,#3558,#3559,
    #3560,#3561,#3562,#3563,#3564,#3565,#3566,#3567,#3568,#3569,#3570,
    #3571,#3572,#3573,#3574,#3575,#3576,#3577,#3578,#3579,#3580,#3581,
    #3582,#3583,#3584,#3585,#3586,#3587,#3588,#3589,#3590,#3591,#3592,
    #3593,#3594,#3595,#3596,#3597,#3598,#3599,#3600,#3601,#3602,#3603,
    #3604,#3605,#3606,#3607,#3608,#3609,#3610,#3611,#3612,#3613,#3614,
    #3615,#3616,#3617,#3618,#3619,#3620,#3621,#3622,#3623,#3624,#3625,
    #3626,#3627,#3628,#3629,#3630,#3631,#3632,#3633,#3634,#3635,#3636,
    #3637,#3638,#3639,#3640,#3641,#3642,#3643,#3644,#3645,#3646,#3647,
    #3648,#3649,#3650,#3651,#3652,#3653,#3654,#3655,#3656,#3657,#3658,
    #3659,#3660,#3661,#3662,#3663,#3664,#3665,#3666,#3667,#3668,#3669,
    #3670,#3671,#3672,#3673,#3674,#3675,#3676,#3677,#3678,#3679,#3680,
    #3681,#3682,#3683,#3684,#3685,#3686,#3687,#3688,#3689,#3690,#3691,
    #3692,#3693,#3694,#3695,#3696,#3697,#3698,#3699,#3700,#3701,#3702,
    #3703,#3704,#3705,#3706,#3707,#3708,#3709,#3710,#3711,#3712,#3713,
    #3714,#3715,#3716,#3717,#3718,#3719,#3720,#3721,#3722,#3723,#3724,
    #3725,#3726,#3727,#3728,#3729,#3730,#3731,#3732,#3733,#3734,#3735,
    #3736,#3737,#3738,#3739,#3740,#3741,#3742,#3743,#3744,#3745,#3746,
    #3747,#3748,#3749,#3750,#3751,#3752,#3753,#3754,#3755,#3756,#3757,
    #3758,#3759,#3760,#3761,#3762,#3763,#3764,#3765,#3766,#3767,#3768,
    #3769,#3770,#3771,#3772,#3773,#3774,#3775,#3776,#3777,#3778,#3779,
    #3780,#3781,#3782,#3783,#3784,#3785,#3786,#3787,#3788,#3789,#3790,
    #3791,#3792,#3793,#3794,#3795,#3796,#3797,#3798,#3799,#3800,#3801,
    #3802,#3803,#3804,#3805,#3806,#3807,#3808,#3809,#3810,#3811,#3812,
    #3813,#3814,#3815,#3816,#3817,#3818,#3819,#3820,#3821,#3822,#3823,
    #3824,#3825,#3826,#3827,#3828,#3829,#3830,#3831,#3832,#3833,#3834,
    #3835,#3836,#3837,#3838,#3839,#3840,#3841,#3842,#3843,#3844,#3845,
    #3846,#3847,#3848,#3849,#3850,#3851,#3852,#3853,#3854,#3855,#3856,
    #3857,#3858,#3859,#3860,#3861,#3862,#3863,#3864,#3865,#3866,#3867,
    #3868,#3869),.UNSPECIFIED.,.T.,.F.,(4,1,1,1,1,1,1,1,1,1,1,1,1,1,1,1,
    1,1,1,1,1,1,1,1,1,1,1,1,1,1,1,1,1,1,1,1,1,1,1,1,1,1,1,1,1,1,1,1,1,1,
    1,1,1,1,1,1,1,1,1,1,1,1,1,1,1,1,1,1,1,1,1,1,1,1,1,1,1,1,1,1,1,1,1,1,
    1,1,1,1,1,1,1,1,1,1,1,1,1,1,1,1,1,1,1,1,1,1,1,1,1,1,1,1,1,1,1,1,1,1,
    1,1,1,1,1,1,1,1,1,1,1,1,1,1,1,1,1,1,1,1,1,1,1,1,1,1,1,1,1,1,1,1,1,1,
    1,1,1,1,1,1,1,1,1,1,1,1,1,1,1,1,1,1,1,1,1,1,1,1,1,1,1,1,1,1,1,1,1,1,
    1,1,1,1,1,1,1,1,1,1,1,1,1,1,1,1,1,1,1,1,1,1,1,1,1,1,1,1,1,1,1,1,1,1,
    1,1,1,1,1,1,1,1,1,1,1,1,1,1,1,1,1,1,1,1,1,1,1,1,1,1,1,1,1,1,1,1,1,1,
    1,1,1,1,1,1,1,1,1,1,1,1,1,1,1,1,1,1,1,1,1,1,1,1,1,1,1,1,1,1,1,1,1,1,
    1,1,1,1,1,1,1,1,1,1,1,1,1,1,1,1,1,1,1,1,1,1,1,1,4),(0.,
    3.704173808496E-02,3.853123065704E-02,3.969965341824E-02,
    3.993238418426E-02,4.024223661402E-02,4.13635419423E-02,
    4.273098186666E-02,6.41454235551E-02,6.670297813495E-02,
    6.871057125171E-02,6.911058570477E-02,6.964322375689E-02,
    7.157139084363E-02,7.392412299658E-02,8.798229181108E-02,
    9.142688381577E-02,9.41345982466E-02,9.467449969176E-02,
    9.539359974116E-02,9.79986060635E-02,0.101181034377,0.109544756832,
    0.113701703722,0.116977141638,0.117631034906,0.118502363775,
    0.121662626819,0.125531319728,0.129261366267,0.133934097107,
    0.137629017904,0.138368006002,0.139353417329,0.142934025332,
    0.147331186171,0.147415924125,0.152374504434,0.156314770953,
    0.157104865229,0.158159479062,0.162001684612,0.164280609728,
    0.166741923668,0.169256768763,0.173236214754,0.174036903778,
    0.175107101911,0.179020209467,0.180186028534,0.183879181261,
    0.18487503496,0.188653224365,0.189416628917,0.190438725212,
    0.194193366675,0.195576751147,0.198895789819,0.199649381927,
    0.202956802179,0.203628160021,0.204528730921,0.207854793944,
    0.211083750696,0.212064253329,0.214207887829,0.216761918232,
    0.217282460108,0.21798194064,0.220578530215,0.223899762548,
    0.227742224453,0.229592560459,0.231111132833,0.231421401473,
    0.231838779688,0.233393257979,0.235396049494,0.25,0.264603950506,
    0.266606742021,0.268161220312,0.268578598527,0.268888867167,
    0.270407439541,0.272257775547,0.276100237452,0.279421469785,
    0.28201805936,0.282717539892,0.283238081768,0.285792112171,
    0.287935746671,0.288916249304,0.292145206056,0.295471269079,
    0.296371839979,0.297043197821,0.300350618073,0.301104210181,
    0.304423248853,0.305806633325,0.309561274788,0.310583371083,
    0.311346775635,0.31512496504,0.316120818739,0.319813971466,
    0.320979790533,0.324892898089,0.325963096222,0.326763785246,
    0.330743231237,0.333258076332,0.335719390272,0.337998315388,
    0.341840520938,0.342895134771,0.343685229047,0.347625495566,
    0.352584075875,0.352668813829,0.357065974668,0.360646582671,
    0.361631993998,0.362370982096,0.366065902893,0.370738633733,
    0.374468680272,0.378337373181,0.381497636225,0.382368965094,
    0.383022858362,0.386298296278,0.390455243168,0.398818965623,
    0.402001393936,0.404606400259,0.405325500308,0.405865401753,
    0.408573116184,0.412017708189,0.426075877003,0.428428609156,
    0.430356776243,0.430889414295,0.431289428748,0.433297021865,
    0.435854576445,0.457269018133,0.458636458058,0.459757763386,
    0.460067615816,0.460300346582,0.461468769343,0.462958261915,0.5,
    0.537041738085,0.538531230657,0.539699653418,0.539932384184,
    0.540242236614,0.541363541942,0.542730981867,0.564145423555,
    0.566702978135,0.568710571252,0.569110585705,0.569643223757,
    0.571571390844,0.573924122997,0.587982291811,0.591426883816,
    0.594134598247,0.594674499692,0.595393599741,0.597998606064,
    0.601181034377,0.609544756832,0.613701703722,0.616977141638,
    0.617631034906,0.618502363775,0.621662626819,0.625531319728,
    0.629261366267,0.633934097107,0.637629017904,0.638368006002,
    0.639353417329,0.642934025332,0.647331186171,0.647415924125,
    0.652374504434,0.656314770953,0.657104865229,0.658159479062,
    0.662001684612,0.664280609728,0.666741923668,0.669256768763,
    0.673236214754,0.674036903778,0.675107101911,0.679020209467,
    0.680186028534,0.683879181261,0.68487503496,0.688653224365,
    0.689416628917,0.690438725212,0.694193366675,0.695576751147,
    0.698895789819,0.699649381927,0.702956802179,0.703628160021,
    0.704528730921,0.707854793944,0.711083750696,0.712064253329,
    0.714207887829,0.716761918232,0.717282460108,0.71798194064,
    0.720578530215,0.723899762548,0.727742224453,0.729592560459,
    0.731111132833,0.731421401473,0.731838779688,0.733393257979,
    0.735396049494,0.75,0.764603950506,0.766606742021,0.768161220312,
    0.768578598527,0.768888867167,0.770407439541,0.772257775547,
    0.776100237452,0.779421469785,0.78201805936,0.782717539892,
    0.783238081768,0.785792112171,0.787935746671,0.788916249304,
    0.792145206056,0.795471269079,0.796371839979,0.797043197821,
    0.800350618073,0.801104210181,0.804423248853,0.805806633325,
    0.809561274788,0.810583371083,0.811346775635,0.81512496504,
    0.816120818739,0.819813971466,0.820979790533,0.824892898089,
    0.825963096222,0.826763785246,0.830743231237,0.833258076332,
    0.835719390272,0.837998315388,0.841840520938,0.842895134771,
    0.843685229047,0.847625495566,0.852584075875,0.852668813829,
    0.857065974668,0.860646582671,0.861631993998,0.862370982096,
    0.866065902893,0.870738633733,0.874468680272,0.878337373181,
    0.881497636225,0.882368965094,0.883022858362,0.886298296278,
    0.890455243168,0.898818965623,0.902001393936,0.904606400259,
    0.905325500308,0.905865401753,0.908573116184,0.912017708189,
    0.926075877003,0.928428609156,0.930356776243,0.930889414295,
    0.931289428748,0.933297021865,0.935854576445,0.957269018133,
    0.958636458058,0.959757763386,0.960067615816,0.960300346582,
    0.961468769343,0.962958261915,1.),.UNSPECIFIED.);
#3555 = CARTESIAN_POINT('',(0.,0.));
#3556 = CARTESIAN_POINT('',(-2.903046852906,2.121204066016));
#3557 = CARTESIAN_POINT('',(-5.903079715368,4.368761657122));
#3558 = CARTESIAN_POINT('',(-8.922891672629,6.772137642719));
#3559 = CARTESIAN_POINT('',(-9.14240518849,6.947583493783));
#3560 = CARTESIAN_POINT('',(-9.272220504193,7.051574167536));
#3561 = CARTESIAN_POINT('',(-9.398416678894,7.152754913058));
#3562 = CARTESIAN_POINT('',(-9.610476320209,7.323176549564));
#3563 = CARTESIAN_POINT('',(-11.41871726888,8.782378669248));
#3564 = CARTESIAN_POINT('',(-13.30597678786,10.364897433143));
#3565 = CARTESIAN_POINT('',(-15.19820774547,12.036312000496));
#3566 = CARTESIAN_POINT('',(-15.5582457507,12.357574946542));
#3567 = CARTESIAN_POINT('',(-15.77093985422,12.548400261708));
#3568 = CARTESIAN_POINT('',(-15.97769435368,12.734290634478));
#3569 = CARTESIAN_POINT('',(-16.32470521312,13.048045490486));
#3570 = CARTESIAN_POINT('',(-17.64084691953,14.250027486559));
#3571 = CARTESIAN_POINT('',(-19.04030305304,15.57938178065));
#3572 = CARTESIAN_POINT('',(-20.43130571527,16.966455631051));
#3573 = CARTESIAN_POINT('',(-20.88784173617,17.429805262224));
#3574 = CARTESIAN_POINT('',(-21.15713625178,17.705742972501));
#3575 = CARTESIAN_POINT('',(-21.41895832478,17.975026751896));
#3576 = CARTESIAN_POINT('',(-21.85758659322,18.430664700608));
#3577 = CARTESIAN_POINT('',(-22.80267094248,19.430141689125));
#3578 = CARTESIAN_POINT('',(-23.83068970494,20.558566114965));
#3579 = CARTESIAN_POINT('',(-24.83927862173,21.716231164833));
#3580 = CARTESIAN_POINT('',(-25.34739480131,22.315934075445));
#3581 = CARTESIAN_POINT('',(-25.64637124289,22.674241142397));
#3582 = CARTESIAN_POINT('',(-25.93714541876,23.024818740394));
#3583 = CARTESIAN_POINT('',(-26.42275809697,23.619825845718));
#3584 = CARTESIAN_POINT('',(-27.07232545712,24.439619055844));
#3585 = CARTESIAN_POINT('',(-27.79767056747,25.38671540865));
#3586 = CARTESIAN_POINT('',(-28.4947238193,26.333931720842));
#3587 = CARTESIAN_POINT('',(-29.00491053998,27.057461489202));
#3588 = CARTESIAN_POINT('',(-29.30368623359,27.49143357907));
#3589 = CARTESIAN_POINT('',(-29.59428765392,27.917553657341));
#3590 = CARTESIAN_POINT('',(-30.07671521933,28.643377177425));
#3591 = CARTESIAN_POINT('',(-30.49612858493,29.305704331468));
#3592 = CARTESIAN_POINT('',(-30.97679096803,30.087619427767));
#3593 = CARTESIAN_POINT('',(-31.42300046112,30.838536808639));
#3594 = CARTESIAN_POINT('',(-31.88094873796,31.661852824523));
#3595 = CARTESIAN_POINT('',(-32.1464774791,32.157799767943));
#3596 = CARTESIAN_POINT('',(-32.4044152312,32.647016478189));
#3597 = CARTESIAN_POINT('',(-32.71925342578,33.269931452904));
#3598 = CARTESIAN_POINT('',(-33.07841022004,34.023397374325));
#3599 = CARTESIAN_POINT('',(-33.37004155569,34.66586857548));
#3600 = CARTESIAN_POINT('',(-33.71368504009,35.46612066155));
#3601 = CARTESIAN_POINT('',(-33.97534040431,36.125648140847));
#3602 = CARTESIAN_POINT('',(-34.17356306549,36.659110072652));
#3603 = CARTESIAN_POINT('',(-34.36494958308,37.1882592976));
#3604 = CARTESIAN_POINT('',(-34.5550705752,37.755648288343));
#3605 = CARTESIAN_POINT('',(-34.80500128064,38.571660957382));
#3606 = CARTESIAN_POINT('',(-34.95786375902,39.120431520482));
#3607 = CARTESIAN_POINT('',(-35.15787945698,39.919462658185));
#3608 = CARTESIAN_POINT('',(-35.27438537143,40.44555292856));
#3609 = CARTESIAN_POINT('',(-35.376742853,40.977277354974));
#3610 = CARTESIAN_POINT('',(-35.47282362381,41.507918424217));
#3611 = CARTESIAN_POINT('',(-35.56192149467,42.10116482242));
#3612 = CARTESIAN_POINT('',(-35.65613987577,42.919025973445));
#3613 = CARTESIAN_POINT('',(-35.6999156345,43.448382580847));
#3614 = CARTESIAN_POINT('',(-35.73803416657,44.16560268088));
#3615 = CARTESIAN_POINT('',(-35.74881945179,44.626151719022));
#3616 = CARTESIAN_POINT('',(-35.74539032369,45.101119891539));
#3617 = CARTESIAN_POINT('',(-35.73615778574,45.577879758479));
#3618 = CARTESIAN_POINT('',(-35.69829450291,46.303118852244));
#3619 = CARTESIAN_POINT('',(-35.62206116481,47.033207611599));
#3620 = CARTESIAN_POINT('',(-35.53689838115,47.646002349177));
#3621 = CARTESIAN_POINT('',(-35.44685708798,48.191652075411));
#3622 = CARTESIAN_POINT('',(-35.3446606287,48.689577345351));
#3623 = CARTESIAN_POINT('',(-35.26142520234,49.047637903337));
#3624 = CARTESIAN_POINT('',(-35.1735367857,49.408880165093));
#3625 = CARTESIAN_POINT('',(-35.00392241795,50.031018760521));
#3626 = CARTESIAN_POINT('',(-34.70975186718,50.935797915059));
#3627 = CARTESIAN_POINT('',(-34.39122964096,51.754513513864));
#3628 = CARTESIAN_POINT('',(-34.1083487642,52.396913142049));
#3629 = CARTESIAN_POINT('',(-33.95580460427,52.720590570202));
#3630 = CARTESIAN_POINT('',(-33.86001652798,52.916780997033));
#3631 = CARTESIAN_POINT('',(-33.76163660574,53.115538944953));
#3632 = CARTESIAN_POINT('',(-33.58537144505,53.459059914478));
#3633 = CARTESIAN_POINT('',(-32.74196020929,55.008099945491));
#3634 = CARTESIAN_POINT('',(-31.01412182716,57.517329846178));
#3635 = CARTESIAN_POINT('',(-29.13688923393,59.916841873977));
#3636 = CARTESIAN_POINT('',(-27.91120168879,61.185131103569));
#3637 = CARTESIAN_POINT('',(-27.63616498787,61.456112424592));
#3638 = CARTESIAN_POINT('',(-27.47595252642,61.609459410486));
#3639 = CARTESIAN_POINT('',(-27.31741437888,61.759565022745));
#3640 = CARTESIAN_POINT('',(-27.05421390366,62.001974403364));
#3641 = CARTESIAN_POINT('',(-26.52589594931,62.464120495756));
#3642 = CARTESIAN_POINT('',(-25.84000581637,63.013034299746));
#3643 = CARTESIAN_POINT('',(-25.06470872605,63.56446521385));
#3644 = CARTESIAN_POINT('',(-24.52183044664,63.912471881279));
#3645 = CARTESIAN_POINT('',(-24.20343925792,64.104428639689));
#3646 = CARTESIAN_POINT('',(-23.88669166295,64.290993537952));
#3647 = CARTESIAN_POINT('',(-23.44216167068,64.537502724063));
#3648 = CARTESIAN_POINT('',(-22.94845672426,64.786694390726));
#3649 = CARTESIAN_POINT('',(-22.38922352431,65.051323037932));
#3650 = CARTESIAN_POINT('',(-21.71539870332,65.342529547399));
#3651 = CARTESIAN_POINT('',(-21.03471978004,65.595672928353));
#3652 = CARTESIAN_POINT('',(-20.58256759277,65.747144398297));
#3653 = CARTESIAN_POINT('',(-20.13038843804,65.892542235678));
#3654 = CARTESIAN_POINT('',(-19.68771432727,66.020062287919));
#3655 = CARTESIAN_POINT('',(-18.99195076239,66.198305773282));
#3656 = CARTESIAN_POINT('',(-18.47375000933,66.314936415507));
#3657 = CARTESIAN_POINT('',(-17.66516984226,66.469765590509));
#3658 = CARTESIAN_POINT('',(-17.0724448574,66.562268663372));
#3659 = CARTESIAN_POINT('',(-16.53736712369,66.629375256858));
#3660 = CARTESIAN_POINT('',(-15.99937747274,66.690816914201));
#3661 = CARTESIAN_POINT('',(-15.46253014212,66.737072499573));
#3662 = CARTESIAN_POINT('',(-14.64025917625,66.785317434262));
#3663 = CARTESIAN_POINT('',(-14.07089170354,66.803668977561));
#3664 = CARTESIAN_POINT('',(-13.21748114847,66.809367402493));
#3665 = CARTESIAN_POINT('',(-12.61919943497,66.797738820304));
#3666 = CARTESIAN_POINT('',(-12.05702670582,66.773460106189));
#3667 = CARTESIAN_POINT('',(-11.48869329964,66.743948971743));
#3668 = CARTESIAN_POINT('',(-10.78108959682,66.691634454328));
#3669 = CARTESIAN_POINT('',(-9.914675781359,66.603197828071));
#3670 = CARTESIAN_POINT('',(-9.214377010209,66.517177064056));
#3671 = CARTESIAN_POINT('',(-8.387963386793,66.39993808343));
#3672 = CARTESIAN_POINT('',(-7.699380304879,66.285922043913));
#3673 = CARTESIAN_POINT('',(-7.155395804702,66.18619249547));
#3674 = CARTESIAN_POINT('',(-6.602717914532,66.081233707954));
#3675 = CARTESIAN_POINT('',(-5.680092277113,65.890631626368));
#3676 = CARTESIAN_POINT('',(-4.830060652663,65.689566430569));
#3677 = CARTESIAN_POINT('',(-3.940142498774,65.464902348838));
#3678 = CARTESIAN_POINT('',(-3.182660814986,65.262896143749));
#3679 = CARTESIAN_POINT('',(-2.345737227584,65.019762757182));
#3680 = CARTESIAN_POINT('',(-1.852185460147,64.869985081619));
#3681 = CARTESIAN_POINT('',(-1.34869566232,64.714757154906));
#3682 = CARTESIAN_POINT('',(-0.505656280039,64.444449255874));
#3683 = CARTESIAN_POINT('',(0.606735571462,64.062770636021));
#3684 = CARTESIAN_POINT('',(1.727480613127,63.654061416098));
#3685 = CARTESIAN_POINT('',(2.704083571806,63.279566086331));
#3686 = CARTESIAN_POINT('',(3.417142293446,62.994251079119));
#3687 = CARTESIAN_POINT('',(3.838669036704,62.821705834606));
#3688 = CARTESIAN_POINT('',(4.270026092088,62.643647341256));
#3689 = CARTESIAN_POINT('',(4.994304906229,62.33826766617));
#3690 = CARTESIAN_POINT('',(6.400749826342,61.722312573694));
#3691 = CARTESIAN_POINT('',(7.785100596043,61.079064800879));
#3692 = CARTESIAN_POINT('',(9.021567397222,60.476353274867));
#3693 = CARTESIAN_POINT('',(9.587565353837,60.194157784884));
#3694 = CARTESIAN_POINT('',(9.9228443744,60.024905307544));
#3695 = CARTESIAN_POINT('',(10.266706810347,59.850513098712));
#3696 = CARTESIAN_POINT('',(10.845407533127,59.553531502841));
#3697 = CARTESIAN_POINT('',(12.5850549345,58.64127395621));
#3698 = CARTESIAN_POINT('',(14.272168253238,57.703683848461));
#3699 = CARTESIAN_POINT('',(15.81303561647,56.807577618741));
#3700 = CARTESIAN_POINT('',(16.216301665623,56.570375369294));
#3701 = CARTESIAN_POINT('',(16.455578684283,56.428735375953));
#3702 = CARTESIAN_POINT('',(16.701345446972,56.282906268217));
#3703 = CARTESIAN_POINT('',(17.115702374245,56.035533537215));
#3704 = CARTESIAN_POINT('',(19.27724254814,54.730370520579));
#3705 = CARTESIAN_POINT('',(21.352630450892,53.403422854138));
#3706 = CARTESIAN_POINT('',(23.285080063295,52.11422915949));
#3707 = CARTESIAN_POINT('',(23.511012046045,51.962819496546));
#3708 = CARTESIAN_POINT('',(23.645229947107,51.872641582784));
#3709 = CARTESIAN_POINT('',(23.783206377967,51.779848612262));
#3710 = CARTESIAN_POINT('',(24.016125814399,51.6228131087));
#3711 = CARTESIAN_POINT('',(27.210316785378,49.459307136211));
#3712 = CARTESIAN_POINT('',(33.165132834906,45.15835590083));
#3713 = CARTESIAN_POINT('',(39.050889184588,40.763371497555));
#3714 = CARTESIAN_POINT('',(42.071069133212,38.362928386364));
#3715 = CARTESIAN_POINT('',(42.290606340166,38.187671352241));
#3716 = CARTESIAN_POINT('',(42.420434571965,38.083783619188));
#3717 = CARTESIAN_POINT('',(42.546642894536,37.982699691633));
#3718 = CARTESIAN_POINT('',(42.758721163249,37.812426514645));
#3719 = CARTESIAN_POINT('',(44.567095768264,36.354289629872));
#3720 = CARTESIAN_POINT('',(46.454266226469,34.771061055711));
#3721 = CARTESIAN_POINT('',(48.346429746206,33.099109011562));
#3722 = CARTESIAN_POINT('',(48.706456917582,32.777759720147));
#3723 = CARTESIAN_POINT('',(48.919145537968,32.586890704684));
#3724 = CARTESIAN_POINT('',(49.125895046767,32.400960556553));
#3725 = CARTESIAN_POINT('',(49.472898995871,32.087150625466));
#3726 = CARTESIAN_POINT('',(50.789023223447,30.885029323931));
#3727 = CARTESIAN_POINT('',(52.188492067553,29.555776332666));
#3728 = CARTESIAN_POINT('',(53.579508977285,28.168816034269));
#3729 = CARTESIAN_POINT('',(54.036048926271,27.705497709775));
#3730 = CARTESIAN_POINT('',(54.305345291439,27.429574740336));
#3731 = CARTESIAN_POINT('',(54.567168990772,27.160303922787));
#3732 = CARTESIAN_POINT('',(55.005799250736,26.704681846389));
#3733 = CARTESIAN_POINT('',(55.95088554738,25.705220378446));
#3734 = CARTESIAN_POINT('',(56.978902395975,24.57678069915));
#3735 = CARTESIAN_POINT('',(57.987488391231,23.419092364826));
#3736 = CARTESIAN_POINT('',(58.495603293327,22.819379272725));
#3737 = CARTESIAN_POINT('',(58.79457917375,22.461067733406));
#3738 = CARTESIAN_POINT('',(59.085352873634,22.110486341799));
#3739 = CARTESIAN_POINT('',(59.570965050835,21.515475243413));
#3740 = CARTESIAN_POINT('',(60.220532289617,20.695681066063));
#3741 = CARTESIAN_POINT('',(60.945877719169,19.748587257248));
#3742 = CARTESIAN_POINT('',(61.642931538538,18.801375468342));
#3743 = CARTESIAN_POINT('',(62.153118644975,18.077848774445));
#3744 = CARTESIAN_POINT('',(62.451894497469,17.643877950871));
#3745 = CARTESIAN_POINT('',(62.742496047787,17.217758908595));
#3746 = CARTESIAN_POINT('',(63.224923726676,16.491936292899));
#3747 = CARTESIAN_POINT('',(63.644337073965,15.82960899293));
#3748 = CARTESIAN_POINT('',(64.124999393956,15.04769339366));
#3749 = CARTESIAN_POINT('',(64.571208783142,14.296775184712));
#3750 = CARTESIAN_POINT('',(65.029156950706,13.473458297875));
#3751 = CARTESIAN_POINT('',(65.294685649224,12.977511014766));
#3752 = CARTESIAN_POINT('',(65.552623367578,12.488294035588));
#3753 = CARTESIAN_POINT('',(65.867461544589,11.865378920775));
#3754 = CARTESIAN_POINT('',(66.226618342569,11.111913029039));
#3755 = CARTESIAN_POINT('',(66.518249692668,10.469441943031));
#3756 = CARTESIAN_POINT('',(66.861893202681,9.669190061106));
#3757 = CARTESIAN_POINT('',(67.123548588583,9.009662754623));
#3758 = CARTESIAN_POINT('',(67.321771260676,8.476200909779));
#3759 = CARTESIAN_POINT('',(67.513157786715,7.947051752153));
#3760 = CARTESIAN_POINT('',(67.703278781819,7.379662785178));
#3761 = CARTESIAN_POINT('',(67.953209486135,6.563650107216));
#3762 = CARTESIAN_POINT('',(68.106071960969,6.014879515884));
#3763 = CARTESIAN_POINT('',(68.306087652724,5.215848328698));
#3764 = CARTESIAN_POINT('',(68.422593562894,4.689758024226));
#3765 = CARTESIAN_POINT('',(68.524951041791,4.1580335765));
#3766 = CARTESIAN_POINT('',(68.621031810531,3.627392490758));
#3767 = CARTESIAN_POINT('',(68.710129680683,3.034146086894));
#3768 = CARTESIAN_POINT('',(68.804348062219,2.216284939392));
#3769 = CARTESIAN_POINT('',(68.84812382187,1.686928339317));
#3770 = CARTESIAN_POINT('',(68.886242355362,0.969708250569));
#3771 = CARTESIAN_POINT('',(68.897027641516,0.509159219884));
#3772 = CARTESIAN_POINT('',(68.893598514039,3.419105235243E-02));
#3773 = CARTESIAN_POINT('',(68.884365976591,-0.44256881059));
#3774 = CARTESIAN_POINT('',(68.846502694054,-1.167807902028));
#3775 = CARTESIAN_POINT('',(68.770269355774,-1.897896662835));
#3776 = CARTESIAN_POINT('',(68.685106571841,-2.510691402599));
#3777 = CARTESIAN_POINT('',(68.59506527837,-3.056341131206));
#3778 = CARTESIAN_POINT('',(68.492868818827,-3.554266403236));
#3779 = CARTESIAN_POINT('',(68.409633392326,-3.912326962314));
#3780 = CARTESIAN_POINT('',(68.32174497557,-4.273569225014));
#3781 = CARTESIAN_POINT('',(68.152130607703,-4.895707821372));
#3782 = CARTESIAN_POINT('',(67.857960056937,-5.80048697587));
#3783 = CARTESIAN_POINT('',(67.539437830835,-6.619202573717));
#3784 = CARTESIAN_POINT('',(67.256556954185,-7.261602201033));
#3785 = CARTESIAN_POINT('',(67.104012794307,-7.585279628781));
#3786 = CARTESIAN_POINT('',(67.008224718049,-7.781470055396));
#3787 = CARTESIAN_POINT('',(66.90984479583,-7.980228003111));
#3788 = CARTESIAN_POINT('',(66.733579635181,-8.323748972336));
#3789 = CARTESIAN_POINT('',(65.890168399532,-9.872789002422));
#3790 = CARTESIAN_POINT('',(64.162330017213,-12.38201890464));
#3791 = CARTESIAN_POINT('',(62.285097423797,-14.78153093397));
#3792 = CARTESIAN_POINT('',(61.059409878771,-16.04982016263));
#3793 = CARTESIAN_POINT('',(60.784373177888,-16.32080148336));
#3794 = CARTESIAN_POINT('',(60.624160716464,-16.47414846905));
#3795 = CARTESIAN_POINT('',(60.465622568945,-16.62425408109));
#3796 = CARTESIAN_POINT('',(60.202422093777,-16.8666634613));
#3797 = CARTESIAN_POINT('',(59.674104139543,-17.32880955283));
#3798 = CARTESIAN_POINT('',(58.988214006722,-17.87772335586));
#3799 = CARTESIAN_POINT('',(58.212916916404,-18.42915426992));
#3800 = CARTESIAN_POINT('',(57.670038636873,-18.77716093828));
#3801 = CARTESIAN_POINT('',(57.351647448037,-18.96911769763));
#3802 = CARTESIAN_POINT('',(57.034899852926,-19.15568259699));
#3803 = CARTESIAN_POINT('',(56.590369860399,-19.40219178519));
#3804 = CARTESIAN_POINT('',(56.096664913681,-19.65138345423));
#3805 = CARTESIAN_POINT('',(55.537431713455,-19.91601210362));
#3806 = CARTESIAN_POINT('',(54.863606892289,-20.20721861454));
#3807 = CARTESIAN_POINT('',(54.182927969298,-20.46036199316));
#3808 = CARTESIAN_POINT('',(53.730775782525,-20.61183345911));
#3809 = CARTESIAN_POINT('',(53.278596628422,-20.75723129151));
#3810 = CARTESIAN_POINT('',(52.835922518593,-20.88475133629));
#3811 = CARTESIAN_POINT('',(52.140158955122,-21.06299481037));
#3812 = CARTESIAN_POINT('',(51.621958202983,-21.17962544527));
#3813 = CARTESIAN_POINT('',(50.813378036355,-21.33445461675));
#3814 = CARTESIAN_POINT('',(50.220653050788,-21.42695769527));
#3815 = CARTESIAN_POINT('',(49.685575315011,-21.49406430525));
#3816 = CARTESIAN_POINT('',(49.147585661379,-21.55550598391));
#3817 = CARTESIAN_POINT('',(48.610738326489,-21.60176160338));
#3818 = CARTESIAN_POINT('',(47.788467354405,-21.65000658755));
#3819 = CARTESIAN_POINT('',(47.219099878151,-21.66835815908));
#3820 = CARTESIAN_POINT('',(46.36568932196,-21.67405659294));
#3821 = CARTESIAN_POINT('',(45.767407611449,-21.66242798698));
#3822 = CARTESIAN_POINT('',(45.20523489074,-21.63814920554));
#3823 = CARTESIAN_POINT('',(44.636901495471,-21.60863798414));
#3824 = CARTESIAN_POINT('',(43.92929781434,-21.55632329391));
#3825 = CARTESIAN_POINT('',(43.062884024486,-21.4678864635));
#3826 = CARTESIAN_POINT('',(42.362585267783,-21.38186558434));
#3827 = CARTESIAN_POINT('',(41.536171648092,-21.26462657403));
#3828 = CARTESIAN_POINT('',(40.847588548599,-21.15061067461));
#3829 = CARTESIAN_POINT('',(40.303604014679,-21.0508813951));
#3830 = CARTESIAN_POINT('',(39.750926081888,-20.94592294728));
#3831 = CARTESIAN_POINT('',(38.82830033519,-20.75532173664));
#3832 = CARTESIAN_POINT('',(37.97826860684,-20.55425736892));
#3833 = CARTESIAN_POINT('',(37.088350389842,-20.32959379016));
#3834 = CARTESIAN_POINT('',(36.330868687745,-20.127587731));
#3835 = CARTESIAN_POINT('',(35.493945213818,-19.88445344004));
#3836 = CARTESIAN_POINT('',(35.000393576368,-19.73467472848));
#3837 = CARTESIAN_POINT('',(34.496903937425,-19.57944553548));
#3838 = CARTESIAN_POINT('',(33.6538649409,-19.30913456198));
#3839 = CARTESIAN_POINT('',(32.541473656942,-18.92745141884));
#3840 = CARTESIAN_POINT('',(31.420728934474,-18.51873965493));
#3841 = CARTESIAN_POINT('',(30.444125854436,-18.14424529238));
#3842 = CARTESIAN_POINT('',(29.731066631782,-17.85893427824));
#3843 = CARTESIAN_POINT('',(29.309539412535,-17.68639282733));
#3844 = CARTESIAN_POINT('',(28.878181795998,-17.50833880635));
#3845 = CARTESIAN_POINT('',(28.153901704373,-17.20296931275));
#3846 = CARTESIAN_POINT('',(26.747453862731,-16.58703750473));
#3847 = CARTESIAN_POINT('',(25.36310117916,-15.94380498537));
#3848 = CARTESIAN_POINT('',(24.126636325366,-15.34107793879));
#3849 = CARTESIAN_POINT('',(23.56064036027,-15.05886657649));
#3850 = CARTESIAN_POINT('',(23.225362966046,-14.8896011373));
#3851 = CARTESIAN_POINT('',(22.88150237965,-14.71519418763));
#3852 = CARTESIAN_POINT('',(22.302805584957,-14.41818128508));
#3853 = CARTESIAN_POINT('',(20.563172431094,-13.50581018645));
#3854 = CARTESIAN_POINT('',(18.876071822946,-12.56811877587));
#3855 = CARTESIAN_POINT('',(17.335186980887,-11.67215185162));
#3856 = CARTESIAN_POINT('',(16.931914021396,-11.43500467725));
#3857 = CARTESIAN_POINT('',(16.692632012072,-11.29340445927));
#3858 = CARTESIAN_POINT('',(16.446859766253,-11.14761905183));
#3859 = CARTESIAN_POINT('',(16.03249200512,-10.9003326662));
#3860 = CARTESIAN_POINT('',(13.870884393351,-9.595707126361));
#3861 = CARTESIAN_POINT('',(11.795407429831,-8.269469270186));
#3862 = CARTESIAN_POINT('',(9.863091473762,-6.979210340627));
#3863 = CARTESIAN_POINT('',(9.637178118412,-6.827652218164));
#3864 = CARTESIAN_POINT('',(9.502972365218,-6.737377486436));
#3865 = CARTESIAN_POINT('',(9.365008850456,-6.644481575213));
#3866 = CARTESIAN_POINT('',(9.132113105117,-6.487257254711));
#3867 = CARTESIAN_POINT('',(5.938290125495,-4.320818407812));
#3868 = CARTESIAN_POINT('',(2.903046852906,-2.121204066016));
#3869 = CARTESIAN_POINT('',(0.,0.));
#3870 = ( GEOMETRIC_REPRESENTATION_CONTEXT(2) 
PARAMETRIC_REPRESENTATION_CONTEXT() REPRESENTATION_CONTEXT('2D SPACE',''
  ) );
#3871 = ORIENTED_EDGE('',*,*,#3194,.F.);
#3872 = ADVANCED_FACE('',(#3873),#2870,.T.);
#3873 = FACE_BOUND('',#3874,.T.);
#3874 = EDGE_LOOP('',(#3875));
#3875 = ORIENTED_EDGE('',*,*,#21,.F.);
#3876 = ADVANCED_FACE('',(#3877),#3548,.F.);
#3877 = FACE_BOUND('',#3878,.T.);
#3878 = EDGE_LOOP('',(#3879));
#3879 = ORIENTED_EDGE('',*,*,#3222,.T.);
#3880 = ( GEOMETRIC_REPRESENTATION_CONTEXT(3) 
GLOBAL_UNCERTAINTY_ASSIGNED_CONTEXT((#3884)) 
GLOBAL_UNIT_ASSIGNED_CONTEXT((#3881,#3882,#3883)) REPRESENTATION_CONTEXT
('Context #1','3D Context with UNIT and UNCERTAINTY') );
#3881 = ( LENGTH_UNIT() NAMED_UNIT(*) SI_UNIT(.MILLI.,.METRE.) );
#3882 = ( NAMED_UNIT(*) PLANE_ANGLE_UNIT() SI_UNIT($,.RADIAN.) );
#3883 = ( NAMED_UNIT(*) SI_UNIT($,.STERADIAN.) SOLID_ANGLE_UNIT() );
#3884 = UNCERTAINTY_MEASURE_WITH_UNIT(LENGTH_MEASURE(1.E-07),#3881,
  'distance_accuracy_value','confusion accuracy');
#3885 = PRODUCT_RELATED_PRODUCT_CATEGORY('part',$,(#7));
ENDSEC;
END-ISO-10303-21;
