ISO-10303-21;
HEADER;
FILE_DESCRIPTION(('Open CASCADE Model'),'2;1');
FILE_NAME('Open CASCADE Shape Model','2026-09-02T22:19:26',('Author'),(
    'Open CASCADE'),'Open CASCADE STEP processor 7.9','Open CASCADE 7.9'
  ,'Unknown');
FILE_SCHEMA(('AUTOMOTIVE_DESIGN { 1 0 10303 214 1 1 1 1 }'));
ENDSEC;
DATA;
#1 = APPLICATION_PROTOCOL_DEFINITION('international standard',
  'automotive_design',2000,#2);
#2 = APPLICATION_CONTEXT(
  'core data for automotive mechanical design processes');
#3 = SHAPE_DEFINITION_REPRESENTATION(#4,#10);
#4 = PRODUCT_DEFINITION_SHAPE('','',#5);
#5 = PRODUCT_DEFINITION('design','',#6,#9);
#6 = PRODUCT_DEFINITION_FORMATION('','',#7);
#7 = PRODUCT('Open CASCADE STEP translator 7.9 2',
  'Open CASCADE STEP translator 7.9 2','',(#8));
#8 = PRODUCT_CONTEXT('',#2,'mechanical');
#9 = PRODUCT_DEFINITION_CONTEXT('part definition',#2,'design');
#10 = ADVANCED_BREP_SHAPE_REPRESENTATION('',(#11,#15),#3240);
#11 = AXIS2_PLACEMENT_3D('',#12,#13,#14);
#12 = CARTESIAN_POINT('',(0.,0.,0.));
#13 = DIRECTION('',(0.,0.,1.));
#14 = DIRECTION('',(1.,0.,-0.));
#15 = MANIFOLD_SOLID_BREP('',#16);
#16 = CLOSED_SHELL('',(#17,#2699,#2750,#2806,#2833,#2895,#2920,#2925,
    #2981,#3008,#3065,#3090,#3095,#3150,#3177,#3232,#3236));
#17 = ADVANCED_FACE('',(#18),#33,.T.);
#18 = FACE_BOUND('',#19,.T.);
#19 = EDGE_LOOP('',(#20,#548,#812,#846,#916,#956,#1220,#1255,#1347,#1376
    ,#1635,#1659,#1923,#1957,#2030,#2064,#2328,#2357,#2413,#2442));
#20 = ORIENTED_EDGE('',*,*,#21,.F.);
#21 = EDGE_CURVE('',#22,#24,#26,.T.);
#22 = VERTEX_POINT('',#23);
#23 = CARTESIAN_POINT('',(72.,4.32E-02,0.));
#24 = VERTEX_POINT('',#25);
#25 = CARTESIAN_POINT('',(71.923733963437,2.86928243302,225.));
#26 = SURFACE_CURVE('',#27,(#32,#524),.PCURVE_S1.);
#27 = ( BOUNDED_CURVE() B_SPLINE_CURVE(3,(#28,#29,#30,#31),
.UNSPECIFIED.,.F.,.F.) B_SPLINE_CURVE_WITH_KNOTS((4,4),(0.,1.),
.PIECEWISE_BEZIER_KNOTS.) CURVE() GEOMETRIC_REPRESENTATION_ITEM() 
RATIONAL_B_SPLINE_CURVE((1.,1.,1.,1.)) REPRESENTATION_ITEM('') );
#28 = CARTESIAN_POINT('',(72.,4.32E-02,0.));
#29 = CARTESIAN_POINT('',(71.999247240162,0.985677823529,75.));
#30 = CARTESIAN_POINT('',(71.973813611164,1.928135768905,150.));
#31 = CARTESIAN_POINT('',(71.923733963437,2.86928243302,225.));
#32 = PCURVE('',#33,#518);
#33 = ( BOUNDED_SURFACE() B_SPLINE_SURFACE(3,3,(
    (#34,#35,#36,#37)
    ,(#38,#39,#40,#41)
    ,(#42,#43,#44,#45)
    ,(#46,#47,#48,#49)
    ,(#50,#51,#52,#53)
    ,(#54,#55,#56,#57)
    ,(#58,#59,#60,#61)
    ,(#62,#63,#64,#65)
    ,(#66,#67,#68,#69)
    ,(#70,#71,#72,#73)
    ,(#74,#75,#76,#77)
    ,(#78,#79,#80,#81)
    ,(#82,#83,#84,#85)
    ,(#86,#87,#88,#89)
    ,(#90,#91,#92,#93)
    ,(#94,#95,#96,#97)
    ,(#98,#99,#100,#101)
    ,(#102,#103,#104,#105)
    ,(#106,#107,#108,#109)
    ,(#110,#111,#112,#113)
    ,(#114,#115,#116,#117)
    ,(#118,#119,#120,#121)
    ,(#122,#123,#124,#125)
    ,(#126,#127,#128,#129)
    ,(#130,#131,#132,#133)
    ,(#134,#135,#136,#137)
    ,(#138,#139,#140,#141)
    ,(#142,#143,#144,#145)
    ,(#146,#147,#148,#149)
    ,(#150,#151,#152,#153)
    ,(#154,#155,#156,#157)
    ,(#158,#159,#160,#161)
    ,(#162,#163,#164,#165)
    ,(#166,#167,#168,#169)
    ,(#170,#171,#172,#173)
    ,(#174,#175,#176,#177)
    ,(#178,#179,#180,#181)
    ,(#182,#183,#184,#185)
    ,(#186,#187,#188,#189)
    ,(#190,#191,#192,#193)
    ,(#194,#195,#196,#197)
    ,(#198,#199,#200,#201)
    ,(#202,#203,#204,#205)
    ,(#206,#207,#208,#209)
    ,(#210,#211,#212,#213)
    ,(#214,#215,#216,#217)
    ,(#218,#219,#220,#221)
    ,(#222,#223,#224,#225)
    ,(#226,#227,#228,#229)
    ,(#230,#231,#232,#233)
    ,(#234,#235,#236,#237)
    ,(#238,#239,#240,#241)
    ,(#242,#243,#244,#245)
    ,(#246,#247,#248,#249)
    ,(#250,#251,#252,#253)
    ,(#254,#255,#256,#257)
    ,(#258,#259,#260,#261)
    ,(#262,#263,#264,#265)
    ,(#266,#267,#268,#269)
    ,(#270,#271,#272,#273)
    ,(#274,#275,#276,#277)
    ,(#278,#279,#280,#281)
    ,(#282,#283,#284,#285)
    ,(#286,#287,#288,#289)
    ,(#290,#291,#292,#293)
    ,(#294,#295,#296,#297)
    ,(#298,#299,#300,#301)
    ,(#302,#303,#304,#305)
    ,(#306,#307,#308,#309)
    ,(#310,#311,#312,#313)
    ,(#314,#315,#316,#317)
    ,(#318,#319,#320,#321)
    ,(#322,#323,#324,#325)
    ,(#326,#327,#328,#329)
    ,(#330,#331,#332,#333)
    ,(#334,#335,#336,#337)
    ,(#338,#339,#340,#341)
    ,(#342,#343,#344,#345)
    ,(#346,#347,#348,#349)
    ,(#350,#351,#352,#353)
    ,(#354,#355,#356,#357)
    ,(#358,#359,#360,#361)
    ,(#362,#363,#364,#365)
    ,(#366,#367,#368,#369)
    ,(#370,#371,#372,#373)
    ,(#374,#375,#376,#377)
    ,(#378,#379,#380,#381)
    ,(#382,#383,#384,#385)
    ,(#386,#387,#388,#389)
    ,(#390,#391,#392,#393)
    ,(#394,#395,#396,#397)
    ,(#398,#399,#400,#401)
    ,(#402,#403,#404,#405)
    ,(#406,#407,#408,#409)
    ,(#410,#411,#412,#413)
    ,(#414,#415,#416,#417)
    ,(#418,#419,#420,#421)
    ,(#422,#423,#424,#425)
    ,(#426,#427,#428,#429)
    ,(#430,#431,#432,#433)
    ,(#434,#435,#436,#437)
    ,(#438,#439,#440,#441)
    ,(#442,#443,#444,#445)
    ,(#446,#447,#448,#449)
    ,(#450,#451,#452,#453)
    ,(#454,#455,#456,#457)
    ,(#458,#459,#460,#461)
    ,(#462,#463,#464,#465)
    ,(#466,#467,#468,#469)
    ,(#470,#471,#472,#473)
    ,(#474,#475,#476,#477)
    ,(#478,#479,#480,#481)
    ,(#482,#483,#484,#485)
    ,(#486,#487,#488,#489)
    ,(#490,#491,#492,#493)
    ,(#494,#495,#496,#497)
    ,(#498,#499,#500,#501)
    ,(#502,#503,#504,#505)
    ,(#506,#507,#508,#509)
    ,(#510,#511,#512,#513)
    ,(#514,#515,#516,#517
)),.UNSPECIFIED.,.F.,.F.,.F.) B_SPLINE_SURFACE_WITH_KNOTS((4,1,1,1,1,1,1
    ,1,1,1,1,1,1,1,1,1,1,1,1,1,1,1,1,1,1,1,1,1,1,1,1,1,1,1,1,1,1,1,1,1,1
    ,1,1,1,1,1,1,1,1,1,1,1,1,1,1,1,1,1,1,1,1,1,1,1,1,1,1,1,1,1,1,1,1,1,1
    ,1,1,1,1,1,1,1,1,1,1,1,1,1,1,1,1,1,1,1,1,1,1,1,1,1,1,1,1,1,1,1,1,1,1
    ,1,1,1,1,1,1,1,1,1,4),(4,4),(0.,4.078407677411E-04,
    1.457980549597E-03,3.204753366262E-03,5.642985368529E-03,
    8.765465479536E-03,1.256297669321E-02,1.702433495068E-02,
    2.213643470887E-02,2.788430025551E-02,3.425114182613E-02,
    4.121841563833E-02,4.876588706683E-02,5.687169632928E-02,
    6.551242622383E-02,7.466317164093E-02,8.429761075195E-02,
    9.438807794483E-02,0.104905638724,0.115820166915,0.1271004246,
    0.138714145282,0.1506281208,0.1628082925,0.175219847173,
    0.187827318137,0.200594691796,0.213485519815,0.22646303689,
    0.239490283867,0.252530235719,0.265545933618,0.278500620098,
    0.291357876051,0.304081758111,0.316636934886,0.328988820492,
    0.341103703964,0.353090161194,0.364812648141,0.376197519167,
    0.38721480852,0.397836016232,0.408034235542,0.417784287292,
    0.427062868614,0.435848726665,0.444122873021,0.451868861729,
    0.459073165549,0.465725703577,0.471820604191,0.477357338614,
    0.482342444921,0.486792194201,0.490736722153,0.49422623504,
    0.4973393663,0.500191267412,0.502933737755,0.505676143618,
    0.508526386493,0.511632585991,0.515105416054,0.519019187057,
    0.523420263997,0.528335467762,0.533778262572,0.539752873742,
    0.546256953268,0.553283311049,0.560821057132,0.568856370053,
    0.577373023458,0.586352753065,0.595775516221,0.605619678387,
    0.615862149932,0.626478489749,0.637442987668,0.648728734495,
    0.660350032239,0.672380507178,0.684646833505,0.697115935464,
    0.709753854552,0.722525869195,0.73539661944,0.748330235365,
    0.761290467738,0.774240819394,0.787144675907,0.799965434253,
    0.812666628411,0.825212051079,0.837565870937,0.849692745131,
    0.86155792689,0.873127368371,0.884367818963,0.89524691945,
    0.905733292442,0.915796629611,0.925407776187,0.934538813214,
    0.943163137948,0.951255542705,0.958792292319,0.965751200209,
    0.972111702872,0.977854932419,0.982963786569,0.987422995334,
    0.991219183478,0.994340927712,0.996778807537,0.998525448648,
    0.999575557896,1.),(0.,1.),.UNSPECIFIED.) 
GEOMETRIC_REPRESENTATION_ITEM() RATIONAL_B_SPLINE_SURFACE((
    (1.,1.,1.,1.)
    ,(1.,1.,1.,1.)
    ,(1.,1.,1.,1.)
    ,(1.,1.,1.,1.)
    ,(1.,1.,1.,1.)
    ,(1.,1.,1.,1.)
    ,(1.,1.,1.,1.)
    ,(1.,1.,1.,1.)
    ,(1.,1.,1.,1.)
    ,(1.,1.,1.,1.)
    ,(1.,1.,1.,1.)
    ,(1.,1.,1.,1.)
    ,(1.,1.,1.,1.)
    ,(1.,1.,1.,1.)
    ,(1.,1.,1.,1.)
    ,(1.,1.,1.,1.)
    ,(1.,1.,1.,1.)
    ,(1.,1.,1.,1.)
    ,(1.,1.,1.,1.)
    ,(1.,1.,1.,1.)
    ,(1.,1.,1.,1.)
    ,(1.,1.,1.,1.)
    ,(1.,1.,1.,1.)
    ,(1.,1.,1.,1.)
    ,(1.,1.,1.,1.)
    ,(1.,1.,1.,1.)
    ,(1.,1.,1.,1.)
    ,(1.,1.,1.,1.)
    ,(1.,1.,1.,1.)
    ,(1.,1.,1.,1.)
    ,(1.,1.,1.,1.)
    ,(1.,1.,1.,1.)
    ,(1.,1.,1.,1.)
    ,(1.,1.,1.,1.)
    ,(1.,1.,1.,1.)
    ,(1.,1.,1.,1.)
    ,(1.,1.,1.,1.)
    ,(1.,1.,1.,1.)
    ,(1.,1.,1.,1.)
    ,(1.,1.,1.,1.)
    ,(1.,1.,1.,1.)
    ,(1.,1.,1.,1.)
    ,(1.,1.,1.,1.)
    ,(1.,1.,1.,1.)
    ,(1.,1.,1.,1.)
    ,(1.,1.,1.,1.)
    ,(1.,1.,1.,1.)
    ,(1.,1.,1.,1.)
    ,(1.,1.,1.,1.)
    ,(1.,1.,1.,1.)
    ,(1.,1.,1.,1.)
    ,(1.,1.,1.,1.)
    ,(1.,1.,1.,1.)
    ,(1.,1.,1.,1.)
    ,(1.,1.,1.,1.)
    ,(1.,1.,1.,1.)
    ,(1.,1.,1.,1.)
    ,(1.,1.,1.,1.)
    ,(1.,1.,1.,1.)
    ,(1.,1.,1.,1.)
    ,(1.,1.,1.,1.)
    ,(1.,1.,1.,1.)
    ,(1.,1.,1.,1.)
    ,(1.,1.,1.,1.)
    ,(1.,1.,1.,1.)
    ,(1.,1.,1.,1.)
    ,(1.,1.,1.,1.)
    ,(1.,1.,1.,1.)
    ,(1.,1.,1.,1.)
    ,(1.,1.,1.,1.)
    ,(1.,1.,1.,1.)
    ,(1.,1.,1.,1.)
    ,(1.,1.,1.,1.)
    ,(1.,1.,1.,1.)
    ,(1.,1.,1.,1.)
    ,(1.,1.,1.,1.)
    ,(1.,1.,1.,1.)
    ,(1.,1.,1.,1.)
    ,(1.,1.,1.,1.)
    ,(1.,1.,1.,1.)
    ,(1.,1.,1.,1.)
    ,(1.,1.,1.,1.)
    ,(1.,1.,1.,1.)
    ,(1.,1.,1.,1.)
    ,(1.,1.,1.,1.)
    ,(1.,1.,1.,1.)
    ,(1.,1.,1.,1.)
    ,(1.,1.,1.,1.)
    ,(1.,1.,1.,1.)
    ,(1.,1.,1.,1.)
    ,(1.,1.,1.,1.)
    ,(1.,1.,1.,1.)
    ,(1.,1.,1.,1.)
    ,(1.,1.,1.,1.)
    ,(1.,1.,1.,1.)
    ,(1.,1.,1.,1.)
    ,(1.,1.,1.,1.)
    ,(1.,1.,1.,1.)
    ,(1.,1.,1.,1.)
    ,(1.,1.,1.,1.)
    ,(1.,1.,1.,1.)
    ,(1.,1.,1.,1.)
    ,(1.,1.,1.,1.)
    ,(1.,1.,1.,1.)
    ,(1.,1.,1.,1.)
    ,(1.,1.,1.,1.)
    ,(1.,1.,1.,1.)
    ,(1.,1.,1.,1.)
    ,(1.,1.,1.,1.)
    ,(1.,1.,1.,1.)
    ,(1.,1.,1.,1.)
    ,(1.,1.,1.,1.)
    ,(1.,1.,1.,1.)
    ,(1.,1.,1.,1.)
    ,(1.,1.,1.,1.)
    ,(1.,1.,1.,1.)
    ,(1.,1.,1.,1.)
    ,(1.,1.,1.,1.)
    ,(1.,1.,1.,1.)
    ,(1.,1.,1.,1.)
,(1.,1.,1.,1.))) REPRESENTATION_ITEM('') SURFACE() );
#34 = CARTESIAN_POINT('',(72.,4.32E-02,0.));
#35 = CARTESIAN_POINT('',(71.999247240162,0.985677823529,75.));
#36 = CARTESIAN_POINT('',(71.973813611164,1.928135768905,150.));
#37 = CARTESIAN_POINT('',(71.923733963437,2.86928243302,225.));
#38 = CARTESIAN_POINT('',(71.984221714961,2.623174440698E-02,0.));
#39 = CARTESIAN_POINT('',(71.983765106702,0.96843418452,75.));
#40 = CARTESIAN_POINT('',(71.958634840756,1.910624501913,150.));
#41 = CARTESIAN_POINT('',(71.908865351872,2.851511660197,225.));
#42 = CARTESIAN_POINT('',(71.923696633015,-1.218274920545E-02,0.));
#43 = CARTESIAN_POINT('',(71.9239104828,0.928963328048,75.));
#44 = CARTESIAN_POINT('',(71.89947833798,1.870114840197,150.));
#45 = CARTESIAN_POINT('',(71.850433676704,2.809982174272,225.));
#46 = CARTESIAN_POINT('',(71.760293358299,6.733077767122E-02,0.));
#47 = CARTESIAN_POINT('',(71.759119431501,1.005624931493,75.));
#48 = CARTESIAN_POINT('',(71.733374194275,1.943888178705,150.));
#49 = CARTESIAN_POINT('',(71.683092924033,2.880834863988,225.));
#50 = CARTESIAN_POINT('',(71.512524417189,9.328244997454E-02,0.));
#51 = CARTESIAN_POINT('',(71.510897542642,1.027252220455,75.));
#52 = CARTESIAN_POINT('',(71.484812601301,1.961179223647,150.));
#53 = CARTESIAN_POINT('',(71.434305336061,2.893783745966,225.));
#54 = CARTESIAN_POINT('',(71.157609566969,0.17765836874,0.));
#55 = CARTESIAN_POINT('',(71.154510046755,1.105433708256,75.));
#56 = CARTESIAN_POINT('',(71.1271146749,2.033127717083,150.));
#57 = CARTESIAN_POINT('',(71.075460989915,2.959469222397,225.));
#58 = CARTESIAN_POINT('',(70.706551334166,0.265612266985,0.));
#59 = CARTESIAN_POINT('',(70.701916718583,1.18551515699,75.));
#60 = CARTESIAN_POINT('',(70.673192409156,2.105296517815,150.));
#61 = CARTESIAN_POINT('',(70.620417765374,3.023696018945,225.));
#62 = CARTESIAN_POINT('',(70.156458687307,0.378693366691,0.));
#63 = CARTESIAN_POINT('',(70.149850421704,1.288995331108,75.));
#64 = CARTESIAN_POINT('',(70.119403884106,2.199124083633,150.));
#65 = CARTESIAN_POINT('',(70.065160793883,3.107832520239,225.));
#66 = CARTESIAN_POINT('',(69.510376771845,0.507691612558,0.));
#67 = CARTESIAN_POINT('',(69.501517047433,1.406717322916,75.));
#68 = CARTESIAN_POINT('',(69.46911434511,2.305510863926,150.));
#69 = CARTESIAN_POINT('',(69.41321306468,3.202840663636,225.));
#70 = CARTESIAN_POINT('',(68.769539766247,0.654499335452,0.));
#71 = CARTESIAN_POINT('',(68.758117746861,1.540595003802,75.));
#72 = CARTESIAN_POINT('',(68.723491351801,2.426391405705,150.));
#73 = CARTESIAN_POINT('',(68.665708027889,3.31067477854,225.));
#74 = CARTESIAN_POINT('',(67.936164468403,0.817011226542,0.));
#75 = CARTESIAN_POINT('',(67.921906062499,1.68856175531,75.));
#76 = CARTESIAN_POINT('',(67.884824178114,2.559738743121,150.));
#77 = CARTESIAN_POINT('',(67.824969626706,3.429348459609,225.));
#78 = CARTESIAN_POINT('',(67.012487343922,0.994320394971,0.));
#79 = CARTESIAN_POINT('',(66.995134288239,1.849749720252,75.));
#80 = CARTESIAN_POINT('',(66.955379924038,2.704724467149,150.));
#81 = CARTESIAN_POINT('',(66.893278724743,3.558073106416,225.));
#82 = CARTESIAN_POINT('',(66.001075595555,1.185025913379,0.));
#83 = CARTESIAN_POINT('',(65.980394077684,2.022802777379,75.));
#84 = CARTESIAN_POINT('',(65.937773520678,2.86003790294,150.));
#85 = CARTESIAN_POINT('',(65.873272325359,3.695584068533,225.));
#86 = CARTESIAN_POINT('',(64.904719943764,1.387795900227,0.));
#87 = CARTESIAN_POINT('',(64.88049939708,2.206437752383,75.));
#88 = CARTESIAN_POINT('',(64.834840904549,3.024445192151,150.));
#89 = CARTESIAN_POINT('',(64.767807029726,3.840697344742,225.));
#90 = CARTESIAN_POINT('',(63.726459691867,1.601210355375,0.));
#91 = CARTESIAN_POINT('',(63.698514333492,2.399287690944,75.));
#92 = CARTESIAN_POINT('',(63.649669557339,3.19663307529,150.));
#93 = CARTESIAN_POINT('',(63.579992292968,3.99215394581,225.));
#94 = CARTESIAN_POINT('',(62.469565504084,1.823826596577,0.));
#95 = CARTESIAN_POINT('',(62.43773473077,2.599966994643,75.));
#96 = CARTESIAN_POINT('',(62.385579007656,3.375273697142,150.));
#97 = CARTESIAN_POINT('',(62.313169801129,4.148684339977,225.));
#98 = CARTESIAN_POINT('',(61.137534111024,2.054174014452,0.));
#99 = CARTESIAN_POINT('',(61.101682986578,2.807066083531,75.));
#100 = CARTESIAN_POINT('',(61.046115722024,3.559019179325,150.));
#101 = CARTESIAN_POINT('',(60.970908458415,4.30900293802,225.));
#102 = CARTESIAN_POINT('',(59.734078408345,2.290767357714,0.));
#103 = CARTESIAN_POINT('',(59.694097919184,3.019164508543,75.));
#104 = CARTESIAN_POINT('',(59.635042744329,3.746514553827,150.));
#105 = CARTESIAN_POINT('',(59.55699380414,4.471820842084,225.));
#106 = CARTESIAN_POINT('',(58.263117956895,2.532111544605,0.));
#107 = CARTESIAN_POINT('',(58.218925183626,3.234835597132,75.));
#108 = CARTESIAN_POINT('',(58.156330032344,3.936402240632,150.));
#109 = CARTESIAN_POINT('',(58.075418274062,4.635850153332,225.));
#110 = CARTESIAN_POINT('',(56.728768440869,2.776706051106,0.));
#111 = CARTESIAN_POINT('',(56.680306653275,3.452650657486,75.));
#112 = CARTESIAN_POINT('',(56.614143767529,4.127326065946,150.));
#113 = CARTESIAN_POINT('',(56.530370443333,4.799807802431,225.));
#114 = CARTESIAN_POINT('',(55.13533056472,3.023046707263,0.));
#115 = CARTESIAN_POINT('',(55.082569285403,3.671180581074,75.));
#116 = CARTESIAN_POINT('',(55.012835194318,4.317932670134,150.));
#117 = CARTESIAN_POINT('',(54.926223844612,4.962416762318,225.));
#118 = CARTESIAN_POINT('',(53.487278312768,3.269625897995,0.));
#119 = CARTESIAN_POINT('',(53.430213377276,3.888995838538,75.));
#120 = CARTESIAN_POINT('',(53.356928878075,4.506871298611,150.));
#121 = CARTESIAN_POINT('',(53.267525233257,5.122405634294,225.));
#122 = CARTESIAN_POINT('',(51.789246662024,3.514931391247,0.));
#123 = CARTESIAN_POINT('',(51.727900299443,4.104665093402,75.));
#124 = CARTESIAN_POINT('',(51.651110464447,4.692792201639,150.));
#125 = CARTESIAN_POINT('',(51.558982378316,5.278506834721,225.));
#126 = CARTESIAN_POINT('',(50.046018792095,3.757444359741,0.));
#127 = CARTESIAN_POINT('',(49.980439740154,4.316753000589,75.));
#128 = CARTESIAN_POINT('',(49.900213964159,4.874344210514,150.));
#129 = CARTESIAN_POINT('',(49.805451393489,5.429453950098,225.));
#130 = CARTESIAN_POINT('',(48.262512847574,3.995637151547,0.));
#131 = CARTESIAN_POINT('',(48.19277650667,4.523817745952,75.));
#132 = CARTESIAN_POINT('',(48.109208599285,5.05017204708,150.));
#133 = CARTESIAN_POINT('',(48.011923634351,5.57397881789,225.));
#134 = CARTESIAN_POINT('',(46.44376830058,4.227971417123,0.));
#135 = CARTESIAN_POINT('',(46.369976920491,4.724408935297,75.));
#136 = CARTESIAN_POINT('',(46.283185237391,5.218913975586,150.));
#137 = CARTESIAN_POINT('',(46.183512177592,5.7108089424,225.));
#138 = CARTESIAN_POINT('',(44.594931956635,4.452897194186,0.));
#139 = CARTESIAN_POINT('',(44.517214839201,4.917066435014,75.));
#140 = CARTESIAN_POINT('',(44.427342435757,5.379200399493,150.));
#141 = CARTESIAN_POINT('',(44.325437893974,5.838665848507,225.));
#142 = CARTESIAN_POINT('',(42.721243640298,4.668853518835,0.));
#143 = CARTESIAN_POINT('',(42.639757331437,5.100320733356,75.));
#144 = CARTESIAN_POINT('',(42.546972112218,5.529653972645,150.));
#145 = CARTESIAN_POINT('',(42.443015121599,5.956264942781,225.));
#146 = CARTESIAN_POINT('',(40.82802159035,4.874271068255,0.));
#147 = CARTESIAN_POINT('',(40.742950025952,5.272695328255,75.));
#148 = CARTESIAN_POINT('',(40.647444854776,5.668891730967,150.));
#149 = CARTESIAN_POINT('',(40.541636942794,6.062317388224,225.));
#150 = CARTESIAN_POINT('',(38.920647587523,5.06757723267,0.));
#151 = CARTESIAN_POINT('',(38.832202150819,5.432711539695,75.));
#152 = CARTESIAN_POINT('',(38.734194879081,5.795529642957,150.));
#153 = CARTESIAN_POINT('',(38.626760066786,6.155534390909,225.));
#154 = CARTESIAN_POINT('',(37.004551833703,5.247203939495,0.));
#155 = CARTESIAN_POINT('',(36.912971276077,5.57889606996,75.));
#156 = CARTESIAN_POINT('',(36.812704641432,5.908189902447,150.));
#157 = CARTESIAN_POINT('',(36.703889320135,6.234634222046,225.));
#158 = CARTESIAN_POINT('',(35.085197592638,5.411598236145,0.));
#159 = CARTESIAN_POINT('',(34.990747769733,5.709791318372,75.));
#160 = CARTESIAN_POINT('',(34.888489117089,6.005510970436,150.));
#161 = CARTESIAN_POINT('',(34.778561754634,6.298351982451,225.));
#162 = CARTESIAN_POINT('',(33.168065619131,5.55923613728,0.));
#163 = CARTESIAN_POINT('',(33.07103898528,5.823968956775,75.));
#164 = CARTESIAN_POINT('',(32.967079753232,6.086160872481,150.));
#165 = CARTESIAN_POINT('',(32.856330373135,6.345452615896,225.));
#166 = CARTESIAN_POINT('',(31.258638334192,5.688637638146,0.));
#167 = CARTESIAN_POINT('',(31.159353174805,5.920044666686,75.));
#168 = CARTESIAN_POINT('',(31.054008127267,6.148851652793,150.));
#169 = CARTESIAN_POINT('',(30.942747540641,6.374745073669,225.));
#170 = CARTESIAN_POINT('',(29.362383966368,5.798389696803,0.));
#171 = CARTESIAN_POINT('',(29.261183229217,5.996700844723,75.));
#172 = CARTESIAN_POINT('',(29.154789293188,6.192361792375,150.));
#173 = CARTESIAN_POINT('',(29.043347944585,6.385104435324,225.));
#174 = CARTESIAN_POINT('',(27.484739924304,5.887150335506,0.));
#175 = CARTESIAN_POINT('',(27.381989979213,6.052690413801,75.));
#176 = CARTESIAN_POINT('',(27.274905018559,6.21553972814,150.));
#177 = CARTESIAN_POINT('',(27.163631775521,6.375475134231,225.));
#178 = CARTESIAN_POINT('',(25.631098208209,5.953730164934,0.));
#179 = CARTESIAN_POINT('',(25.527186183885,6.086918092728,75.));
#180 = CARTESIAN_POINT('',(25.419786356919,6.217384830629,150.));
#181 = CARTESIAN_POINT('',(25.309045891936,6.344951606572,225.));
#182 = CARTESIAN_POINT('',(23.806782721962,5.996895716649,0.));
#183 = CARTESIAN_POINT('',(23.702117275318,6.098243332696,75.));
#184 = CARTESIAN_POINT('',(23.59479783525,6.196850034407,150.));
#185 = CARTESIAN_POINT('',(23.484971456234,6.292580705938,225.));
#186 = CARTESIAN_POINT('',(22.010091894409,6.016262315207,0.));
#187 = CARTESIAN_POINT('',(21.905088396174,6.08625176023,75.));
#188 = CARTESIAN_POINT('',(21.798252087737,6.153491443794,150.));
#189 = CARTESIAN_POINT('',(21.689729361562,6.217889230712,225.));
#190 = CARTESIAN_POINT('',(20.244284666721,6.008912886959,0.));
#191 = CARTESIAN_POINT('',(20.139409400237,6.048083180872,75.));
#192 = CARTESIAN_POINT('',(20.033508391262,6.084507076767,150.));
#193 = CARTESIAN_POINT('',(19.926726750665,6.118134664799,225.));
#194 = CARTESIAN_POINT('',(18.514956979868,5.965446857909,0.));
#195 = CARTESIAN_POINT('',(18.410840299578,5.974434688009,75.));
#196 = CARTESIAN_POINT('',(18.306488271329,5.98069599065,150.));
#197 = CARTESIAN_POINT('',(18.202043883499,5.984222186282,225.));
#198 = CARTESIAN_POINT('',(16.834636840278,5.888113808741,0.));
#199 = CARTESIAN_POINT('',(16.731869838316,5.867774517343,75.));
#200 = CARTESIAN_POINT('',(16.629635483791,5.844744047952,150.));
#201 = CARTESIAN_POINT('',(16.528073863339,5.819053958071,225.));
#202 = CARTESIAN_POINT('',(15.210590663863,5.77714453907,0.));
#203 = CARTESIAN_POINT('',(15.109760404315,5.728460291381,75.));
#204 = CARTESIAN_POINT('',(15.010205067326,5.677135588565,150.));
#205 = CARTESIAN_POINT('',(14.912061068608,5.623240758302,225.));
#206 = CARTESIAN_POINT('',(13.647812736416,5.633647085709,0.));
#207 = CARTESIAN_POINT('',(13.549486944591,5.557687213694,75.));
#208 = CARTESIAN_POINT('',(13.45315034752,5.479152476375,150.));
#209 = CARTESIAN_POINT('',(13.358934950436,5.398150485985,225.));
#210 = CARTESIAN_POINT('',(12.151082171681,5.458844263779,0.));
#211 = CARTESIAN_POINT('',(12.055807230844,5.356761510703,75.));
#212 = CARTESIAN_POINT('',(11.963205569726,5.2521837902,150.));
#213 = CARTESIAN_POINT('',(11.873404075762,5.145254399904,225.));
#214 = CARTESIAN_POINT('',(10.724941257141,5.254261736029,0.));
#215 = CARTESIAN_POINT('',(10.633236922822,5.127288123067,75.));
#216 = CARTESIAN_POINT('',(10.54485768989,4.997913051287,150.));
#217 = CARTESIAN_POINT('',(10.459924660001,4.866313796899,225.));
#218 = CARTESIAN_POINT('',(9.373673707815,5.021652437276,0.));
#219 = CARTESIAN_POINT('',(9.286029141154,4.871094750574,75.));
#220 = CARTESIAN_POINT('',(9.202327276376,4.718241923204,150.));
#221 = CARTESIAN_POINT('',(9.12268280597,4.563303401771,225.));
#222 = CARTESIAN_POINT('',(8.101285073661,4.762980266356,0.));
#223 = CARTESIAN_POINT('',(8.018155159389,4.590215202144,75.));
#224 = CARTESIAN_POINT('',(7.939549495574,4.415273227335,150.));
#225 = CARTESIAN_POINT('',(7.865575791635,4.23839405619,225.));
#226 = CARTESIAN_POINT('',(6.911484780904,4.48038155269,0.));
#227 = CARTESIAN_POINT('',(6.833287117853,4.286850548947,75.));
#228 = CARTESIAN_POINT('',(6.760157506512,4.091271800176,150.));
#229 = CARTESIAN_POINT('',(6.692196152742,3.89391329818,225.));
#230 = CARTESIAN_POINT('',(5.807669717899,4.176125231313,0.));
#231 = CARTESIAN_POINT('',(5.734782304587,3.963329012959,75.));
#232 = CARTESIAN_POINT('',(5.667467444369,3.74862411361,150.));
#233 = CARTESIAN_POINT('',(5.605817375441,3.53230473268,225.));
#234 = CARTESIAN_POINT('',(4.792908805104,3.852566790786,0.));
#235 = CARTESIAN_POINT('',(4.725668529089,3.622059645561,75.));
#236 = CARTESIAN_POINT('',(4.664464605024,3.389791705249,150.));
#237 = CARTESIAN_POINT('',(4.609380897594,3.156081235021,225.));
#238 = CARTESIAN_POINT('',(3.869927685777,3.512096971921,0.));
#239 = CARTESIAN_POINT('',(3.808629708378,3.26548075907,75.));
#240 = CARTESIAN_POINT('',(3.753789933501,3.017259366211,150.));
#241 = CARTESIAN_POINT('',(3.705483505356,2.767772918735,225.));
#242 = CARTESIAN_POINT('',(3.041092331994,3.157083399423,0.));
#243 = CARTESIAN_POINT('',(2.985990491736,2.896001272248,75.));
#244 = CARTESIAN_POINT('',(2.937725674919,2.63347622718,150.));
#245 = CARTESIAN_POINT('',(2.896364016415,2.369867989192,225.));
#246 = CARTESIAN_POINT('',(2.308390850751,2.789800753784,0.));
#247 = CARTESIAN_POINT('',(2.259699285538,2.515930564654,75.));
#248 = CARTESIAN_POINT('',(2.218179626367,2.240785327126,150.));
#249 = CARTESIAN_POINT('',(2.183888765558,1.964742058992,225.));
#250 = CARTESIAN_POINT('',(1.673415139218,2.412340106554,0.));
#251 = CARTESIAN_POINT('',(1.631311490906,2.127387491732,75.));
#252 = CARTESIAN_POINT('',(1.596669965344,1.841332349653,150.));
#253 = CARTESIAN_POINT('',(1.569538030086,1.554566647408,225.));
#254 = CARTESIAN_POINT('',(1.137357047989,2.026476856156,0.));
#255 = CARTESIAN_POINT('',(1.101987971914,1.732168253662,75.));
#256 = CARTESIAN_POINT('',(1.074326024665,1.436933485244,150.));
#257 = CARTESIAN_POINT('',(1.05440911003,1.141177096377,225.));
#258 = CARTESIAN_POINT('',(0.701064633603,1.633476661869,0.));
#259 = CARTESIAN_POINT('',(0.672554695195,1.331553311132,75.));
#260 = CARTESIAN_POINT('',(0.651951293458,1.02888341752,150.));
#261 = CARTESIAN_POINT('',(0.639282660206,0.725881714489,225.));
#262 = CARTESIAN_POINT('',(0.365309135041,1.233836858307,0.));
#263 = CARTESIAN_POINT('',(0.343774219622,0.926053459427,75.));
#264 = CARTESIAN_POINT('',(0.33029929799,0.617706175127,150.));
#265 = CARTESIAN_POINT('',(0.324902834158,0.309217518307,225.));
#266 = CARTESIAN_POINT('',(0.131468201859,0.827262199993,0.));
#267 = CARTESIAN_POINT('',(0.117029347789,0.515397497585,75.));
#268 = CARTESIAN_POINT('',(0.110757364232,0.203154736556,150.));
#269 = CARTESIAN_POINT('',(0.112660845375,-0.109038232414,225.));
#270 = CARTESIAN_POINT('',(2.610739939513E-03,0.413566537933,0.));
#271 = CARTESIAN_POINT('',(-4.607765440527E-03,9.945283912024E-02,75.));
#272 = CARTESIAN_POINT('',(-3.600506622844E-03,-0.214849837095,150.));
#273 = CARTESIAN_POINT('',(5.631136196037E-03,-0.528910817436,225.));
#274 = CARTESIAN_POINT('',(-1.738517016726E-02,-1.394771597038E-03,0.));
#275 = CARTESIAN_POINT('',(-1.736123467684E-02,-0.315857474281,75.));
#276 = CARTESIAN_POINT('',(-9.102396820849E-03,-0.630319494952,150.));
#277 = CARTESIAN_POINT('',(7.380026727183E-03,-0.944349941989,225.));
#278 = CARTESIAN_POINT('',(6.829918958043E-02,-0.407775947084,0.));
#279 = CARTESIAN_POINT('',(7.541581674013E-02,-0.72074318473,75.));
#280 = CARTESIAN_POINT('',(9.072818295581E-02,-1.033524002785,150.));
#281 = CARTESIAN_POINT('',(0.114215306456,-1.345689813296,225.));
#282 = CARTESIAN_POINT('',(0.260163279901,-0.795684499761,0.));
#283 = CARTESIAN_POINT('',(0.274050193035,-1.105303086002,75.));
#284 = CARTESIAN_POINT('',(0.296045152182,-1.414557958306,150.));
#285 = CARTESIAN_POINT('',(0.326118018748,-1.723025360148,225.));
#286 = CARTESIAN_POINT('',(0.552677478468,-1.16056237707,0.));
#287 = CARTESIAN_POINT('',(0.57293271873,-1.465075635554,75.));
#288 = CARTESIAN_POINT('',(0.601162309571,-1.769058412246,150.));
#289 = CARTESIAN_POINT('',(0.637327569393,-2.072094174711,225.));
#290 = CARTESIAN_POINT('',(0.94223482932,-1.503746075605,0.));
#291 = CARTESIAN_POINT('',(0.968479764047,-1.801460283269,75.));
#292 = CARTESIAN_POINT('',(1.002521000098,-2.098487156918,150.));
#293 = CARTESIAN_POINT('',(1.044311892464,-2.394419695445,225.));
#294 = CARTESIAN_POINT('',(1.42693129528,-1.826544639829,0.));
#295 = CARTESIAN_POINT('',(1.458810138904,-2.115799305359,75.));
#296 = CARTESIAN_POINT('',(1.498263751015,-2.404219101976,150.));
#297 = CARTESIAN_POINT('',(1.545238070296,-2.691408822422,225.));
#298 = CARTESIAN_POINT('',(2.005382684217,-2.129588407527,0.));
#299 = CARTESIAN_POINT('',(2.042550652608,-2.408747198334,75.));
#300 = CARTESIAN_POINT('',(2.087029005716,-2.686932614554,150.));
#301 = CARTESIAN_POINT('',(2.138756797074,-2.963763472589,225.));
#302 = CARTESIAN_POINT('',(2.676096088126,-2.412959003937,0.));
#303 = CARTESIAN_POINT('',(2.71820982175,-2.680411643595,75.));
#304 = CARTESIAN_POINT('',(2.767327387727,-2.946761394904,150.));
#305 = CARTESIAN_POINT('',(2.823381482708,-3.211643292087,225.));
#306 = CARTESIAN_POINT('',(3.437272195287,-2.676464537771,0.));
#307 = CARTESIAN_POINT('',(3.483984985433,-2.930632153762,75.));
#308 = CARTESIAN_POINT('',(3.537353709356,-3.183576447257,150.));
#309 = CARTESIAN_POINT('',(3.597305238556,-3.434950821306,225.));
#310 = CARTESIAN_POINT('',(4.286793748968,-2.919814692745,0.));
#311 = CARTESIAN_POINT('',(4.337753819904,-3.159155365651,75.));
#312 = CARTESIAN_POINT('',(4.394981547527,-3.397161494207,150.));
#313 = CARTESIAN_POINT('',(4.458398515535,-3.63350695049,225.));
#314 = CARTESIAN_POINT('',(5.222258667982,-3.142725113897,0.));
#315 = CARTESIAN_POINT('',(5.27710928099,-3.365738848516,75.));
#316 = CARTESIAN_POINT('',(5.33779999296,-3.587316159192,150.));
#317 = CARTESIAN_POINT('',(5.404247642437,-3.807153429588,225.));
#318 = CARTESIAN_POINT('',(6.241017835581,-3.344978185654,0.));
#319 = CARTESIAN_POINT('',(6.299398453775,-3.550211222593,75.));
#320 = CARTESIAN_POINT('',(6.36315354336,-3.753915397705,150.));
#321 = CARTESIAN_POINT('',(6.432195743917,-3.955811585322,225.));
#322 = CARTESIAN_POINT('',(7.340206603373,-3.526462444201,0.));
#323 = CARTESIAN_POINT('',(7.401754744391,-3.71251102161,75.));
#324 = CARTESIAN_POINT('',(7.468174968679,-3.896947791961,150.));
#325 = CARTESIAN_POINT('',(7.539376263918,-4.079520030746,225.));
#326 = CARTESIAN_POINT('',(8.5167695597,-3.687200044661,0.));
#327 = CARTESIAN_POINT('',(8.581123127791,-3.852713727688,75.));
#328 = CARTESIAN_POINT('',(8.649811026968,-4.016542140939,150.));
#329 = CARTESIAN_POINT('',(8.72273913763,-4.178460798512,225.));
#330 = CARTESIAN_POINT('',(9.767479696412,-3.827366816078,0.));
#331 = CARTESIAN_POINT('',(9.834279664547,-3.971051491791,75.));
#332 = CARTESIAN_POINT('',(9.904842322434,-4.112986837157,150.));
#333 = CARTESIAN_POINT('',(9.979070981582,-4.252978365253,225.));
#334 = CARTESIAN_POINT('',(11.088953242726,-3.947306150594,0.));
#335 = CARTESIAN_POINT('',(11.157846577125,-4.067926764013,75.));
#336 = CARTESIAN_POINT('',(11.229898617352,-4.186743231702,150.));
#337 = CARTESIAN_POINT('',(11.305010634091,-4.303592745383,225.));
#338 = CARTESIAN_POINT('',(12.477661100695,-4.047538451046,0.));
#339 = CARTESIAN_POINT('',(12.54830385024,-4.143921541583,75.));
#340 = CARTESIAN_POINT('',(12.621470592085,-4.238454678335,150.));
#341 = CARTESIAN_POINT('',(12.697061069495,-4.331008327262,225.));
#342 = CARTESIAN_POINT('',(13.92993754996,-4.128761120489,0.));
#343 = CARTESIAN_POINT('',(14.001997935429,-4.199797206464,75.));
#344 = CARTESIAN_POINT('',(14.075918545495,-4.268946219168,150.));
#345 = CARTESIAN_POINT('',(14.151598090434,-4.336113407158,225.));
#346 = CARTESIAN_POINT('',(15.441986825862,-4.191859164571,0.));
#347 = CARTESIAN_POINT('',(15.515148514212,-4.236505012916,75.));
#348 = CARTESIAN_POINT('',(15.589479340142,-4.279234952568,150.));
#349 = CARTESIAN_POINT('',(15.664877451828,-4.319990432823,225.));
#350 = CARTESIAN_POINT('',(17.009887746114,-4.237846668392,0.));
#351 = CARTESIAN_POINT('',(17.083852103336,-4.255127483606,75.));
#352 = CARTESIAN_POINT('',(17.158268983994,-4.27047137527,150.));
#353 = CARTESIAN_POINT('',(17.233036418349,-4.283857318413,225.));
#354 = CARTESIAN_POINT('',(18.62959794615,-4.268053801604,0.));
#355 = CARTESIAN_POINT('',(18.704089553985,-4.257065340789,75.));
#356 = CARTESIAN_POINT('',(18.778293391557,-4.244126154161,150.));
#357 = CARTESIAN_POINT('',(18.85210778105,-4.229253971643,225.));
#358 = CARTESIAN_POINT('',(20.299040865283,-4.283345889857,0.));
#359 = CARTESIAN_POINT('',(20.373799408207,-4.243220152956,75.));
#360 = CARTESIAN_POINT('',(20.447507156711,-4.201136705072,150.));
#361 = CARTESIAN_POINT('',(20.520063112744,-4.157153211054,225.));
#362 = CARTESIAN_POINT('',(22.021096248957,-4.28707202398,0.));
#363 = CARTESIAN_POINT('',(22.095919864174,-4.216890749972,75.));
#364 = CARTESIAN_POINT('',(22.168905614151,-4.144750066197,150.));
#365 = CARTESIAN_POINT('',(22.239953490156,-4.070748823432,225.));
#366 = CARTESIAN_POINT('',(23.791437774365,-4.271576827279,0.));
#367 = CARTESIAN_POINT('',(23.86599098745,-4.17049726355,75.));
#368 = CARTESIAN_POINT('',(23.93789719519,-4.067465376556,150.));
#369 = CARTESIAN_POINT('',(24.007057868095,-3.962622345751,225.));
#370 = CARTESIAN_POINT('',(25.603275541446,-4.235908060803,0.));
#371 = CARTESIAN_POINT('',(25.677206258114,-4.103205960831,75.));
#372 = CARTESIAN_POINT('',(25.747661863394,-3.968567844593,150.));
#373 = CARTESIAN_POINT('',(25.814545815484,-3.832178199983,225.));
#374 = CARTESIAN_POINT('',(27.444603572539,-4.181768453595,0.));
#375 = CARTESIAN_POINT('',(27.517589416462,-4.016929114743,75.));
#376 = CARTESIAN_POINT('',(27.586258564382,-3.850178508852,150.));
#377 = CARTESIAN_POINT('',(27.650516922391,-3.681745125961,225.));
#378 = CARTESIAN_POINT('',(29.310279645288,-4.110292365638,0.));
#379 = CARTESIAN_POINT('',(29.382018038339,-3.912890834008,75.));
#380 = CARTESIAN_POINT('',(29.448587022466,-3.713610708321,150.));
#381 = CARTESIAN_POINT('',(29.509895381512,-3.512725052191,225.));
#382 = CARTESIAN_POINT('',(31.195090426146,-4.022857699733,0.));
#383 = CARTESIAN_POINT('',(31.26530283902,-3.792560011296,75.));
#384 = CARTESIAN_POINT('',(31.329484384512,-3.560423695749,150.));
#385 = CARTESIAN_POINT('',(31.387547117851,-3.326766837904,225.));
#386 = CARTESIAN_POINT('',(33.093761288318,-3.920848366804,0.));
#387 = CARTESIAN_POINT('',(33.162193345396,-3.65741261717,75.));
#388 = CARTESIAN_POINT('',(33.223726741875,-3.392184868804,150.));
#389 = CARTESIAN_POINT('',(33.27827716161,-3.125528550057,225.));
#390 = CARTESIAN_POINT('',(35.000971321861,-3.805689393895,0.));
#391 = CARTESIAN_POINT('',(35.067393518816,-3.508966546108,75.));
#392 = CARTESIAN_POINT('',(35.126045359133,-3.21050433807,150.));
#393 = CARTESIAN_POINT('',(35.176846475119,-2.910711737657,225.));
#394 = CARTESIAN_POINT('',(36.911367383716,-3.67880963187,0.));
#395 = CARTESIAN_POINT('',(36.975575154254,-3.348744078977,75.));
#396 = CARTESIAN_POINT('',(37.031139415958,-3.016997161348,150.));
#397 = CARTESIAN_POINT('',(37.077984031893,-2.684023455236,225.));
#398 = CARTESIAN_POINT('',(38.819578817645,-3.541627171072,0.));
#399 = CARTESIAN_POINT('',(38.881392345696,-3.178257041792,75.));
#400 = CARTESIAN_POINT('',(38.933690211234,-2.813268252166,150.));
#401 = CARTESIAN_POINT('',(38.976400753105,-2.447160928125,225.));
#402 = CARTESIAN_POINT('',(40.720232333618,-3.395532264355,0.));
#403 = CARTESIAN_POINT('',(40.77949606748,-2.998989469042,75.));
#404 = CARTESIAN_POINT('',(40.828375439545,-2.600894791216,150.));
#405 = CARTESIAN_POINT('',(40.866803472845,-2.201793720155,225.));
#406 = CARTESIAN_POINT('',(42.607967104931,-3.241875052125,0.));
#407 = CARTESIAN_POINT('',(42.664549057179,-2.812385065245,75.));
#408 = CARTESIAN_POINT('',(42.709883852914,-2.381413430027,150.));
#409 = CARTESIAN_POINT('',(42.743909372126,-1.949550685404,225.));
#410 = CARTESIAN_POINT('',(44.47744997845,-3.081956377888,0.));
#411 = CARTESIAN_POINT('',(44.531240865539,-2.619837755019,75.));
#412 = CARTESIAN_POINT('',(44.572930143502,-2.156310579763,150.));
#413 = CARTESIAN_POINT('',(44.602460687603,-1.692010000287,225.));
#414 = CARTESIAN_POINT('',(46.323390732583,-2.917022194364,0.));
#415 = CARTESIAN_POINT('',(46.374303016827,-2.4226858229,75.));
#416 = CARTESIAN_POINT('',(46.412269999345,-1.927016287297,150.));
#417 = CARTESIAN_POINT('',(46.437239655876,-1.430692778795,225.));
#418 = CARTESIAN_POINT('',(48.140557306602,-2.748261258569,0.));
#419 = CARTESIAN_POINT('',(48.188524197921,-2.22220934262,75.));
#420 = CARTESIAN_POINT('',(48.222715246252,-1.694901399738,150.));
#421 = CARTESIAN_POINT('',(48.243083601309,-1.167059973693,225.));
#422 = CARTESIAN_POINT('',(49.923790931247,-2.576805836658,0.));
#423 = CARTESIAN_POINT('',(49.968765401217,-2.019630617871,75.));
#424 = CARTESIAN_POINT('',(49.999148996105,-1.461277740796,150.));
#425 = CARTESIAN_POINT('',(50.014900082788,-0.902512288528,225.));
#426 = CARTESIAN_POINT('',(51.668021095523,-2.403734966215,0.));
#427 = CARTESIAN_POINT('',(51.709974948364,-1.816117183375,75.));
#428 = CARTESIAN_POINT('',(51.736540720687,-1.227400849143,150.));
#429 = CARTESIAN_POINT('',(51.74768201074,-0.638392652142,225.));
#430 = CARTESIAN_POINT('',(53.368280292221,-2.230079734248,0.));
#431 = CARTESIAN_POINT('',(53.407203327905,-1.612786825524,75.));
#432 = CARTESIAN_POINT('',(53.429961174705,-0.994474739277,150.));
#433 = CARTESIAN_POINT('',(53.436522648679,-0.375990717715,225.));
#434 = CARTESIAN_POINT('',(55.019718493165,-2.056829954088,0.));
#435 = CARTESIAN_POINT('',(55.055617787057,-1.410714006633,75.));
#436 = CARTESIAN_POINT('',(55.074597097486,-0.763658070091,150.));
#437 = CARTESIAN_POINT('',(55.076630418051,-0.116548772936,225.));
#438 = CARTESIAN_POINT('',(56.617617313285,-1.884941587949,0.));
#439 = CARTESIAN_POINT('',(56.65051662533,-1.210937040295,75.));
#440 = CARTESIAN_POINT('',(56.665765629673,-0.53607106962,150.));
#441 = CARTESIAN_POINT('',(56.663343431364,0.138731588901,225.));
#442 = CARTESIAN_POINT('',(58.157403831731,-1.715344251079,0.));
#443 = CARTESIAN_POINT('',(58.187343146618,-1.014465354306,75.));
#444 = CARTESIAN_POINT('',(58.198928389968,-0.312802553312,150.));
#445 = CARTESIAN_POINT('',(58.192143687099,0.388682698368,225.));
#446 = CARTESIAN_POINT('',(59.634664039927,-1.548948180758,0.));
#447 = CARTESIAN_POINT('',(59.661699228885,-0.822286224952,75.));
#448 = CARTESIAN_POINT('',(59.669705160307,-9.491642042178E-02,150.));
#449 = CARTESIAN_POINT('',(59.658670864066,0.632164554274,225.));
#450 = CARTESIAN_POINT('',(61.045155907475,-1.386650043945,0.));
#451 = CARTESIAN_POINT('',(61.069358491426,-0.635370356612,75.));
#452 = CARTESIAN_POINT('',(61.073887148513,0.116542997087,150.));
#453 = CARTESIAN_POINT('',(61.058735673344,0.868059707792,225.));
#454 = CARTESIAN_POINT('',(62.384822001187,-1.22933728181,0.));
#455 = CARTESIAN_POINT('',(62.406278989732,-0.454676006047,75.));
#456 = CARTESIAN_POINT('',(62.407449753216,0.320547032481,150.));
#457 = CARTESIAN_POINT('',(62.388332687398,1.095269584314,225.));
#458 = CARTESIAN_POINT('',(63.649801793049,-1.077889970978,0.));
#459 = CARTESIAN_POINT('',(63.668615555939,-0.281150628826,75.));
#460 = CARTESIAN_POINT('',(63.666564931162,0.516081253494,150.));
#461 = CARTESIAN_POINT('',(63.643652728587,1.312713268906,225.));
#462 = CARTESIAN_POINT('',(64.83644310017,-0.933182151163,0.));
#463 = CARTESIAN_POINT('',(64.852731261942,-0.115732007305,75.));
#464 = CARTESIAN_POINT('',(64.847612678276,0.702144534627,150.));
#465 = CARTESIAN_POINT('',(64.821094362912,1.519326779208,225.));
#466 = CARTESIAN_POINT('',(65.941314448473,-0.79607500775,0.));
#467 = CARTESIAN_POINT('',(65.955209664108,4.065878259231E-02,75.));
#468 = CARTESIAN_POINT('',(65.947193149732,0.877756303028,150.));
#469 = CARTESIAN_POINT('',(65.917275889973,1.714070520585,225.));
#470 = CARTESIAN_POINT('',(66.961212208529,-0.667427144719,0.));
#471 = CARTESIAN_POINT('',(66.972862118403,0.187107222983,75.));
#472 = CARTESIAN_POINT('',(66.962134151116,1.041946519348,150.));
#473 = CARTESIAN_POINT('',(66.929043006664,1.895919400734,225.));
#474 = CARTESIAN_POINT('',(67.893182803223,-0.548038291829,0.));
#475 = CARTESIAN_POINT('',(67.902749005564,0.322762034441,75.));
#476 = CARTESIAN_POINT('',(67.889511370955,1.193812720022,150.));
#477 = CARTESIAN_POINT('',(67.853488038268,2.063920207613,225.));
#478 = CARTESIAN_POINT('',(68.734493301065,-0.438801330191,0.));
#479 = CARTESIAN_POINT('',(68.742152977751,0.446682637183,75.));
#480 = CARTESIAN_POINT('',(68.726624294159,1.332367034694,150.));
#481 = CARTESIAN_POINT('',(68.687928528467,2.217038253194,225.));
#482 = CARTESIAN_POINT('',(69.482764991227,-0.340178516421,0.));
#483 = CARTESIAN_POINT('',(69.488703391987,0.558365258246,75.));
#484 = CARTESIAN_POINT('',(69.471111432789,1.457064385334,150.));
#485 = CARTESIAN_POINT('',(69.430013219019,2.35468742226,225.));
#486 = CARTESIAN_POINT('',(70.135592687438,-0.253792908359,0.));
#487 = CARTESIAN_POINT('',(70.140023389647,0.656144861331,75.));
#488 = CARTESIAN_POINT('',(70.120625355166,1.566198499015,150.));
#489 = CARTESIAN_POINT('',(70.077425164157,2.475121003591,225.));
#490 = CARTESIAN_POINT('',(70.69173157278,-0.177556711613,0.));
#491 = CARTESIAN_POINT('',(70.694831714898,0.742087514723,75.));
#492 = CARTESIAN_POINT('',(70.673848935495,1.661812763686,150.));
#493 = CARTESIAN_POINT('',(70.628811986228,2.580358781648,225.));
#494 = CARTESIAN_POINT('',(71.147661585336,-0.119844099973,0.));
#495 = CARTESIAN_POINT('',(71.149754462654,0.80775760777,75.));
#496 = CARTESIAN_POINT('',(71.127556034352,1.735413959283,150.));
#497 = CARTESIAN_POINT('',(71.08109671783,2.661853833345,225.));
#498 = CARTESIAN_POINT('',(71.507124345386,-6.020478222092E-02,0.));
#499 = CARTESIAN_POINT('',(71.508176328354,0.87367073575,75.));
#500 = CARTESIAN_POINT('',(71.484772712268,1.807573638265,150.));
#501 = CARTESIAN_POINT('',(71.436945565936,2.740224244767,225.));
#502 = CARTESIAN_POINT('',(71.756716317728,-4.994749829778E-02,0.));
#503 = CARTESIAN_POINT('',(71.757589282964,0.888284221731,75.));
#504 = CARTESIAN_POINT('',(71.733892572378,1.826538637565,150.));
#505 = CARTESIAN_POINT('',(71.685658656391,2.763530105982,225.));
#506 = CARTESIAN_POINT('',(71.9248400037,1.63721775793E-02,0.));
#507 = CARTESIAN_POINT('',(71.924555476006,0.957538211063,75.));
#508 = CARTESIAN_POINT('',(71.899624431197,1.89869662832,150.));
#509 = CARTESIAN_POINT('',(71.85008103104,2.83855780692,225.));
#510 = CARTESIAN_POINT('',(71.984408918449,-2.490967936307E-02,-0.));
#511 = CARTESIAN_POINT('',(71.984844896449,0.91729602691,75.));
#512 = CARTESIAN_POINT('',(71.960607131073,1.85951298481,150.));
#513 = CARTESIAN_POINT('',(71.911728834121,2.800450121444,225.));
#514 = CARTESIAN_POINT('',(72.,-4.32E-02,0.));
#515 = CARTESIAN_POINT('',(72.000755204678,0.899277821573,75.));
#516 = CARTESIAN_POINT('',(71.976829539982,1.841775254384,150.));
#517 = CARTESIAN_POINT('',(71.928255790057,2.783000841218,225.));
#518 = DEFINITIONAL_REPRESENTATION('',(#519),#523);
#519 = LINE('',#520,#521);
#520 = CARTESIAN_POINT('',(0.,0.));
#521 = VECTOR('',#522,1.);
#522 = DIRECTION('',(0.,1.));
#523 = ( GEOMETRIC_REPRESENTATION_CONTEXT(2) 
PARAMETRIC_REPRESENTATION_CONTEXT() REPRESENTATION_CONTEXT('2D SPACE',''
  ) );
#524 = PCURVE('',#525,#542);
#525 = ( BOUNDED_SURFACE() B_SPLINE_SURFACE(3,3,(
    (#526,#527,#528,#529)
    ,(#530,#531,#532,#533)
    ,(#534,#535,#536,#537)
    ,(#538,#539,#540,#541
)),.UNSPECIFIED.,.F.,.F.,.F.) B_SPLINE_SURFACE_WITH_KNOTS((4,4),(4,4),(
    1.,2.),(0.,1.),.PIECEWISE_BEZIER_KNOTS.) 
GEOMETRIC_REPRESENTATION_ITEM() RATIONAL_B_SPLINE_SURFACE((
    (1.,1.,1.,1.)
    ,(1.,1.,1.,1.)
    ,(1.,1.,1.,1.)
,(1.,1.,1.,1.))) REPRESENTATION_ITEM('') SURFACE() );
#526 = CARTESIAN_POINT('',(72.,-4.32E-02,0.));
#527 = CARTESIAN_POINT('',(72.000755204678,0.899277821573,75.));
#528 = CARTESIAN_POINT('',(71.976829539982,1.841775254384,150.));
#529 = CARTESIAN_POINT('',(71.928255790057,2.783000841218,225.));
#530 = CARTESIAN_POINT('',(72.,-1.44E-02,0.));
#531 = CARTESIAN_POINT('',(72.00025254984,0.928077822225,75.));
#532 = CARTESIAN_POINT('',(71.975824230376,1.870562092558,150.));
#533 = CARTESIAN_POINT('',(71.926748514517,2.811761371819,225.));
#534 = CARTESIAN_POINT('',(72.,1.44E-02,0.));
#535 = CARTESIAN_POINT('',(71.999749895001,0.956877822877,75.));
#536 = CARTESIAN_POINT('',(71.97481892077,1.899348930731,150.));
#537 = CARTESIAN_POINT('',(71.925241238977,2.840521902419,225.));
#538 = CARTESIAN_POINT('',(72.,4.32E-02,0.));
#539 = CARTESIAN_POINT('',(71.999247240162,0.985677823529,75.));
#540 = CARTESIAN_POINT('',(71.973813611164,1.928135768905,150.));
#541 = CARTESIAN_POINT('',(71.923733963437,2.86928243302,225.));
#542 = DEFINITIONAL_REPRESENTATION('',(#543),#547);
#543 = LINE('',#544,#545);
#544 = CARTESIAN_POINT('',(2.,0.));
#545 = VECTOR('',#546,1.);
#546 = DIRECTION('',(0.,1.));
#547 = ( GEOMETRIC_REPRESENTATION_CONTEXT(2) 
PARAMETRIC_REPRESENTATION_CONTEXT() REPRESENTATION_CONTEXT('2D SPACE',''
  ) );
#548 = ORIENTED_EDGE('',*,*,#549,.T.);
#549 = EDGE_CURVE('',#22,#550,#552,.T.);
#550 = VERTEX_POINT('',#551);
#551 = CARTESIAN_POINT('',(20.7,6.008235883314,0.));
#552 = SURFACE_CURVE('',#553,(#675,#682),.PCURVE_S1.);
#553 = B_SPLINE_CURVE_WITH_KNOTS('',3,(#554,#555,#556,#557,#558,#559,
    #560,#561,#562,#563,#564,#565,#566,#567,#568,#569,#570,#571,#572,
    #573,#574,#575,#576,#577,#578,#579,#580,#581,#582,#583,#584,#585,
    #586,#587,#588,#589,#590,#591,#592,#593,#594,#595,#596,#597,#598,
    #599,#600,#601,#602,#603,#604,#605,#606,#607,#608,#609,#610,#611,
    #612,#613,#614,#615,#616,#617,#618,#619,#620,#621,#622,#623,#624,
    #625,#626,#627,#628,#629,#630,#631,#632,#633,#634,#635,#636,#637,
    #638,#639,#640,#641,#642,#643,#644,#645,#646,#647,#648,#649,#650,
    #651,#652,#653,#654,#655,#656,#657,#658,#659,#660,#661,#662,#663,
    #664,#665,#666,#667,#668,#669,#670,#671,#672,#673,#674),
  .UNSPECIFIED.,.F.,.F.,(4,1,1,1,1,1,1,1,1,1,1,1,1,1,1,1,1,1,1,1,1,1,1,1
    ,1,1,1,1,1,1,1,1,1,1,1,1,1,1,1,1,1,1,1,1,1,1,1,1,1,1,1,1,1,1,1,1,1,1
    ,1,1,1,1,1,1,1,1,1,1,1,1,1,1,1,1,1,1,1,1,1,1,1,1,1,1,1,1,1,1,1,1,1,1
    ,1,1,1,1,1,1,1,1,1,1,1,1,1,1,1,1,1,1,1,1,1,1,1,1,1,1,4),(0.,
    4.078407677411E-04,1.457980549597E-03,3.204753366262E-03,
    5.642985368529E-03,8.765465479536E-03,1.256297669321E-02,
    1.702433495068E-02,2.213643470887E-02,2.788430025551E-02,
    3.425114182613E-02,4.121841563833E-02,4.876588706683E-02,
    5.687169632928E-02,6.551242622383E-02,7.466317164093E-02,
    8.429761075195E-02,9.438807794483E-02,0.104905638724,0.115820166915,
    0.1271004246,0.138714145282,0.1506281208,0.1628082925,0.175219847173
    ,0.187827318137,0.200594691796,0.213485519815,0.22646303689,
    0.239490283867,0.252530235719,0.265545933618,0.278500620098,
    0.291357876051,0.304081758111,0.316636934886,0.328988820492,
    0.341103703964,0.353090161194,0.364812648141,0.376197519167,
    0.38721480852,0.397836016232,0.408034235542,0.417784287292,
    0.427062868614,0.435848726665,0.444122873021,0.451868861729,
    0.459073165549,0.465725703577,0.471820604191,0.477357338614,
    0.482342444921,0.486792194201,0.490736722153,0.49422623504,
    0.4973393663,0.500191267412,0.502933737755,0.505676143618,
    0.508526386493,0.511632585991,0.515105416054,0.519019187057,
    0.523420263997,0.528335467762,0.533778262572,0.539752873742,
    0.546256953268,0.553283311049,0.560821057132,0.568856370053,
    0.577373023458,0.586352753065,0.595775516221,0.605619678387,
    0.615862149932,0.626478489749,0.637442987668,0.648728734495,
    0.660350032239,0.672380507178,0.684646833505,0.697115935464,
    0.709753854552,0.722525869195,0.73539661944,0.748330235365,
    0.761290467738,0.774240819394,0.787144675907,0.799965434253,
    0.812666628411,0.825212051079,0.837565870937,0.849692745131,
    0.86155792689,0.873127368371,0.884367818963,0.89524691945,
    0.905733292442,0.915796629611,0.925407776187,0.934538813214,
    0.943163137948,0.951255542705,0.958792292319,0.965751200209,
    0.972111702872,0.977854932419,0.982963786569,0.987422995334,
    0.991219183478,0.994340927712,0.996778807537,0.998525448648,
    0.999575557896,1.),.UNSPECIFIED.);
#554 = CARTESIAN_POINT('',(72.,4.32E-02,0.));
#555 = CARTESIAN_POINT('',(71.984221714961,2.623174440698E-02,0.));
#556 = CARTESIAN_POINT('',(71.923696633015,-1.218274920545E-02,0.));
#557 = CARTESIAN_POINT('',(71.760293358299,6.733077767122E-02,0.));
#558 = CARTESIAN_POINT('',(71.512524417189,9.328244997454E-02,0.));
#559 = CARTESIAN_POINT('',(71.157609566969,0.17765836874,0.));
#560 = CARTESIAN_POINT('',(70.706551334166,0.265612266985,0.));
#561 = CARTESIAN_POINT('',(70.156458687307,0.378693366691,0.));
#562 = CARTESIAN_POINT('',(69.510376771845,0.507691612558,0.));
#563 = CARTESIAN_POINT('',(68.769539766247,0.654499335452,0.));
#564 = CARTESIAN_POINT('',(67.936164468403,0.817011226542,0.));
#565 = CARTESIAN_POINT('',(67.012487343922,0.994320394971,0.));
#566 = CARTESIAN_POINT('',(66.001075595555,1.185025913379,0.));
#567 = CARTESIAN_POINT('',(64.904719943764,1.387795900227,0.));
#568 = CARTESIAN_POINT('',(63.726459691867,1.601210355375,0.));
#569 = CARTESIAN_POINT('',(62.469565504084,1.823826596577,0.));
#570 = CARTESIAN_POINT('',(61.137534111024,2.054174014452,0.));
#571 = CARTESIAN_POINT('',(59.734078408345,2.290767357714,0.));
#572 = CARTESIAN_POINT('',(58.263117956895,2.532111544605,0.));
#573 = CARTESIAN_POINT('',(56.728768440869,2.776706051106,0.));
#574 = CARTESIAN_POINT('',(55.13533056472,3.023046707263,0.));
#575 = CARTESIAN_POINT('',(53.487278312768,3.269625897995,0.));
#576 = CARTESIAN_POINT('',(51.789246662024,3.514931391247,0.));
#577 = CARTESIAN_POINT('',(50.046018792095,3.757444359741,0.));
#578 = CARTESIAN_POINT('',(48.262512847574,3.995637151547,0.));
#579 = CARTESIAN_POINT('',(46.44376830058,4.227971417123,0.));
#580 = CARTESIAN_POINT('',(44.594931956635,4.452897194186,0.));
#581 = CARTESIAN_POINT('',(42.721243640298,4.668853518835,0.));
#582 = CARTESIAN_POINT('',(40.82802159035,4.874271068255,0.));
#583 = CARTESIAN_POINT('',(38.920647587523,5.06757723267,0.));
#584 = CARTESIAN_POINT('',(37.004551833703,5.247203939495,0.));
#585 = CARTESIAN_POINT('',(35.085197592638,5.411598236145,0.));
#586 = CARTESIAN_POINT('',(33.168065619131,5.55923613728,0.));
#587 = CARTESIAN_POINT('',(31.258638334192,5.688637638146,0.));
#588 = CARTESIAN_POINT('',(29.362383966368,5.798389696803,0.));
#589 = CARTESIAN_POINT('',(27.484739924304,5.887150335506,0.));
#590 = CARTESIAN_POINT('',(25.631098208209,5.953730164934,0.));
#591 = CARTESIAN_POINT('',(23.806782721962,5.996895716649,0.));
#592 = CARTESIAN_POINT('',(22.010091894409,6.016262315207,0.));
#593 = CARTESIAN_POINT('',(20.244284666721,6.008912886959,0.));
#594 = CARTESIAN_POINT('',(18.514956979868,5.965446857909,0.));
#595 = CARTESIAN_POINT('',(16.834636840278,5.888113808741,0.));
#596 = CARTESIAN_POINT('',(15.210590663863,5.77714453907,0.));
#597 = CARTESIAN_POINT('',(13.647812736416,5.633647085709,0.));
#598 = CARTESIAN_POINT('',(12.151082171681,5.458844263779,0.));
#599 = CARTESIAN_POINT('',(10.724941257141,5.254261736029,0.));
#600 = CARTESIAN_POINT('',(9.373673707815,5.021652437276,0.));
#601 = CARTESIAN_POINT('',(8.101285073661,4.762980266356,0.));
#602 = CARTESIAN_POINT('',(6.911484780904,4.48038155269,0.));
#603 = CARTESIAN_POINT('',(5.807669717899,4.176125231313,0.));
#604 = CARTESIAN_POINT('',(4.792908805104,3.852566790786,0.));
#605 = CARTESIAN_POINT('',(3.869927685777,3.512096971921,0.));
#606 = CARTESIAN_POINT('',(3.041092331994,3.157083399423,0.));
#607 = CARTESIAN_POINT('',(2.308390850751,2.789800753784,0.));
#608 = CARTESIAN_POINT('',(1.673415139218,2.412340106554,0.));
#609 = CARTESIAN_POINT('',(1.137357047989,2.026476856156,0.));
#610 = CARTESIAN_POINT('',(0.701064633603,1.633476661869,0.));
#611 = CARTESIAN_POINT('',(0.365309135041,1.233836858307,0.));
#612 = CARTESIAN_POINT('',(0.131468201859,0.827262199993,0.));
#613 = CARTESIAN_POINT('',(2.610739939513E-03,0.413566537933,0.));
#614 = CARTESIAN_POINT('',(-1.738517016726E-02,-1.394771597038E-03,0.));
#615 = CARTESIAN_POINT('',(6.829918958043E-02,-0.407775947084,0.));
#616 = CARTESIAN_POINT('',(0.260163279901,-0.795684499761,0.));
#617 = CARTESIAN_POINT('',(0.552677478468,-1.16056237707,0.));
#618 = CARTESIAN_POINT('',(0.94223482932,-1.503746075605,0.));
#619 = CARTESIAN_POINT('',(1.42693129528,-1.826544639829,0.));
#620 = CARTESIAN_POINT('',(2.005382684217,-2.129588407527,0.));
#621 = CARTESIAN_POINT('',(2.676096088126,-2.412959003937,0.));
#622 = CARTESIAN_POINT('',(3.437272195287,-2.676464537771,0.));
#623 = CARTESIAN_POINT('',(4.286793748968,-2.919814692745,0.));
#624 = CARTESIAN_POINT('',(5.222258667982,-3.142725113897,0.));
#625 = CARTESIAN_POINT('',(6.241017835581,-3.344978185654,0.));
#626 = CARTESIAN_POINT('',(7.340206603373,-3.526462444201,0.));
#627 = CARTESIAN_POINT('',(8.5167695597,-3.687200044661,0.));
#628 = CARTESIAN_POINT('',(9.767479696412,-3.827366816078,0.));
#629 = CARTESIAN_POINT('',(11.088953242726,-3.947306150594,0.));
#630 = CARTESIAN_POINT('',(12.477661100695,-4.047538451046,0.));
#631 = CARTESIAN_POINT('',(13.92993754996,-4.128761120489,0.));
#632 = CARTESIAN_POINT('',(15.441986825862,-4.191859164571,0.));
#633 = CARTESIAN_POINT('',(17.009887746114,-4.237846668392,0.));
#634 = CARTESIAN_POINT('',(18.62959794615,-4.268053801604,0.));
#635 = CARTESIAN_POINT('',(20.299040865283,-4.283345889857,0.));
#636 = CARTESIAN_POINT('',(22.021096248957,-4.28707202398,0.));
#637 = CARTESIAN_POINT('',(23.791437774365,-4.271576827279,0.));
#638 = CARTESIAN_POINT('',(25.603275541446,-4.235908060803,0.));
#639 = CARTESIAN_POINT('',(27.444603572539,-4.181768453595,0.));
#640 = CARTESIAN_POINT('',(29.310279645288,-4.110292365638,0.));
#641 = CARTESIAN_POINT('',(31.195090426146,-4.022857699733,0.));
#642 = CARTESIAN_POINT('',(33.093761288318,-3.920848366804,0.));
#643 = CARTESIAN_POINT('',(35.000971321861,-3.805689393895,0.));
#644 = CARTESIAN_POINT('',(36.911367383716,-3.67880963187,0.));
#645 = CARTESIAN_POINT('',(38.819578817645,-3.541627171072,0.));
#646 = CARTESIAN_POINT('',(40.720232333618,-3.395532264355,0.));
#647 = CARTESIAN_POINT('',(42.607967104931,-3.241875052125,0.));
#648 = CARTESIAN_POINT('',(44.47744997845,-3.081956377888,0.));
#649 = CARTESIAN_POINT('',(46.323390732583,-2.917022194364,0.));
#650 = CARTESIAN_POINT('',(48.140557306602,-2.748261258569,0.));
#651 = CARTESIAN_POINT('',(49.923790931247,-2.576805836658,0.));
#652 = CARTESIAN_POINT('',(51.668021095523,-2.403734966215,0.));
#653 = CARTESIAN_POINT('',(53.368280292221,-2.230079734248,0.));
#654 = CARTESIAN_POINT('',(55.019718493165,-2.056829954088,0.));
#655 = CARTESIAN_POINT('',(56.617617313285,-1.884941587949,0.));
#656 = CARTESIAN_POINT('',(58.157403831731,-1.715344251079,0.));
#657 = CARTESIAN_POINT('',(59.634664039927,-1.548948180758,0.));
#658 = CARTESIAN_POINT('',(61.045155907475,-1.386650043945,0.));
#659 = CARTESIAN_POINT('',(62.384822001187,-1.22933728181,0.));
#660 = CARTESIAN_POINT('',(63.649801793049,-1.077889970978,0.));
#661 = CARTESIAN_POINT('',(64.83644310017,-0.933182151163,0.));
#662 = CARTESIAN_POINT('',(65.941314448473,-0.79607500775,0.));
#663 = CARTESIAN_POINT('',(66.961212208529,-0.667427144719,0.));
#664 = CARTESIAN_POINT('',(67.893182803223,-0.548038291829,0.));
#665 = CARTESIAN_POINT('',(68.734493301065,-0.438801330191,0.));
#666 = CARTESIAN_POINT('',(69.482764991227,-0.340178516421,0.));
#667 = CARTESIAN_POINT('',(70.135592687438,-0.253792908359,0.));
#668 = CARTESIAN_POINT('',(70.69173157278,-0.177556711613,0.));
#669 = CARTESIAN_POINT('',(71.147661585336,-0.119844099973,0.));
#670 = CARTESIAN_POINT('',(71.507124345386,-6.020478222092E-02,0.));
#671 = CARTESIAN_POINT('',(71.756716317728,-4.994749829778E-02,0.));
#672 = CARTESIAN_POINT('',(71.9248400037,1.63721775793E-02,0.));
#673 = CARTESIAN_POINT('',(71.984408918449,-2.490967936307E-02,0.));
#674 = CARTESIAN_POINT('',(72.,-4.32E-02,0.));
#675 = PCURVE('',#33,#676);
#676 = DEFINITIONAL_REPRESENTATION('',(#677),#681);
#677 = LINE('',#678,#679);
#678 = CARTESIAN_POINT('',(0.,0.));
#679 = VECTOR('',#680,1.);
#680 = DIRECTION('',(1.,0.));
#681 = ( GEOMETRIC_REPRESENTATION_CONTEXT(2) 
PARAMETRIC_REPRESENTATION_CONTEXT() REPRESENTATION_CONTEXT('2D SPACE',''
  ) );
#682 = PCURVE('',#683,#688);
#683 = PLANE('',#684);
#684 = AXIS2_PLACEMENT_3D('',#685,#686,#687);
#685 = CARTESIAN_POINT('',(72.,4.32E-02,0.));
#686 = DIRECTION('',(0.,0.,-1.));
#687 = DIRECTION('',(-0.999985338877,5.414982084736E-03,0.));
#688 = DEFINITIONAL_REPRESENTATION('',(#689),#811);
#689 = B_SPLINE_CURVE_WITH_KNOTS('',3,(#690,#691,#692,#693,#694,#695,
    #696,#697,#698,#699,#700,#701,#702,#703,#704,#705,#706,#707,#708,
    #709,#710,#711,#712,#713,#714,#715,#716,#717,#718,#719,#720,#721,
    #722,#723,#724,#725,#726,#727,#728,#729,#730,#731,#732,#733,#734,
    #735,#736,#737,#738,#739,#740,#741,#742,#743,#744,#745,#746,#747,
    #748,#749,#750,#751,#752,#753,#754,#755,#756,#757,#758,#759,#760,
    #761,#762,#763,#764,#765,#766,#767,#768,#769,#770,#771,#772,#773,
    #774,#775,#776,#777,#778,#779,#780,#781,#782,#783,#784,#785,#786,
    #787,#788,#789,#790,#791,#792,#793,#794,#795,#796,#797,#798,#799,
    #800,#801,#802,#803,#804,#805,#806,#807,#808,#809,#810),
  .UNSPECIFIED.,.F.,.F.,(4,1,1,1,1,1,1,1,1,1,1,1,1,1,1,1,1,1,1,1,1,1,1,1
    ,1,1,1,1,1,1,1,1,1,1,1,1,1,1,1,1,1,1,1,1,1,1,1,1,1,1,1,1,1,1,1,1,1,1
    ,1,1,1,1,1,1,1,1,1,1,1,1,1,1,1,1,1,1,1,1,1,1,1,1,1,1,1,1,1,1,1,1,1,1
    ,1,1,1,1,1,1,1,1,1,1,1,1,1,1,1,1,1,1,1,1,1,1,1,1,1,1,4),(0.,
    4.078407677411E-04,1.457980549597E-03,3.204753366262E-03,
    5.642985368529E-03,8.765465479536E-03,1.256297669321E-02,
    1.702433495068E-02,2.213643470887E-02,2.788430025551E-02,
    3.425114182613E-02,4.121841563833E-02,4.876588706683E-02,
    5.687169632928E-02,6.551242622383E-02,7.466317164093E-02,
    8.429761075195E-02,9.438807794483E-02,0.104905638724,0.115820166915,
    0.1271004246,0.138714145282,0.1506281208,0.1628082925,0.175219847173
    ,0.187827318137,0.200594691796,0.213485519815,0.22646303689,
    0.239490283867,0.252530235719,0.265545933618,0.278500620098,
    0.291357876051,0.304081758111,0.316636934886,0.328988820492,
    0.341103703964,0.353090161194,0.364812648141,0.376197519167,
    0.38721480852,0.397836016232,0.408034235542,0.417784287292,
    0.427062868614,0.435848726665,0.444122873021,0.451868861729,
    0.459073165549,0.465725703577,0.471820604191,0.477357338614,
    0.482342444921,0.486792194201,0.490736722153,0.49422623504,
    0.4973393663,0.500191267412,0.502933737755,0.505676143618,
    0.508526386493,0.511632585991,0.515105416054,0.519019187057,
    0.523420263997,0.528335467762,0.533778262572,0.539752873742,
    0.546256953268,0.553283311049,0.560821057132,0.568856370053,
    0.577373023458,0.586352753065,0.595775516221,0.605619678387,
    0.615862149932,0.626478489749,0.637442987668,0.648728734495,
    0.660350032239,0.672380507178,0.684646833505,0.697115935464,
    0.709753854552,0.722525869195,0.73539661944,0.748330235365,
    0.761290467738,0.774240819394,0.787144675907,0.799965434253,
    0.812666628411,0.825212051079,0.837565870937,0.849692745131,
    0.86155792689,0.873127368371,0.884367818963,0.89524691945,
    0.905733292442,0.915796629611,0.925407776187,0.934538813214,
    0.943163137948,0.951255542705,0.958792292319,0.965751200209,
    0.972111702872,0.977854932419,0.982963786569,0.987422995334,
    0.991219183478,0.994340927712,0.996778807537,0.998525448648,
    0.999575557896,1.),.UNSPECIFIED.);
#690 = CARTESIAN_POINT('',(0.,0.));
#691 = CARTESIAN_POINT('',(1.568617091179E-02,-1.705344595016E-02));
#692 = CARTESIAN_POINT('',(7.600235169693E-02,-5.579511859738E-02));
#693 = CARTESIAN_POINT('',(0.239833795062,2.283241671652E-02));
#694 = CARTESIAN_POINT('',(0.487739631441,4.744204416191E-02));
#695 = CARTESIAN_POINT('',(0.843106172299,0.129894868326));
#696 = CARTESIAN_POINT('',(1.294634060865,0.215405004818));
#697 = CARTESIAN_POINT('',(1.845330974877,0.325505704801));
#698 = CARTESIAN_POINT('',(2.492101941244,0.451003537411));
#699 = CARTESIAN_POINT('',(3.233723046529,0.593797488826));
#700 = CARTESIAN_POINT('',(4.067966125134,0.751794285001));
#701 = CARTESIAN_POINT('',(4.992589833441,0.924099158798));
#702 = CARTESIAN_POINT('',(6.005019420341,1.109325104751));
#703 = CARTESIAN_POINT('',(7.102456994174,1.306155372551));
#704 = CARTESIAN_POINT('',(8.281855606904,1.513186440647));
#705 = CARTESIAN_POINT('',(9.539936830164,1.728993358536));
#706 = CARTESIAN_POINT('',(10.873196021289,1.95212447313));
#707 = CARTESIAN_POINT('',(12.277912296446,2.181114660181));
#708 = CARTESIAN_POINT('',(13.750158056412,2.414490084204));
#709 = CARTESIAN_POINT('',(15.285809552022,2.650772529533));
#710 = CARTESIAN_POINT('',(16.880557996822,2.888481136507));
#711 = CARTESIAN_POINT('',(18.529921308379,3.126132538692));
#712 = CARTESIAN_POINT('',(20.229256388922,3.362239624522));
#713 = CARTESIAN_POINT('',(21.973771904553,3.595309489818));
#714 = CARTESIAN_POINT('',(23.758541510575,3.823841136713));
#715 = CARTESIAN_POINT('',(25.578517478617,4.046323526869));
#716 = CARTESIAN_POINT('',(27.428544685599,4.261234590588));
#717 = CARTESIAN_POINT('',(29.303374931189,4.467041760408));
#718 = CARTESIAN_POINT('',(31.197681556726,4.662204534694));
#719 = CARTESIAN_POINT('',(33.106074344726,4.845179468969));
#720 = CARTESIAN_POINT('',(35.023114681829,5.014427918086));
#721 = CARTESIAN_POINT('',(36.943330975178,5.168426535701));
#722 = CARTESIAN_POINT('',(38.861234297966,5.305681037008));
#723 = CARTESIAN_POINT('',(40.771334295366,5.424741126163));
#724 = CARTESIAN_POINT('',(42.668155167403,5.524223392302));
#725 = CARTESIAN_POINT('',(44.546252318365,5.602815320825));
#726 = CARTESIAN_POINT('',(46.400227386575,5.659356737433));
#727 = CARTESIAN_POINT('',(48.224749866997,5.692643020617));
#728 = CARTESIAN_POINT('',(50.021519222829,5.702280286596));
#729 = CARTESIAN_POINT('',(51.787260764778,5.685369151596));
#730 = CARTESIAN_POINT('',(53.516327729976,5.632539481364));
#731 = CARTESIAN_POINT('',(55.19620447711,5.546108662533));
#732 = CARTESIAN_POINT('',(56.819625946578,5.426346838846));
#733 = CARTESIAN_POINT('',(58.381603925806,5.274389074839));
#734 = CARTESIAN_POINT('',(59.877365992641,5.091484046521));
#735 = CARTESIAN_POINT('',(61.302378187631,4.879181990679));
#736 = CARTESIAN_POINT('',(62.652366350672,4.639259012667));
#737 = CARTESIAN_POINT('',(63.923335625009,4.373700672513));
#738 = CARTESIAN_POINT('',(65.111588206985,4.084663354792));
#739 = CARTESIAN_POINT('',(66.213739544292,3.774434355364));
#740 = CARTESIAN_POINT('',(67.226733516394,3.445385746404));
#741 = CARTESIAN_POINT('',(68.147857465812,3.099922992982));
#742 = CARTESIAN_POINT('',(68.974758275803,2.74042649679));
#743 = CARTESIAN_POINT('',(69.705460185874,2.369181670533));
#744 = CARTESIAN_POINT('',(70.338382645307,1.988288175198));
#745 = CARTESIAN_POINT('',(70.872343434734,1.599527837028));
#746 = CARTESIAN_POINT('',(71.306501363572,1.204170888957));
#747 = CARTESIAN_POINT('',(71.640087897205,0.802718834554));
#748 = CARTESIAN_POINT('',(71.871723807525,0.394883892618));
#749 = CARTESIAN_POINT('',(71.998339225651,-1.950346504759E-02));
#750 = CARTESIAN_POINT('',(72.016087834539,-0.434566968274));
#751 = CARTESIAN_POINT('',(71.928204184235,-0.840478206483));
#752 = CARTESIAN_POINT('',(71.734242388994,-1.227342131373));
#753 = CARTESIAN_POINT('',(71.439756671845,-1.590630700019));
#754 = CARTESIAN_POINT('',(71.048346698762,-1.931699921019));
#755 = CARTESIAN_POINT('',(70.561909390554,-2.251869129974));
#756 = CARTESIAN_POINT('',(69.981825505791,-2.551776150802));
#757 = CARTESIAN_POINT('',(69.309587488591,-2.831510691615));
#758 = CARTESIAN_POINT('',(68.546995663382,-3.090890607178));
#759 = CARTESIAN_POINT('',(67.696168827911,-3.329637050372));
#760 = CARTESIAN_POINT('',(66.759510567926,-3.547478677629));
#761 = CARTESIAN_POINT('',(65.739671139721,-3.744212221488));
#762 = CARTESIAN_POINT('',(64.639515753262,-3.919741731786));
#763 = CARTESIAN_POINT('',(63.462099655441,-4.074105908323));
#764 = CARTESIAN_POINT('',(62.210648854989,-4.207498051754));
#765 = CARTESIAN_POINT('',(60.888545213613,-4.320279872246));
#766 = CARTESIAN_POINT('',(59.49931495955,-4.412990875008));
#767 = CARTESIAN_POINT('',(58.046619982989,-4.486348302681));
#768 = CARTESIAN_POINT('',(56.534251200648,-4.541257701934));
#769 = CARTESIAN_POINT('',(54.966124246075,-4.578754376133));
#770 = CARTESIAN_POINT('',(53.346274221724,-4.600190364758));
#771 = CARTESIAN_POINT('',(51.676772972115,-4.606442225314));
#772 = CARTESIAN_POINT('',(49.954722658758,-4.600843405756));
#773 = CARTESIAN_POINT('',(48.184490994757,-4.575762068588));
#774 = CARTESIAN_POINT('',(46.372872936984,-4.530282756007));
#775 = CARTESIAN_POINT('',(44.53186506683,-4.466173184246));
#776 = CARTESIAN_POINT('',(42.666603388723,-4.384595541699));
#777 = CARTESIAN_POINT('',(40.782293698458,-4.286955941073));
#778 = CARTESIAN_POINT('',(38.884203051643,-4.174666835011));
#779 = CARTESIAN_POINT('',(36.977644563716,-4.049182042299));
#780 = CARTESIAN_POINT('',(35.067963562051,-3.911959380024));
#781 = CARTESIAN_POINT('',(33.160522945212,-3.764445999746));
#782 = CARTESIAN_POINT('',(31.260688396257,-3.608061230206));
#783 = CARTESIAN_POINT('',(29.373813352306,-3.444184220796));
#784 = CARTESIAN_POINT('',(27.505223844262,-3.274144674879));
#785 = CARTESIAN_POINT('',(25.660203269341,-3.099217173363));
#786 = CARTESIAN_POINT('',(23.843977174469,-2.920618787349));
#787 = CARTESIAN_POINT('',(22.06169812207,-2.739509701037));
#788 = CARTESIAN_POINT('',(20.31843070583,-2.556996392915));
#789 = CARTESIAN_POINT('',(18.619136776811,-2.374136833839));
#790 = CARTESIAN_POINT('',(16.968660932261,-2.191947085444));
#791 = CARTESIAN_POINT('',(15.371716311555,-2.011408645898));
#792 = CARTESIAN_POINT('',(13.832870734649,-1.833475879103));
#793 = CARTESIAN_POINT('',(12.356533216487,-1.659082910773));
#794 = CARTESIAN_POINT('',(10.946940869837,-1.48914936524));
#795 = CARTESIAN_POINT('',(9.608146262923,-1.32458464159));
#796 = CARTESIAN_POINT('',(8.34400510156,-1.166289708235));
#797 = CARTESIAN_POINT('',(7.158164782185,-1.01515836858));
#798 = CARTESIAN_POINT('',(6.054052065262,-0.872070376755));
#799 = CARTESIAN_POINT('',(5.034865883927,-0.737901671747));
#800 = CARTESIAN_POINT('',(4.103555441467,-0.613467965158));
#801 = CARTESIAN_POINT('',(3.262848794372,-0.499676923783));
#802 = CARTESIAN_POINT('',(2.515122115482,-0.397003678137));
#803 = CARTESIAN_POINT('',(1.862771766979,-0.307084286305));
#804 = CARTESIAN_POINT('',(1.307053852897,-0.227837725167));
#805 = CARTESIAN_POINT('',(0.851443037545,-0.167657106809));
#806 = CARTESIAN_POINT('',(0.49230849346,-0.10607217903));
#807 = CARTESIAN_POINT('',(0.242775723426,-9.446350943187E-02));
#808 = CARTESIAN_POINT('',(7.501362219273E-02,-2.723441912816E-02));
#809 = CARTESIAN_POINT('',(1.522204027459E-02,-6.819310622597E-02));
#810 = CARTESIAN_POINT('',(-4.678544521255E-04,-8.639873327898E-02));
#811 = ( GEOMETRIC_REPRESENTATION_CONTEXT(2) 
PARAMETRIC_REPRESENTATION_CONTEXT() REPRESENTATION_CONTEXT('2D SPACE',''
  ) );
#812 = ORIENTED_EDGE('',*,*,#813,.T.);
#813 = EDGE_CURVE('',#550,#814,#816,.T.);
#814 = VERTEX_POINT('',#815);
#815 = CARTESIAN_POINT('',(20.7,6.01466548283,10.));
#816 = SURFACE_CURVE('',#817,(#823,#832),.PCURVE_S1.);
#817 = B_SPLINE_CURVE_WITH_KNOTS('',4,(#818,#819,#820,#821,#822),
  .UNSPECIFIED.,.F.,.F.,(5,5),(0.,1.),.PIECEWISE_BEZIER_KNOTS.);
#818 = CARTESIAN_POINT('',(20.7,6.008235883314,0.));
#819 = CARTESIAN_POINT('',(20.7,6.009839465552,2.500000002453));
#820 = CARTESIAN_POINT('',(20.7,6.011445590881,5.000000003274));
#821 = CARTESIAN_POINT('',(20.7,6.013054262299,7.500000002459));
#822 = CARTESIAN_POINT('',(20.7,6.01466548283,10.));
#823 = PCURVE('',#33,#824);
#824 = DEFINITIONAL_REPRESENTATION('',(#825),#831);
#825 = B_SPLINE_CURVE_WITH_KNOTS('',4,(#826,#827,#828,#829,#830),
  .UNSPECIFIED.,.F.,.F.,(5,5),(0.,1.),.PIECEWISE_BEZIER_KNOTS.);
#826 = CARTESIAN_POINT('',(0.349920622734,0.));
#827 = CARTESIAN_POINT('',(0.349896982839,1.111111112201E-02));
#828 = CARTESIAN_POINT('',(0.349873334377,2.222222223677E-02));
#829 = CARTESIAN_POINT('',(0.34984967728,3.333333334426E-02));
#830 = CARTESIAN_POINT('',(0.349826011545,4.444444444444E-02));
#831 = ( GEOMETRIC_REPRESENTATION_CONTEXT(2) 
PARAMETRIC_REPRESENTATION_CONTEXT() REPRESENTATION_CONTEXT('2D SPACE',''
  ) );
#832 = PCURVE('',#833,#838);
#833 = PLANE('',#834);
#834 = AXIS2_PLACEMENT_3D('',#835,#836,#837);
#835 = CARTESIAN_POINT('',(20.7,-20.,-1.));
#836 = DIRECTION('',(-1.,0.,0.));
#837 = DIRECTION('',(0.,1.,0.));
#838 = DEFINITIONAL_REPRESENTATION('',(#839),#845);
#839 = B_SPLINE_CURVE_WITH_KNOTS('',4,(#840,#841,#842,#843,#844),
  .UNSPECIFIED.,.F.,.F.,(5,5),(0.,1.),.PIECEWISE_BEZIER_KNOTS.);
#840 = CARTESIAN_POINT('',(26.008235883314,-1.));
#841 = CARTESIAN_POINT('',(26.009839465552,-3.500000002453));
#842 = CARTESIAN_POINT('',(26.011445590881,-6.000000003274));
#843 = CARTESIAN_POINT('',(26.013054262299,-8.500000002459));
#844 = CARTESIAN_POINT('',(26.01466548283,-11.));
#845 = ( GEOMETRIC_REPRESENTATION_CONTEXT(2) 
PARAMETRIC_REPRESENTATION_CONTEXT() REPRESENTATION_CONTEXT('2D SPACE',''
  ) );
#846 = ORIENTED_EDGE('',*,*,#847,.F.);
#847 = EDGE_CURVE('',#848,#814,#850,.T.);
#848 = VERTEX_POINT('',#849);
#849 = CARTESIAN_POINT('',(15.3,5.772782446923,10.));
#850 = SURFACE_CURVE('',#851,(#869,#890),.PCURVE_S1.);
#851 = B_SPLINE_CURVE_WITH_KNOTS('',6,(#852,#853,#854,#855,#856,#857,
    #858,#859,#860,#861,#862,#863,#864,#865,#866,#867,#868),
  .UNSPECIFIED.,.F.,.F.,(7,5,5,7),(0.,0.480429929634,0.726728585895,1.),
  .UNSPECIFIED.);
#852 = CARTESIAN_POINT('',(15.3,5.772782446923,10.));
#853 = CARTESIAN_POINT('',(15.731246957672,5.807641245751,10.));
#854 = CARTESIAN_POINT('',(16.162756357627,5.839253010941,10.));
#855 = CARTESIAN_POINT('',(16.594489335561,5.867719181482,10.));
#856 = CARTESIAN_POINT('',(17.026410698265,5.893142078044,10.));
#857 = CARTESIAN_POINT('',(17.458488923625,5.91562490297,10.));
#858 = CARTESIAN_POINT('',(18.112272825876,5.945343947137,10.));
#859 = CARTESIAN_POINT('',(18.333883353398,5.954668786589,10.));
#860 = CARTESIAN_POINT('',(18.555523893377,5.963267677379,10.));
#861 = CARTESIAN_POINT('',(18.77719102755,5.971149273986,10.));
#862 = CARTESIAN_POINT('',(18.998881743861,5.978315243493,10.));
#863 = CARTESIAN_POINT('',(19.466585255955,5.991923283932,10.));
#864 = CARTESIAN_POINT('',(19.713611869477,5.99822748982,10.));
#865 = CARTESIAN_POINT('',(19.960126224426,6.003639293886,10.));
#866 = CARTESIAN_POINT('',(20.205838612395,6.008151049892,10.));
#867 = CARTESIAN_POINT('',(20.451720426385,6.011797425741,10.));
#868 = CARTESIAN_POINT('',(20.7,6.01466548283,10.));
#869 = PCURVE('',#33,#870);
#870 = DEFINITIONAL_REPRESENTATION('',(#871),#889);
#871 = B_SPLINE_CURVE_WITH_KNOTS('',6,(#872,#873,#874,#875,#876,#877,
    #878,#879,#880,#881,#882,#883,#884,#885,#886,#887,#888),
  .UNSPECIFIED.,.F.,.F.,(7,5,5,7),(0.,0.480429929634,0.726728585895,1.),
  .UNSPECIFIED.);
#872 = CARTESIAN_POINT('',(0.386388411877,4.444444444444E-02));
#873 = CARTESIAN_POINT('',(0.383462517888,4.444444444444E-02));
#874 = CARTESIAN_POINT('',(0.380536625659,4.444444444444E-02));
#875 = CARTESIAN_POINT('',(0.377610726839,4.444444444444E-02));
#876 = CARTESIAN_POINT('',(0.374684819777,4.444444444444E-02));
#877 = CARTESIAN_POINT('',(0.371758909519,4.444444444444E-02));
#878 = CARTESIAN_POINT('',(0.367333006222,4.444444444444E-02));
#879 = CARTESIAN_POINT('',(0.365833007558,4.444444444444E-02));
#880 = CARTESIAN_POINT('',(0.364333008776,4.444444444444E-02));
#881 = CARTESIAN_POINT('',(0.362833009552,4.444444444444E-02));
#882 = CARTESIAN_POINT('',(0.361333009903,4.444444444444E-02));
#883 = CARTESIAN_POINT('',(0.358168736887,4.444444444444E-02));
#884 = CARTESIAN_POINT('',(0.356497635698,4.444444444444E-02));
#885 = CARTESIAN_POINT('',(0.35483014743,4.444444444444E-02));
#886 = CARTESIAN_POINT('',(0.353168193259,4.444444444444E-02));
#887 = CARTESIAN_POINT('',(0.351505177233,4.444444444444E-02));
#888 = CARTESIAN_POINT('',(0.349826011616,4.444444444444E-02));
#889 = ( GEOMETRIC_REPRESENTATION_CONTEXT(2) 
PARAMETRIC_REPRESENTATION_CONTEXT() REPRESENTATION_CONTEXT('2D SPACE',''
  ) );
#890 = PCURVE('',#891,#896);
#891 = PLANE('',#892);
#892 = AXIS2_PLACEMENT_3D('',#893,#894,#895);
#893 = CARTESIAN_POINT('',(18.,0.,10.));
#894 = DIRECTION('',(0.,0.,1.));
#895 = DIRECTION('',(1.,0.,0.));
#896 = DEFINITIONAL_REPRESENTATION('',(#897),#915);
#897 = B_SPLINE_CURVE_WITH_KNOTS('',6,(#898,#899,#900,#901,#902,#903,
    #904,#905,#906,#907,#908,#909,#910,#911,#912,#913,#914),
  .UNSPECIFIED.,.F.,.F.,(7,5,5,7),(0.,0.480429929634,0.726728585895,1.),
  .UNSPECIFIED.);
#898 = CARTESIAN_POINT('',(-2.7,5.772782446923));
#899 = CARTESIAN_POINT('',(-2.268753042328,5.807641245751));
#900 = CARTESIAN_POINT('',(-1.837243642373,5.839253010941));
#901 = CARTESIAN_POINT('',(-1.405510664439,5.867719181482));
#902 = CARTESIAN_POINT('',(-0.973589301735,5.893142078044));
#903 = CARTESIAN_POINT('',(-0.541511076375,5.91562490297));
#904 = CARTESIAN_POINT('',(0.112272825876,5.945343947137));
#905 = CARTESIAN_POINT('',(0.333883353398,5.954668786589));
#906 = CARTESIAN_POINT('',(0.555523893377,5.963267677379));
#907 = CARTESIAN_POINT('',(0.77719102755,5.971149273986));
#908 = CARTESIAN_POINT('',(0.998881743861,5.978315243493));
#909 = CARTESIAN_POINT('',(1.466585255955,5.991923283932));
#910 = CARTESIAN_POINT('',(1.713611869477,5.99822748982));
#911 = CARTESIAN_POINT('',(1.960126224426,6.003639293886));
#912 = CARTESIAN_POINT('',(2.205838612395,6.008151049892));
#913 = CARTESIAN_POINT('',(2.451720426385,6.011797425741));
#914 = CARTESIAN_POINT('',(2.7,6.01466548283));
#915 = ( GEOMETRIC_REPRESENTATION_CONTEXT(2) 
PARAMETRIC_REPRESENTATION_CONTEXT() REPRESENTATION_CONTEXT('2D SPACE',''
  ) );
#916 = ORIENTED_EDGE('',*,*,#917,.F.);
#917 = EDGE_CURVE('',#918,#848,#920,.T.);
#918 = VERTEX_POINT('',#919);
#919 = CARTESIAN_POINT('',(15.3,5.777993652176,0.));
#920 = SURFACE_CURVE('',#921,(#929,#940),.PCURVE_S1.);
#921 = B_SPLINE_CURVE_WITH_KNOTS('',3,(#922,#923,#924,#925,#926,#927,
    #928),.UNSPECIFIED.,.F.,.F.,(4,1,1,1,4),(0.,0.270000000153,
    0.540000000199,0.81000000014,1.),.UNSPECIFIED.);
#922 = CARTESIAN_POINT('',(15.3,5.777993652176,1.42108547152E-14));
#923 = CARTESIAN_POINT('',(15.3,5.777523390026,0.899999999855));
#924 = CARTESIAN_POINT('',(15.3,5.776583542969,2.699999999564));
#925 = CARTESIAN_POINT('',(15.3,5.775175803483,5.399999999659));
#926 = CARTESIAN_POINT('',(15.3,5.773908929935,7.833333333103));
#927 = CARTESIAN_POINT('',(15.3,5.773111608038,9.366666666673));
#928 = CARTESIAN_POINT('',(15.3,5.772782446923,10.));
#929 = PCURVE('',#33,#930);
#930 = DEFINITIONAL_REPRESENTATION('',(#931),#939);
#931 = B_SPLINE_CURVE_WITH_KNOTS('',3,(#932,#933,#934,#935,#936,#937,
    #938),.UNSPECIFIED.,.F.,.F.,(4,1,1,1,4),(0.,0.270000000153,
    0.540000000199,0.81000000014,1.),.UNSPECIFIED.);
#932 = CARTESIAN_POINT('',(0.386479590441,0.));
#933 = CARTESIAN_POINT('',(0.386471381358,3.999999999353E-03));
#934 = CARTESIAN_POINT('',(0.386454964826,1.199999999806E-02));
#935 = CARTESIAN_POINT('',(0.386430344912,2.399999999848E-02));
#936 = CARTESIAN_POINT('',(0.386408160976,3.481481481379E-02));
#937 = CARTESIAN_POINT('',(0.386394184413,4.162962962966E-02));
#938 = CARTESIAN_POINT('',(0.386388411881,4.444444444444E-02));
#939 = ( GEOMETRIC_REPRESENTATION_CONTEXT(2) 
PARAMETRIC_REPRESENTATION_CONTEXT() REPRESENTATION_CONTEXT('2D SPACE',''
  ) );
#940 = PCURVE('',#941,#946);
#941 = PLANE('',#942);
#942 = AXIS2_PLACEMENT_3D('',#943,#944,#945);
#943 = CARTESIAN_POINT('',(15.3,20.,-1.));
#944 = DIRECTION('',(1.,0.,0.));
#945 = DIRECTION('',(0.,-1.,0.));
#946 = DEFINITIONAL_REPRESENTATION('',(#947),#955);
#947 = B_SPLINE_CURVE_WITH_KNOTS('',3,(#948,#949,#950,#951,#952,#953,
    #954),.UNSPECIFIED.,.F.,.F.,(4,1,1,1,4),(0.,0.270000000153,
    0.540000000199,0.81000000014,1.),.UNSPECIFIED.);
#948 = CARTESIAN_POINT('',(14.222006347824,-1.));
#949 = CARTESIAN_POINT('',(14.222476609974,-1.899999999855));
#950 = CARTESIAN_POINT('',(14.223416457031,-3.699999999564));
#951 = CARTESIAN_POINT('',(14.224824196517,-6.399999999659));
#952 = CARTESIAN_POINT('',(14.226091070065,-8.833333333103));
#953 = CARTESIAN_POINT('',(14.226888391962,-10.36666666667));
#954 = CARTESIAN_POINT('',(14.227217553077,-11.));
#955 = ( GEOMETRIC_REPRESENTATION_CONTEXT(2) 
PARAMETRIC_REPRESENTATION_CONTEXT() REPRESENTATION_CONTEXT('2D SPACE',''
  ) );
#956 = ORIENTED_EDGE('',*,*,#957,.T.);
#957 = EDGE_CURVE('',#918,#958,#960,.T.);
#958 = VERTEX_POINT('',#959);
#959 = CARTESIAN_POINT('',(15.3,-4.183552852892,0.));
#960 = SURFACE_CURVE('',#961,(#1083,#1090),.PCURVE_S1.);
#961 = B_SPLINE_CURVE_WITH_KNOTS('',3,(#962,#963,#964,#965,#966,#967,
    #968,#969,#970,#971,#972,#973,#974,#975,#976,#977,#978,#979,#980,
    #981,#982,#983,#984,#985,#986,#987,#988,#989,#990,#991,#992,#993,
    #994,#995,#996,#997,#998,#999,#1000,#1001,#1002,#1003,#1004,#1005,
    #1006,#1007,#1008,#1009,#1010,#1011,#1012,#1013,#1014,#1015,#1016,
    #1017,#1018,#1019,#1020,#1021,#1022,#1023,#1024,#1025,#1026,#1027,
    #1028,#1029,#1030,#1031,#1032,#1033,#1034,#1035,#1036,#1037,#1038,
    #1039,#1040,#1041,#1042,#1043,#1044,#1045,#1046,#1047,#1048,#1049,
    #1050,#1051,#1052,#1053,#1054,#1055,#1056,#1057,#1058,#1059,#1060,
    #1061,#1062,#1063,#1064,#1065,#1066,#1067,#1068,#1069,#1070,#1071,
    #1072,#1073,#1074,#1075,#1076,#1077,#1078,#1079,#1080,#1081,#1082),
  .UNSPECIFIED.,.F.,.F.,(4,1,1,1,1,1,1,1,1,1,1,1,1,1,1,1,1,1,1,1,1,1,1,1
    ,1,1,1,1,1,1,1,1,1,1,1,1,1,1,1,1,1,1,1,1,1,1,1,1,1,1,1,1,1,1,1,1,1,1
    ,1,1,1,1,1,1,1,1,1,1,1,1,1,1,1,1,1,1,1,1,1,1,1,1,1,1,1,1,1,1,1,1,1,1
    ,1,1,1,1,1,1,1,1,1,1,1,1,1,1,1,1,1,1,1,1,1,1,1,1,1,1,4),(0.,
    4.078407677411E-04,1.457980549597E-03,3.204753366262E-03,
    5.642985368529E-03,8.765465479536E-03,1.256297669321E-02,
    1.702433495068E-02,2.213643470887E-02,2.788430025551E-02,
    3.425114182613E-02,4.121841563833E-02,4.876588706683E-02,
    5.687169632928E-02,6.551242622383E-02,7.466317164093E-02,
    8.429761075195E-02,9.438807794483E-02,0.104905638724,0.115820166915,
    0.1271004246,0.138714145282,0.1506281208,0.1628082925,0.175219847173
    ,0.187827318137,0.200594691796,0.213485519815,0.22646303689,
    0.239490283867,0.252530235719,0.265545933618,0.278500620098,
    0.291357876051,0.304081758111,0.316636934886,0.328988820492,
    0.341103703964,0.353090161194,0.364812648141,0.376197519167,
    0.38721480852,0.397836016232,0.408034235542,0.417784287292,
    0.427062868614,0.435848726665,0.444122873021,0.451868861729,
    0.459073165549,0.465725703577,0.471820604191,0.477357338614,
    0.482342444921,0.486792194201,0.490736722153,0.49422623504,
    0.4973393663,0.500191267412,0.502933737755,0.505676143618,
    0.508526386493,0.511632585991,0.515105416054,0.519019187057,
    0.523420263997,0.528335467762,0.533778262572,0.539752873742,
    0.546256953268,0.553283311049,0.560821057132,0.568856370053,
    0.577373023458,0.586352753065,0.595775516221,0.605619678387,
    0.615862149932,0.626478489749,0.637442987668,0.648728734495,
    0.660350032239,0.672380507178,0.684646833505,0.697115935464,
    0.709753854552,0.722525869195,0.73539661944,0.748330235365,
    0.761290467738,0.774240819394,0.787144675907,0.799965434253,
    0.812666628411,0.825212051079,0.837565870937,0.849692745131,
    0.86155792689,0.873127368371,0.884367818963,0.89524691945,
    0.905733292442,0.915796629611,0.925407776187,0.934538813214,
    0.943163137948,0.951255542705,0.958792292319,0.965751200209,
    0.972111702872,0.977854932419,0.982963786569,0.987422995334,
    0.991219183478,0.994340927712,0.996778807537,0.998525448648,
    0.999575557896,1.),.UNSPECIFIED.);
#962 = CARTESIAN_POINT('',(72.,4.32E-02,0.));
#963 = CARTESIAN_POINT('',(71.984221714961,2.623174440698E-02,0.));
#964 = CARTESIAN_POINT('',(71.923696633015,-1.218274920545E-02,0.));
#965 = CARTESIAN_POINT('',(71.760293358299,6.733077767122E-02,0.));
#966 = CARTESIAN_POINT('',(71.512524417189,9.328244997454E-02,0.));
#967 = CARTESIAN_POINT('',(71.157609566969,0.17765836874,0.));
#968 = CARTESIAN_POINT('',(70.706551334166,0.265612266985,0.));
#969 = CARTESIAN_POINT('',(70.156458687307,0.378693366691,0.));
#970 = CARTESIAN_POINT('',(69.510376771845,0.507691612558,0.));
#971 = CARTESIAN_POINT('',(68.769539766247,0.654499335452,0.));
#972 = CARTESIAN_POINT('',(67.936164468403,0.817011226542,0.));
#973 = CARTESIAN_POINT('',(67.012487343922,0.994320394971,0.));
#974 = CARTESIAN_POINT('',(66.001075595555,1.185025913379,0.));
#975 = CARTESIAN_POINT('',(64.904719943764,1.387795900227,0.));
#976 = CARTESIAN_POINT('',(63.726459691867,1.601210355375,0.));
#977 = CARTESIAN_POINT('',(62.469565504084,1.823826596577,0.));
#978 = CARTESIAN_POINT('',(61.137534111024,2.054174014452,0.));
#979 = CARTESIAN_POINT('',(59.734078408345,2.290767357714,0.));
#980 = CARTESIAN_POINT('',(58.263117956895,2.532111544605,0.));
#981 = CARTESIAN_POINT('',(56.728768440869,2.776706051106,0.));
#982 = CARTESIAN_POINT('',(55.13533056472,3.023046707263,0.));
#983 = CARTESIAN_POINT('',(53.487278312768,3.269625897995,0.));
#984 = CARTESIAN_POINT('',(51.789246662024,3.514931391247,0.));
#985 = CARTESIAN_POINT('',(50.046018792095,3.757444359741,0.));
#986 = CARTESIAN_POINT('',(48.262512847574,3.995637151547,0.));
#987 = CARTESIAN_POINT('',(46.44376830058,4.227971417123,0.));
#988 = CARTESIAN_POINT('',(44.594931956635,4.452897194186,0.));
#989 = CARTESIAN_POINT('',(42.721243640298,4.668853518835,0.));
#990 = CARTESIAN_POINT('',(40.82802159035,4.874271068255,0.));
#991 = CARTESIAN_POINT('',(38.920647587523,5.06757723267,0.));
#992 = CARTESIAN_POINT('',(37.004551833703,5.247203939495,0.));
#993 = CARTESIAN_POINT('',(35.085197592638,5.411598236145,0.));
#994 = CARTESIAN_POINT('',(33.168065619131,5.55923613728,0.));
#995 = CARTESIAN_POINT('',(31.258638334192,5.688637638146,0.));
#996 = CARTESIAN_POINT('',(29.362383966368,5.798389696803,0.));
#997 = CARTESIAN_POINT('',(27.484739924304,5.887150335506,0.));
#998 = CARTESIAN_POINT('',(25.631098208209,5.953730164934,0.));
#999 = CARTESIAN_POINT('',(23.806782721962,5.996895716649,0.));
#1000 = CARTESIAN_POINT('',(22.010091894409,6.016262315207,0.));
#1001 = CARTESIAN_POINT('',(20.244284666721,6.008912886959,0.));
#1002 = CARTESIAN_POINT('',(18.514956979868,5.965446857909,0.));
#1003 = CARTESIAN_POINT('',(16.834636840278,5.888113808741,0.));
#1004 = CARTESIAN_POINT('',(15.210590663863,5.77714453907,0.));
#1005 = CARTESIAN_POINT('',(13.647812736416,5.633647085709,0.));
#1006 = CARTESIAN_POINT('',(12.151082171681,5.458844263779,0.));
#1007 = CARTESIAN_POINT('',(10.724941257141,5.254261736029,0.));
#1008 = CARTESIAN_POINT('',(9.373673707815,5.021652437276,0.));
#1009 = CARTESIAN_POINT('',(8.101285073661,4.762980266356,0.));
#1010 = CARTESIAN_POINT('',(6.911484780904,4.48038155269,0.));
#1011 = CARTESIAN_POINT('',(5.807669717899,4.176125231313,0.));
#1012 = CARTESIAN_POINT('',(4.792908805104,3.852566790786,0.));
#1013 = CARTESIAN_POINT('',(3.869927685777,3.512096971921,0.));
#1014 = CARTESIAN_POINT('',(3.041092331994,3.157083399423,0.));
#1015 = CARTESIAN_POINT('',(2.308390850751,2.789800753784,0.));
#1016 = CARTESIAN_POINT('',(1.673415139218,2.412340106554,0.));
#1017 = CARTESIAN_POINT('',(1.137357047989,2.026476856156,0.));
#1018 = CARTESIAN_POINT('',(0.701064633603,1.633476661869,0.));
#1019 = CARTESIAN_POINT('',(0.365309135041,1.233836858307,0.));
#1020 = CARTESIAN_POINT('',(0.131468201859,0.827262199993,0.));
#1021 = CARTESIAN_POINT('',(2.610739939513E-03,0.413566537933,0.));
#1022 = CARTESIAN_POINT('',(-1.738517016726E-02,-1.394771597038E-03,0.)
  );
#1023 = CARTESIAN_POINT('',(6.829918958043E-02,-0.407775947084,0.));
#1024 = CARTESIAN_POINT('',(0.260163279901,-0.795684499761,0.));
#1025 = CARTESIAN_POINT('',(0.552677478468,-1.16056237707,0.));
#1026 = CARTESIAN_POINT('',(0.94223482932,-1.503746075605,0.));
#1027 = CARTESIAN_POINT('',(1.42693129528,-1.826544639829,0.));
#1028 = CARTESIAN_POINT('',(2.005382684217,-2.129588407527,0.));
#1029 = CARTESIAN_POINT('',(2.676096088126,-2.412959003937,0.));
#1030 = CARTESIAN_POINT('',(3.437272195287,-2.676464537771,0.));
#1031 = CARTESIAN_POINT('',(4.286793748968,-2.919814692745,0.));
#1032 = CARTESIAN_POINT('',(5.222258667982,-3.142725113897,0.));
#1033 = CARTESIAN_POINT('',(6.241017835581,-3.344978185654,0.));
#1034 = CARTESIAN_POINT('',(7.340206603373,-3.526462444201,0.));
#1035 = CARTESIAN_POINT('',(8.5167695597,-3.687200044661,0.));
#1036 = CARTESIAN_POINT('',(9.767479696412,-3.827366816078,0.));
#1037 = CARTESIAN_POINT('',(11.088953242726,-3.947306150594,0.));
#1038 = CARTESIAN_POINT('',(12.477661100695,-4.047538451046,0.));
#1039 = CARTESIAN_POINT('',(13.92993754996,-4.128761120489,0.));
#1040 = CARTESIAN_POINT('',(15.441986825862,-4.191859164571,0.));
#1041 = CARTESIAN_POINT('',(17.009887746114,-4.237846668392,0.));
#1042 = CARTESIAN_POINT('',(18.62959794615,-4.268053801604,0.));
#1043 = CARTESIAN_POINT('',(20.299040865283,-4.283345889857,0.));
#1044 = CARTESIAN_POINT('',(22.021096248957,-4.28707202398,0.));
#1045 = CARTESIAN_POINT('',(23.791437774365,-4.271576827279,0.));
#1046 = CARTESIAN_POINT('',(25.603275541446,-4.235908060803,0.));
#1047 = CARTESIAN_POINT('',(27.444603572539,-4.181768453595,0.));
#1048 = CARTESIAN_POINT('',(29.310279645288,-4.110292365638,0.));
#1049 = CARTESIAN_POINT('',(31.195090426146,-4.022857699733,0.));
#1050 = CARTESIAN_POINT('',(33.093761288318,-3.920848366804,0.));
#1051 = CARTESIAN_POINT('',(35.000971321861,-3.805689393895,0.));
#1052 = CARTESIAN_POINT('',(36.911367383716,-3.67880963187,0.));
#1053 = CARTESIAN_POINT('',(38.819578817645,-3.541627171072,0.));
#1054 = CARTESIAN_POINT('',(40.720232333618,-3.395532264355,0.));
#1055 = CARTESIAN_POINT('',(42.607967104931,-3.241875052125,0.));
#1056 = CARTESIAN_POINT('',(44.47744997845,-3.081956377888,0.));
#1057 = CARTESIAN_POINT('',(46.323390732583,-2.917022194364,0.));
#1058 = CARTESIAN_POINT('',(48.140557306602,-2.748261258569,0.));
#1059 = CARTESIAN_POINT('',(49.923790931247,-2.576805836658,0.));
#1060 = CARTESIAN_POINT('',(51.668021095523,-2.403734966215,0.));
#1061 = CARTESIAN_POINT('',(53.368280292221,-2.230079734248,0.));
#1062 = CARTESIAN_POINT('',(55.019718493165,-2.056829954088,0.));
#1063 = CARTESIAN_POINT('',(56.617617313285,-1.884941587949,0.));
#1064 = CARTESIAN_POINT('',(58.157403831731,-1.715344251079,0.));
#1065 = CARTESIAN_POINT('',(59.634664039927,-1.548948180758,0.));
#1066 = CARTESIAN_POINT('',(61.045155907475,-1.386650043945,0.));
#1067 = CARTESIAN_POINT('',(62.384822001187,-1.22933728181,0.));
#1068 = CARTESIAN_POINT('',(63.649801793049,-1.077889970978,0.));
#1069 = CARTESIAN_POINT('',(64.83644310017,-0.933182151163,0.));
#1070 = CARTESIAN_POINT('',(65.941314448473,-0.79607500775,0.));
#1071 = CARTESIAN_POINT('',(66.961212208529,-0.667427144719,0.));
#1072 = CARTESIAN_POINT('',(67.893182803223,-0.548038291829,0.));
#1073 = CARTESIAN_POINT('',(68.734493301065,-0.438801330191,0.));
#1074 = CARTESIAN_POINT('',(69.482764991227,-0.340178516421,0.));
#1075 = CARTESIAN_POINT('',(70.135592687438,-0.253792908359,0.));
#1076 = CARTESIAN_POINT('',(70.69173157278,-0.177556711613,0.));
#1077 = CARTESIAN_POINT('',(71.147661585336,-0.119844099973,0.));
#1078 = CARTESIAN_POINT('',(71.507124345386,-6.020478222092E-02,0.));
#1079 = CARTESIAN_POINT('',(71.756716317728,-4.994749829778E-02,0.));
#1080 = CARTESIAN_POINT('',(71.9248400037,1.63721775793E-02,0.));
#1081 = CARTESIAN_POINT('',(71.984408918449,-2.490967936307E-02,0.));
#1082 = CARTESIAN_POINT('',(72.,-4.32E-02,0.));
#1083 = PCURVE('',#33,#1084);
#1084 = DEFINITIONAL_REPRESENTATION('',(#1085),#1089);
#1085 = LINE('',#1086,#1087);
#1086 = CARTESIAN_POINT('',(0.,0.));
#1087 = VECTOR('',#1088,1.);
#1088 = DIRECTION('',(1.,0.));
#1089 = ( GEOMETRIC_REPRESENTATION_CONTEXT(2) 
PARAMETRIC_REPRESENTATION_CONTEXT() REPRESENTATION_CONTEXT('2D SPACE',''
  ) );
#1090 = PCURVE('',#1091,#1096);
#1091 = PLANE('',#1092);
#1092 = AXIS2_PLACEMENT_3D('',#1093,#1094,#1095);
#1093 = CARTESIAN_POINT('',(72.,4.32E-02,0.));
#1094 = DIRECTION('',(0.,0.,-1.));
#1095 = DIRECTION('',(-0.999985338877,5.414982084736E-03,0.));
#1096 = DEFINITIONAL_REPRESENTATION('',(#1097),#1219);
#1097 = B_SPLINE_CURVE_WITH_KNOTS('',3,(#1098,#1099,#1100,#1101,#1102,
    #1103,#1104,#1105,#1106,#1107,#1108,#1109,#1110,#1111,#1112,#1113,
    #1114,#1115,#1116,#1117,#1118,#1119,#1120,#1121,#1122,#1123,#1124,
    #1125,#1126,#1127,#1128,#1129,#1130,#1131,#1132,#1133,#1134,#1135,
    #1136,#1137,#1138,#1139,#1140,#1141,#1142,#1143,#1144,#1145,#1146,
    #1147,#1148,#1149,#1150,#1151,#1152,#1153,#1154,#1155,#1156,#1157,
    #1158,#1159,#1160,#1161,#1162,#1163,#1164,#1165,#1166,#1167,#1168,
    #1169,#1170,#1171,#1172,#1173,#1174,#1175,#1176,#1177,#1178,#1179,
    #1180,#1181,#1182,#1183,#1184,#1185,#1186,#1187,#1188,#1189,#1190,
    #1191,#1192,#1193,#1194,#1195,#1196,#1197,#1198,#1199,#1200,#1201,
    #1202,#1203,#1204,#1205,#1206,#1207,#1208,#1209,#1210,#1211,#1212,
    #1213,#1214,#1215,#1216,#1217,#1218),.UNSPECIFIED.,.F.,.F.,(4,1,1,1,
    1,1,1,1,1,1,1,1,1,1,1,1,1,1,1,1,1,1,1,1,1,1,1,1,1,1,1,1,1,1,1,1,1,1,
    1,1,1,1,1,1,1,1,1,1,1,1,1,1,1,1,1,1,1,1,1,1,1,1,1,1,1,1,1,1,1,1,1,1,
    1,1,1,1,1,1,1,1,1,1,1,1,1,1,1,1,1,1,1,1,1,1,1,1,1,1,1,1,1,1,1,1,1,1,
    1,1,1,1,1,1,1,1,1,1,1,1,4),(0.,4.078407677411E-04,1.457980549597E-03
    ,3.204753366262E-03,5.642985368529E-03,8.765465479536E-03,
    1.256297669321E-02,1.702433495068E-02,2.213643470887E-02,
    2.788430025551E-02,3.425114182613E-02,4.121841563833E-02,
    4.876588706683E-02,5.687169632928E-02,6.551242622383E-02,
    7.466317164093E-02,8.429761075195E-02,9.438807794483E-02,
    0.104905638724,0.115820166915,0.1271004246,0.138714145282,
    0.1506281208,0.1628082925,0.175219847173,0.187827318137,
    0.200594691796,0.213485519815,0.22646303689,0.239490283867,
    0.252530235719,0.265545933618,0.278500620098,0.291357876051,
    0.304081758111,0.316636934886,0.328988820492,0.341103703964,
    0.353090161194,0.364812648141,0.376197519167,0.38721480852,
    0.397836016232,0.408034235542,0.417784287292,0.427062868614,
    0.435848726665,0.444122873021,0.451868861729,0.459073165549,
    0.465725703577,0.471820604191,0.477357338614,0.482342444921,
    0.486792194201,0.490736722153,0.49422623504,0.4973393663,
    0.500191267412,0.502933737755,0.505676143618,0.508526386493,
    0.511632585991,0.515105416054,0.519019187057,0.523420263997,
    0.528335467762,0.533778262572,0.539752873742,0.546256953268,
    0.553283311049,0.560821057132,0.568856370053,0.577373023458,
    0.586352753065,0.595775516221,0.605619678387,0.615862149932,
    0.626478489749,0.637442987668,0.648728734495,0.660350032239,
    0.672380507178,0.684646833505,0.697115935464,0.709753854552,
    0.722525869195,0.73539661944,0.748330235365,0.761290467738,
    0.774240819394,0.787144675907,0.799965434253,0.812666628411,
    0.825212051079,0.837565870937,0.849692745131,0.86155792689,
    0.873127368371,0.884367818963,0.89524691945,0.905733292442,
    0.915796629611,0.925407776187,0.934538813214,0.943163137948,
    0.951255542705,0.958792292319,0.965751200209,0.972111702872,
    0.977854932419,0.982963786569,0.987422995334,0.991219183478,
    0.994340927712,0.996778807537,0.998525448648,0.999575557896,1.),
  .UNSPECIFIED.);
#1098 = CARTESIAN_POINT('',(0.,0.));
#1099 = CARTESIAN_POINT('',(1.568617091179E-02,-1.705344595016E-02));
#1100 = CARTESIAN_POINT('',(7.600235169693E-02,-5.579511859738E-02));
#1101 = CARTESIAN_POINT('',(0.239833795062,2.283241671652E-02));
#1102 = CARTESIAN_POINT('',(0.487739631441,4.744204416191E-02));
#1103 = CARTESIAN_POINT('',(0.843106172299,0.129894868326));
#1104 = CARTESIAN_POINT('',(1.294634060865,0.215405004818));
#1105 = CARTESIAN_POINT('',(1.845330974877,0.325505704801));
#1106 = CARTESIAN_POINT('',(2.492101941244,0.451003537411));
#1107 = CARTESIAN_POINT('',(3.233723046529,0.593797488826));
#1108 = CARTESIAN_POINT('',(4.067966125134,0.751794285001));
#1109 = CARTESIAN_POINT('',(4.992589833441,0.924099158798));
#1110 = CARTESIAN_POINT('',(6.005019420341,1.109325104751));
#1111 = CARTESIAN_POINT('',(7.102456994174,1.306155372551));
#1112 = CARTESIAN_POINT('',(8.281855606904,1.513186440647));
#1113 = CARTESIAN_POINT('',(9.539936830164,1.728993358536));
#1114 = CARTESIAN_POINT('',(10.873196021289,1.95212447313));
#1115 = CARTESIAN_POINT('',(12.277912296446,2.181114660181));
#1116 = CARTESIAN_POINT('',(13.750158056412,2.414490084204));
#1117 = CARTESIAN_POINT('',(15.285809552022,2.650772529533));
#1118 = CARTESIAN_POINT('',(16.880557996822,2.888481136507));
#1119 = CARTESIAN_POINT('',(18.529921308379,3.126132538692));
#1120 = CARTESIAN_POINT('',(20.229256388922,3.362239624522));
#1121 = CARTESIAN_POINT('',(21.973771904553,3.595309489818));
#1122 = CARTESIAN_POINT('',(23.758541510575,3.823841136713));
#1123 = CARTESIAN_POINT('',(25.578517478617,4.046323526869));
#1124 = CARTESIAN_POINT('',(27.428544685599,4.261234590588));
#1125 = CARTESIAN_POINT('',(29.303374931189,4.467041760408));
#1126 = CARTESIAN_POINT('',(31.197681556726,4.662204534694));
#1127 = CARTESIAN_POINT('',(33.106074344726,4.845179468969));
#1128 = CARTESIAN_POINT('',(35.023114681829,5.014427918086));
#1129 = CARTESIAN_POINT('',(36.943330975178,5.168426535701));
#1130 = CARTESIAN_POINT('',(38.861234297966,5.305681037008));
#1131 = CARTESIAN_POINT('',(40.771334295366,5.424741126163));
#1132 = CARTESIAN_POINT('',(42.668155167403,5.524223392302));
#1133 = CARTESIAN_POINT('',(44.546252318365,5.602815320825));
#1134 = CARTESIAN_POINT('',(46.400227386575,5.659356737433));
#1135 = CARTESIAN_POINT('',(48.224749866997,5.692643020617));
#1136 = CARTESIAN_POINT('',(50.021519222829,5.702280286596));
#1137 = CARTESIAN_POINT('',(51.787260764778,5.685369151596));
#1138 = CARTESIAN_POINT('',(53.516327729976,5.632539481364));
#1139 = CARTESIAN_POINT('',(55.19620447711,5.546108662533));
#1140 = CARTESIAN_POINT('',(56.819625946578,5.426346838846));
#1141 = CARTESIAN_POINT('',(58.381603925806,5.274389074839));
#1142 = CARTESIAN_POINT('',(59.877365992641,5.091484046521));
#1143 = CARTESIAN_POINT('',(61.302378187631,4.879181990679));
#1144 = CARTESIAN_POINT('',(62.652366350672,4.639259012667));
#1145 = CARTESIAN_POINT('',(63.923335625009,4.373700672513));
#1146 = CARTESIAN_POINT('',(65.111588206985,4.084663354792));
#1147 = CARTESIAN_POINT('',(66.213739544292,3.774434355364));
#1148 = CARTESIAN_POINT('',(67.226733516394,3.445385746404));
#1149 = CARTESIAN_POINT('',(68.147857465812,3.099922992982));
#1150 = CARTESIAN_POINT('',(68.974758275803,2.74042649679));
#1151 = CARTESIAN_POINT('',(69.705460185874,2.369181670533));
#1152 = CARTESIAN_POINT('',(70.338382645307,1.988288175198));
#1153 = CARTESIAN_POINT('',(70.872343434734,1.599527837028));
#1154 = CARTESIAN_POINT('',(71.306501363572,1.204170888957));
#1155 = CARTESIAN_POINT('',(71.640087897205,0.802718834554));
#1156 = CARTESIAN_POINT('',(71.871723807525,0.394883892618));
#1157 = CARTESIAN_POINT('',(71.998339225651,-1.950346504759E-02));
#1158 = CARTESIAN_POINT('',(72.016087834539,-0.434566968274));
#1159 = CARTESIAN_POINT('',(71.928204184235,-0.840478206483));
#1160 = CARTESIAN_POINT('',(71.734242388994,-1.227342131373));
#1161 = CARTESIAN_POINT('',(71.439756671845,-1.590630700019));
#1162 = CARTESIAN_POINT('',(71.048346698762,-1.931699921019));
#1163 = CARTESIAN_POINT('',(70.561909390554,-2.251869129974));
#1164 = CARTESIAN_POINT('',(69.981825505791,-2.551776150802));
#1165 = CARTESIAN_POINT('',(69.309587488591,-2.831510691615));
#1166 = CARTESIAN_POINT('',(68.546995663382,-3.090890607178));
#1167 = CARTESIAN_POINT('',(67.696168827911,-3.329637050372));
#1168 = CARTESIAN_POINT('',(66.759510567926,-3.547478677629));
#1169 = CARTESIAN_POINT('',(65.739671139721,-3.744212221488));
#1170 = CARTESIAN_POINT('',(64.639515753262,-3.919741731786));
#1171 = CARTESIAN_POINT('',(63.462099655441,-4.074105908323));
#1172 = CARTESIAN_POINT('',(62.210648854989,-4.207498051754));
#1173 = CARTESIAN_POINT('',(60.888545213613,-4.320279872246));
#1174 = CARTESIAN_POINT('',(59.49931495955,-4.412990875008));
#1175 = CARTESIAN_POINT('',(58.046619982989,-4.486348302681));
#1176 = CARTESIAN_POINT('',(56.534251200648,-4.541257701934));
#1177 = CARTESIAN_POINT('',(54.966124246075,-4.578754376133));
#1178 = CARTESIAN_POINT('',(53.346274221724,-4.600190364758));
#1179 = CARTESIAN_POINT('',(51.676772972115,-4.606442225314));
#1180 = CARTESIAN_POINT('',(49.954722658758,-4.600843405756));
#1181 = CARTESIAN_POINT('',(48.184490994757,-4.575762068588));
#1182 = CARTESIAN_POINT('',(46.372872936984,-4.530282756007));
#1183 = CARTESIAN_POINT('',(44.53186506683,-4.466173184246));
#1184 = CARTESIAN_POINT('',(42.666603388723,-4.384595541699));
#1185 = CARTESIAN_POINT('',(40.782293698458,-4.286955941073));
#1186 = CARTESIAN_POINT('',(38.884203051643,-4.174666835011));
#1187 = CARTESIAN_POINT('',(36.977644563716,-4.049182042299));
#1188 = CARTESIAN_POINT('',(35.067963562051,-3.911959380024));
#1189 = CARTESIAN_POINT('',(33.160522945212,-3.764445999746));
#1190 = CARTESIAN_POINT('',(31.260688396257,-3.608061230206));
#1191 = CARTESIAN_POINT('',(29.373813352306,-3.444184220796));
#1192 = CARTESIAN_POINT('',(27.505223844262,-3.274144674879));
#1193 = CARTESIAN_POINT('',(25.660203269341,-3.099217173363));
#1194 = CARTESIAN_POINT('',(23.843977174469,-2.920618787349));
#1195 = CARTESIAN_POINT('',(22.06169812207,-2.739509701037));
#1196 = CARTESIAN_POINT('',(20.31843070583,-2.556996392915));
#1197 = CARTESIAN_POINT('',(18.619136776811,-2.374136833839));
#1198 = CARTESIAN_POINT('',(16.968660932261,-2.191947085444));
#1199 = CARTESIAN_POINT('',(15.371716311555,-2.011408645898));
#1200 = CARTESIAN_POINT('',(13.832870734649,-1.833475879103));
#1201 = CARTESIAN_POINT('',(12.356533216487,-1.659082910773));
#1202 = CARTESIAN_POINT('',(10.946940869837,-1.48914936524));
#1203 = CARTESIAN_POINT('',(9.608146262923,-1.32458464159));
#1204 = CARTESIAN_POINT('',(8.34400510156,-1.166289708235));
#1205 = CARTESIAN_POINT('',(7.158164782185,-1.01515836858));
#1206 = CARTESIAN_POINT('',(6.054052065262,-0.872070376755));
#1207 = CARTESIAN_POINT('',(5.034865883927,-0.737901671747));
#1208 = CARTESIAN_POINT('',(4.103555441467,-0.613467965158));
#1209 = CARTESIAN_POINT('',(3.262848794372,-0.499676923783));
#1210 = CARTESIAN_POINT('',(2.515122115482,-0.397003678137));
#1211 = CARTESIAN_POINT('',(1.862771766979,-0.307084286305));
#1212 = CARTESIAN_POINT('',(1.307053852897,-0.227837725167));
#1213 = CARTESIAN_POINT('',(0.851443037545,-0.167657106809));
#1214 = CARTESIAN_POINT('',(0.49230849346,-0.10607217903));
#1215 = CARTESIAN_POINT('',(0.242775723426,-9.446350943187E-02));
#1216 = CARTESIAN_POINT('',(7.501362219273E-02,-2.723441912816E-02));
#1217 = CARTESIAN_POINT('',(1.522204027459E-02,-6.819310622597E-02));
#1218 = CARTESIAN_POINT('',(-4.678544521255E-04,-8.639873327898E-02));
#1219 = ( GEOMETRIC_REPRESENTATION_CONTEXT(2) 
PARAMETRIC_REPRESENTATION_CONTEXT() REPRESENTATION_CONTEXT('2D SPACE',''
  ) );
#1220 = ORIENTED_EDGE('',*,*,#1221,.T.);
#1221 = EDGE_CURVE('',#958,#1222,#1224,.T.);
#1222 = VERTEX_POINT('',#1223);
#1223 = CARTESIAN_POINT('',(15.3,-4.189490020863,10.));
#1224 = SURFACE_CURVE('',#1225,(#1233,#1244),.PCURVE_S1.);
#1225 = B_SPLINE_CURVE_WITH_KNOTS('',3,(#1226,#1227,#1228,#1229,#1230,
    #1231,#1232),.UNSPECIFIED.,.F.,.F.,(4,1,1,1,4),(0.,0.247499999873,
    0.494999999825,0.742499999854,1.),.UNSPECIFIED.);
#1226 = CARTESIAN_POINT('',(15.3,-4.183552852892,0.));
#1227 = CARTESIAN_POINT('',(15.3,-4.184041785732,0.825000000102));
#1228 = CARTESIAN_POINT('',(15.3,-4.18502008837,2.475000000307));
#1229 = CARTESIAN_POINT('',(15.3,-4.186488854054,4.950000000226));
#1230 = CARTESIAN_POINT('',(15.3,-4.187978731353,7.458333333603));
#1231 = CARTESIAN_POINT('',(15.3,-4.188979493923,9.141666666726));
#1232 = CARTESIAN_POINT('',(15.3,-4.189490020863,10.));
#1233 = PCURVE('',#33,#1234);
#1234 = DEFINITIONAL_REPRESENTATION('',(#1235),#1243);
#1235 = B_SPLINE_CURVE_WITH_KNOTS('',3,(#1236,#1237,#1238,#1239,#1240,
    #1241,#1242),.UNSPECIFIED.,.F.,.F.,(4,1,1,1,4),(0.,0.247499999873,
    0.494999999825,0.742499999854,1.),.UNSPECIFIED.);
#1236 = CARTESIAN_POINT('',(0.61502517104,0.));
#1237 = CARTESIAN_POINT('',(0.615019735641,3.666666667121E-03));
#1238 = CARTESIAN_POINT('',(0.615008863047,1.100000000137E-02));
#1239 = CARTESIAN_POINT('',(0.614992548759,2.2000000001E-02));
#1240 = CARTESIAN_POINT('',(0.614976009275,3.314814814935E-02));
#1241 = CARTESIAN_POINT('',(0.61496490592,4.062962962989E-02));
#1242 = CARTESIAN_POINT('',(0.614959243334,4.444444444444E-02));
#1243 = ( GEOMETRIC_REPRESENTATION_CONTEXT(2) 
PARAMETRIC_REPRESENTATION_CONTEXT() REPRESENTATION_CONTEXT('2D SPACE',''
  ) );
#1244 = PCURVE('',#941,#1245);
#1245 = DEFINITIONAL_REPRESENTATION('',(#1246),#1254);
#1246 = B_SPLINE_CURVE_WITH_KNOTS('',3,(#1247,#1248,#1249,#1250,#1251,
    #1252,#1253),.UNSPECIFIED.,.F.,.F.,(4,1,1,1,4),(0.,0.247499999873,
    0.494999999825,0.742499999854,1.),.UNSPECIFIED.);
#1247 = CARTESIAN_POINT('',(24.183552852892,-1.));
#1248 = CARTESIAN_POINT('',(24.184041785732,-1.825000000102));
#1249 = CARTESIAN_POINT('',(24.18502008837,-3.475000000307));
#1250 = CARTESIAN_POINT('',(24.186488854054,-5.950000000226));
#1251 = CARTESIAN_POINT('',(24.187978731353,-8.458333333603));
#1252 = CARTESIAN_POINT('',(24.188979493923,-10.14166666672));
#1253 = CARTESIAN_POINT('',(24.189490020863,-11.));
#1254 = ( GEOMETRIC_REPRESENTATION_CONTEXT(2) 
PARAMETRIC_REPRESENTATION_CONTEXT() REPRESENTATION_CONTEXT('2D SPACE',''
  ) );
#1255 = ORIENTED_EDGE('',*,*,#1256,.F.);
#1256 = EDGE_CURVE('',#1257,#1222,#1259,.T.);
#1257 = VERTEX_POINT('',#1258);
#1258 = CARTESIAN_POINT('',(20.7,-4.276976847578,10.));
#1259 = SURFACE_CURVE('',#1260,(#1287,#1317),.PCURVE_S1.);
#1260 = B_SPLINE_CURVE_WITH_KNOTS('',7,(#1261,#1262,#1263,#1264,#1265,
    #1266,#1267,#1268,#1269,#1270,#1271,#1272,#1273,#1274,#1275,#1276,
    #1277,#1278,#1279,#1280,#1281,#1282,#1283,#1284,#1285,#1286),
  .UNSPECIFIED.,.F.,.F.,(8,6,6,6,8),(0.,0.234342963278,0.423945476063,
    0.694806148445,1.),.UNSPECIFIED.);
#1261 = CARTESIAN_POINT('',(20.7,-4.276976847578,10.));
#1262 = CARTESIAN_POINT('',(20.517240480569,-4.27668435829,10.));
#1263 = CARTESIAN_POINT('',(20.334481257202,-4.27620759484,10.));
#1264 = CARTESIAN_POINT('',(20.151722433112,-4.275574675201,10.));
#1265 = CARTESIAN_POINT('',(19.968964220562,-4.274784642203,10.));
#1266 = CARTESIAN_POINT('',(19.786206884263,-4.273821650781,10.));
#1267 = CARTESIAN_POINT('',(19.603450684787,-4.272669155233,10.));
#1268 = CARTESIAN_POINT('',(19.272832277318,-4.270235834553,10.));
#1269 = CARTESIAN_POINT('',(19.124969765643,-4.269020786084,10.));
#1270 = CARTESIAN_POINT('',(18.97710841048,-4.267673061869,10.));
#1271 = CARTESIAN_POINT('',(18.8292483507,-4.266187274365,10.));
#1272 = CARTESIAN_POINT('',(18.681389740504,-4.264558537674,10.));
#1273 = CARTESIAN_POINT('',(18.533532749426,-4.262782467548,10.));
#1274 = CARTESIAN_POINT('',(18.174455913405,-4.258101916046,10.));
#1275 = CARTESIAN_POINT('',(17.963238101872,-4.255041477963,10.));
#1276 = CARTESIAN_POINT('',(17.75202490183,-4.251664786244,10.));
#1277 = CARTESIAN_POINT('',(17.54081706934,-4.247963272237,10.));
#1278 = CARTESIAN_POINT('',(17.329615357918,-4.243928464366,10.));
#1279 = CARTESIAN_POINT('',(17.118420534032,-4.239551572971,10.));
#1280 = CARTESIAN_POINT('',(16.669277042102,-4.229495212482,10.));
#1281 = CARTESIAN_POINT('',(16.444713044895,-4.224020475927,10.));
#1282 = CARTESIAN_POINT('',(16.217234062905,-4.218098699015,10.));
#1283 = CARTESIAN_POINT('',(15.98046492008,-4.211501030923,10.));
#1284 = CARTESIAN_POINT('',(15.73798149697,-4.204159951818,10.));
#1285 = CARTESIAN_POINT('',(15.503321026178,-4.196482741778,10.));
#1286 = CARTESIAN_POINT('',(15.3,-4.189490020863,10.));
#1287 = PCURVE('',#33,#1288);
#1288 = DEFINITIONAL_REPRESENTATION('',(#1289),#1316);
#1289 = B_SPLINE_CURVE_WITH_KNOTS('',7,(#1290,#1291,#1292,#1293,#1294,
    #1295,#1296,#1297,#1298,#1299,#1300,#1301,#1302,#1303,#1304,#1305,
    #1306,#1307,#1308,#1309,#1310,#1311,#1312,#1313,#1314,#1315),
  .UNSPECIFIED.,.F.,.F.,(8,6,6,6,8),(0.,0.234342963278,0.423945476063,
    0.694806148445,1.),.UNSPECIFIED.);
#1290 = CARTESIAN_POINT('',(0.651484778011,4.444444444444E-02));
#1291 = CARTESIAN_POINT('',(0.650248811594,4.444444444444E-02));
#1292 = CARTESIAN_POINT('',(0.649012846039,4.444444444444E-02));
#1293 = CARTESIAN_POINT('',(0.647776880086,4.444444444444E-02));
#1294 = CARTESIAN_POINT('',(0.646540913362,4.444444444444E-02));
#1295 = CARTESIAN_POINT('',(0.645304945891,4.444444444444E-02));
#1296 = CARTESIAN_POINT('',(0.644068977596,4.444444444444E-02));
#1297 = CARTESIAN_POINT('',(0.641833007755,4.444444444444E-02));
#1298 = CARTESIAN_POINT('',(0.640833007685,4.444444444444E-02));
#1299 = CARTESIAN_POINT('',(0.639833007697,4.444444444444E-02));
#1300 = CARTESIAN_POINT('',(0.63883300781,4.444444444444E-02));
#1301 = CARTESIAN_POINT('',(0.637833007967,4.444444444444E-02));
#1302 = CARTESIAN_POINT('',(0.636833008037,4.444444444444E-02));
#1303 = CARTESIAN_POINT('',(0.634404436381,4.444444444444E-02));
#1304 = CARTESIAN_POINT('',(0.632975864998,4.444444444444E-02));
#1305 = CARTESIAN_POINT('',(0.631547293531,4.444444444444E-02));
#1306 = CARTESIAN_POINT('',(0.630118722042,4.444444444444E-02));
#1307 = CARTESIAN_POINT('',(0.62869015064,4.444444444444E-02));
#1308 = CARTESIAN_POINT('',(0.627261579321,4.444444444444E-02));
#1309 = CARTESIAN_POINT('',(0.624223356485,4.444444444444E-02));
#1310 = CARTESIAN_POINT('',(0.622704230924,4.444444444444E-02));
#1311 = CARTESIAN_POINT('',(0.621165320438,4.444444444444E-02));
#1312 = CARTESIAN_POINT('',(0.619563486682,4.444444444444E-02));
#1313 = CARTESIAN_POINT('',(0.617922875874,4.444444444444E-02));
#1314 = CARTESIAN_POINT('',(0.616335071191,4.444444444444E-02));
#1315 = CARTESIAN_POINT('',(0.614959243339,4.444444444444E-02));
#1316 = ( GEOMETRIC_REPRESENTATION_CONTEXT(2) 
PARAMETRIC_REPRESENTATION_CONTEXT() REPRESENTATION_CONTEXT('2D SPACE',''
  ) );
#1317 = PCURVE('',#891,#1318);
#1318 = DEFINITIONAL_REPRESENTATION('',(#1319),#1346);
#1319 = B_SPLINE_CURVE_WITH_KNOTS('',7,(#1320,#1321,#1322,#1323,#1324,
    #1325,#1326,#1327,#1328,#1329,#1330,#1331,#1332,#1333,#1334,#1335,
    #1336,#1337,#1338,#1339,#1340,#1341,#1342,#1343,#1344,#1345),
  .UNSPECIFIED.,.F.,.F.,(8,6,6,6,8),(0.,0.234342963278,0.423945476063,
    0.694806148445,1.),.UNSPECIFIED.);
#1320 = CARTESIAN_POINT('',(2.7,-4.276976847578));
#1321 = CARTESIAN_POINT('',(2.517240480569,-4.27668435829));
#1322 = CARTESIAN_POINT('',(2.334481257202,-4.27620759484));
#1323 = CARTESIAN_POINT('',(2.151722433112,-4.275574675201));
#1324 = CARTESIAN_POINT('',(1.968964220562,-4.274784642203));
#1325 = CARTESIAN_POINT('',(1.786206884263,-4.273821650781));
#1326 = CARTESIAN_POINT('',(1.603450684787,-4.272669155233));
#1327 = CARTESIAN_POINT('',(1.272832277318,-4.270235834553));
#1328 = CARTESIAN_POINT('',(1.124969765643,-4.269020786084));
#1329 = CARTESIAN_POINT('',(0.97710841048,-4.267673061869));
#1330 = CARTESIAN_POINT('',(0.8292483507,-4.266187274365));
#1331 = CARTESIAN_POINT('',(0.681389740504,-4.264558537674));
#1332 = CARTESIAN_POINT('',(0.533532749426,-4.262782467548));
#1333 = CARTESIAN_POINT('',(0.174455913405,-4.258101916046));
#1334 = CARTESIAN_POINT('',(-3.67618981279E-02,-4.255041477963));
#1335 = CARTESIAN_POINT('',(-0.24797509817,-4.251664786244));
#1336 = CARTESIAN_POINT('',(-0.45918293066,-4.247963272237));
#1337 = CARTESIAN_POINT('',(-0.670384642082,-4.243928464366));
#1338 = CARTESIAN_POINT('',(-0.881579465968,-4.239551572971));
#1339 = CARTESIAN_POINT('',(-1.330722957898,-4.229495212482));
#1340 = CARTESIAN_POINT('',(-1.555286955105,-4.224020475927));
#1341 = CARTESIAN_POINT('',(-1.782765937095,-4.218098699015));
#1342 = CARTESIAN_POINT('',(-2.01953507992,-4.211501030923));
#1343 = CARTESIAN_POINT('',(-2.26201850303,-4.204159951818));
#1344 = CARTESIAN_POINT('',(-2.496678973822,-4.196482741778));
#1345 = CARTESIAN_POINT('',(-2.7,-4.189490020863));
#1346 = ( GEOMETRIC_REPRESENTATION_CONTEXT(2) 
PARAMETRIC_REPRESENTATION_CONTEXT() REPRESENTATION_CONTEXT('2D SPACE',''
  ) );
#1347 = ORIENTED_EDGE('',*,*,#1348,.F.);
#1348 = EDGE_CURVE('',#1349,#1257,#1351,.T.);
#1349 = VERTEX_POINT('',#1350);
#1350 = CARTESIAN_POINT('',(20.7,-4.283287325958,0.));
#1351 = SURFACE_CURVE('',#1352,(#1358,#1367),.PCURVE_S1.);
#1352 = B_SPLINE_CURVE_WITH_KNOTS('',4,(#1353,#1354,#1355,#1356,#1357),
  .UNSPECIFIED.,.F.,.F.,(5,5),(0.,1.),.PIECEWISE_BEZIER_KNOTS.);
#1353 = CARTESIAN_POINT('',(20.7,-4.283287325958,0.));
#1354 = CARTESIAN_POINT('',(20.7,-4.281706860851,2.499999998203));
#1355 = CARTESIAN_POINT('',(20.7,-4.280128294539,4.999999997607));
#1356 = CARTESIAN_POINT('',(20.7,-4.278551624338,7.499999998207));
#1357 = CARTESIAN_POINT('',(20.7,-4.276976847578,10.));
#1358 = PCURVE('',#33,#1359);
#1359 = DEFINITIONAL_REPRESENTATION('',(#1360),#1366);
#1360 = B_SPLINE_CURVE_WITH_KNOTS('',4,(#1361,#1362,#1363,#1364,#1365),
  .UNSPECIFIED.,.F.,.F.,(5,5),(0.,1.),.PIECEWISE_BEZIER_KNOTS.);
#1361 = CARTESIAN_POINT('',(0.651552137962,0.));
#1362 = CARTESIAN_POINT('',(0.651535285511,1.111111110313E-02));
#1363 = CARTESIAN_POINT('',(0.651518441396,2.222222221159E-02));
#1364 = CARTESIAN_POINT('',(0.651501605615,3.333333332536E-02));
#1365 = CARTESIAN_POINT('',(0.651484778104,4.444444444444E-02));
#1366 = ( GEOMETRIC_REPRESENTATION_CONTEXT(2) 
PARAMETRIC_REPRESENTATION_CONTEXT() REPRESENTATION_CONTEXT('2D SPACE',''
  ) );
#1367 = PCURVE('',#833,#1368);
#1368 = DEFINITIONAL_REPRESENTATION('',(#1369),#1375);
#1369 = B_SPLINE_CURVE_WITH_KNOTS('',4,(#1370,#1371,#1372,#1373,#1374),
  .UNSPECIFIED.,.F.,.F.,(5,5),(0.,1.),.PIECEWISE_BEZIER_KNOTS.);
#1370 = CARTESIAN_POINT('',(15.716712674042,-1.));
#1371 = CARTESIAN_POINT('',(15.718293139149,-3.499999998203));
#1372 = CARTESIAN_POINT('',(15.719871705461,-5.999999997607));
#1373 = CARTESIAN_POINT('',(15.721448375662,-8.499999998207));
#1374 = CARTESIAN_POINT('',(15.723023152422,-11.));
#1375 = ( GEOMETRIC_REPRESENTATION_CONTEXT(2) 
PARAMETRIC_REPRESENTATION_CONTEXT() REPRESENTATION_CONTEXT('2D SPACE',''
  ) );
#1376 = ORIENTED_EDGE('',*,*,#1377,.T.);
#1377 = EDGE_CURVE('',#1349,#1378,#1380,.T.);
#1378 = VERTEX_POINT('',#1379);
#1379 = CARTESIAN_POINT('',(72.,-4.32E-02,0.));
#1380 = SURFACE_CURVE('',#1381,(#1503,#1510),.PCURVE_S1.);
#1381 = B_SPLINE_CURVE_WITH_KNOTS('',3,(#1382,#1383,#1384,#1385,#1386,
    #1387,#1388,#1389,#1390,#1391,#1392,#1393,#1394,#1395,#1396,#1397,
    #1398,#1399,#1400,#1401,#1402,#1403,#1404,#1405,#1406,#1407,#1408,
    #1409,#1410,#1411,#1412,#1413,#1414,#1415,#1416,#1417,#1418,#1419,
    #1420,#1421,#1422,#1423,#1424,#1425,#1426,#1427,#1428,#1429,#1430,
    #1431,#1432,#1433,#1434,#1435,#1436,#1437,#1438,#1439,#1440,#1441,
    #1442,#1443,#1444,#1445,#1446,#1447,#1448,#1449,#1450,#1451,#1452,
    #1453,#1454,#1455,#1456,#1457,#1458,#1459,#1460,#1461,#1462,#1463,
    #1464,#1465,#1466,#1467,#1468,#1469,#1470,#1471,#1472,#1473,#1474,
    #1475,#1476,#1477,#1478,#1479,#1480,#1481,#1482,#1483,#1484,#1485,
    #1486,#1487,#1488,#1489,#1490,#1491,#1492,#1493,#1494,#1495,#1496,
    #1497,#1498,#1499,#1500,#1501,#1502),.UNSPECIFIED.,.F.,.F.,(4,1,1,1,
    1,1,1,1,1,1,1,1,1,1,1,1,1,1,1,1,1,1,1,1,1,1,1,1,1,1,1,1,1,1,1,1,1,1,
    1,1,1,1,1,1,1,1,1,1,1,1,1,1,1,1,1,1,1,1,1,1,1,1,1,1,1,1,1,1,1,1,1,1,
    1,1,1,1,1,1,1,1,1,1,1,1,1,1,1,1,1,1,1,1,1,1,1,1,1,1,1,1,1,1,1,1,1,1,
    1,1,1,1,1,1,1,1,1,1,1,1,4),(0.,4.078407677411E-04,1.457980549597E-03
    ,3.204753366262E-03,5.642985368529E-03,8.765465479536E-03,
    1.256297669321E-02,1.702433495068E-02,2.213643470887E-02,
    2.788430025551E-02,3.425114182613E-02,4.121841563833E-02,
    4.876588706683E-02,5.687169632928E-02,6.551242622383E-02,
    7.466317164093E-02,8.429761075195E-02,9.438807794483E-02,
    0.104905638724,0.115820166915,0.1271004246,0.138714145282,
    0.1506281208,0.1628082925,0.175219847173,0.187827318137,
    0.200594691796,0.213485519815,0.22646303689,0.239490283867,
    0.252530235719,0.265545933618,0.278500620098,0.291357876051,
    0.304081758111,0.316636934886,0.328988820492,0.341103703964,
    0.353090161194,0.364812648141,0.376197519167,0.38721480852,
    0.397836016232,0.408034235542,0.417784287292,0.427062868614,
    0.435848726665,0.444122873021,0.451868861729,0.459073165549,
    0.465725703577,0.471820604191,0.477357338614,0.482342444921,
    0.486792194201,0.490736722153,0.49422623504,0.4973393663,
    0.500191267412,0.502933737755,0.505676143618,0.508526386493,
    0.511632585991,0.515105416054,0.519019187057,0.523420263997,
    0.528335467762,0.533778262572,0.539752873742,0.546256953268,
    0.553283311049,0.560821057132,0.568856370053,0.577373023458,
    0.586352753065,0.595775516221,0.605619678387,0.615862149932,
    0.626478489749,0.637442987668,0.648728734495,0.660350032239,
    0.672380507178,0.684646833505,0.697115935464,0.709753854552,
    0.722525869195,0.73539661944,0.748330235365,0.761290467738,
    0.774240819394,0.787144675907,0.799965434253,0.812666628411,
    0.825212051079,0.837565870937,0.849692745131,0.86155792689,
    0.873127368371,0.884367818963,0.89524691945,0.905733292442,
    0.915796629611,0.925407776187,0.934538813214,0.943163137948,
    0.951255542705,0.958792292319,0.965751200209,0.972111702872,
    0.977854932419,0.982963786569,0.987422995334,0.991219183478,
    0.994340927712,0.996778807537,0.998525448648,0.999575557896,1.),
  .UNSPECIFIED.);
#1382 = CARTESIAN_POINT('',(72.,4.32E-02,0.));
#1383 = CARTESIAN_POINT('',(71.984221714961,2.623174440698E-02,0.));
#1384 = CARTESIAN_POINT('',(71.923696633015,-1.218274920545E-02,0.));
#1385 = CARTESIAN_POINT('',(71.760293358299,6.733077767122E-02,0.));
#1386 = CARTESIAN_POINT('',(71.512524417189,9.328244997454E-02,0.));
#1387 = CARTESIAN_POINT('',(71.157609566969,0.17765836874,0.));
#1388 = CARTESIAN_POINT('',(70.706551334166,0.265612266985,0.));
#1389 = CARTESIAN_POINT('',(70.156458687307,0.378693366691,0.));
#1390 = CARTESIAN_POINT('',(69.510376771845,0.507691612558,0.));
#1391 = CARTESIAN_POINT('',(68.769539766247,0.654499335452,0.));
#1392 = CARTESIAN_POINT('',(67.936164468403,0.817011226542,0.));
#1393 = CARTESIAN_POINT('',(67.012487343922,0.994320394971,0.));
#1394 = CARTESIAN_POINT('',(66.001075595555,1.185025913379,0.));
#1395 = CARTESIAN_POINT('',(64.904719943764,1.387795900227,0.));
#1396 = CARTESIAN_POINT('',(63.726459691867,1.601210355375,0.));
#1397 = CARTESIAN_POINT('',(62.469565504084,1.823826596577,0.));
#1398 = CARTESIAN_POINT('',(61.137534111024,2.054174014452,0.));
#1399 = CARTESIAN_POINT('',(59.734078408345,2.290767357714,0.));
#1400 = CARTESIAN_POINT('',(58.263117956895,2.532111544605,0.));
#1401 = CARTESIAN_POINT('',(56.728768440869,2.776706051106,0.));
#1402 = CARTESIAN_POINT('',(55.13533056472,3.023046707263,0.));
#1403 = CARTESIAN_POINT('',(53.487278312768,3.269625897995,0.));
#1404 = CARTESIAN_POINT('',(51.789246662024,3.514931391247,0.));
#1405 = CARTESIAN_POINT('',(50.046018792095,3.757444359741,0.));
#1406 = CARTESIAN_POINT('',(48.262512847574,3.995637151547,0.));
#1407 = CARTESIAN_POINT('',(46.44376830058,4.227971417123,0.));
#1408 = CARTESIAN_POINT('',(44.594931956635,4.452897194186,0.));
#1409 = CARTESIAN_POINT('',(42.721243640298,4.668853518835,0.));
#1410 = CARTESIAN_POINT('',(40.82802159035,4.874271068255,0.));
#1411 = CARTESIAN_POINT('',(38.920647587523,5.06757723267,0.));
#1412 = CARTESIAN_POINT('',(37.004551833703,5.247203939495,0.));
#1413 = CARTESIAN_POINT('',(35.085197592638,5.411598236145,0.));
#1414 = CARTESIAN_POINT('',(33.168065619131,5.55923613728,0.));
#1415 = CARTESIAN_POINT('',(31.258638334192,5.688637638146,0.));
#1416 = CARTESIAN_POINT('',(29.362383966368,5.798389696803,0.));
#1417 = CARTESIAN_POINT('',(27.484739924304,5.887150335506,0.));
#1418 = CARTESIAN_POINT('',(25.631098208209,5.953730164934,0.));
#1419 = CARTESIAN_POINT('',(23.806782721962,5.996895716649,0.));
#1420 = CARTESIAN_POINT('',(22.010091894409,6.016262315207,0.));
#1421 = CARTESIAN_POINT('',(20.244284666721,6.008912886959,0.));
#1422 = CARTESIAN_POINT('',(18.514956979868,5.965446857909,0.));
#1423 = CARTESIAN_POINT('',(16.834636840278,5.888113808741,0.));
#1424 = CARTESIAN_POINT('',(15.210590663863,5.77714453907,0.));
#1425 = CARTESIAN_POINT('',(13.647812736416,5.633647085709,0.));
#1426 = CARTESIAN_POINT('',(12.151082171681,5.458844263779,0.));
#1427 = CARTESIAN_POINT('',(10.724941257141,5.254261736029,0.));
#1428 = CARTESIAN_POINT('',(9.373673707815,5.021652437276,0.));
#1429 = CARTESIAN_POINT('',(8.101285073661,4.762980266356,0.));
#1430 = CARTESIAN_POINT('',(6.911484780904,4.48038155269,0.));
#1431 = CARTESIAN_POINT('',(5.807669717899,4.176125231313,0.));
#1432 = CARTESIAN_POINT('',(4.792908805104,3.852566790786,0.));
#1433 = CARTESIAN_POINT('',(3.869927685777,3.512096971921,0.));
#1434 = CARTESIAN_POINT('',(3.041092331994,3.157083399423,0.));
#1435 = CARTESIAN_POINT('',(2.308390850751,2.789800753784,0.));
#1436 = CARTESIAN_POINT('',(1.673415139218,2.412340106554,0.));
#1437 = CARTESIAN_POINT('',(1.137357047989,2.026476856156,0.));
#1438 = CARTESIAN_POINT('',(0.701064633603,1.633476661869,0.));
#1439 = CARTESIAN_POINT('',(0.365309135041,1.233836858307,0.));
#1440 = CARTESIAN_POINT('',(0.131468201859,0.827262199993,0.));
#1441 = CARTESIAN_POINT('',(2.610739939513E-03,0.413566537933,0.));
#1442 = CARTESIAN_POINT('',(-1.738517016726E-02,-1.394771597038E-03,0.)
  );
#1443 = CARTESIAN_POINT('',(6.829918958043E-02,-0.407775947084,0.));
#1444 = CARTESIAN_POINT('',(0.260163279901,-0.795684499761,0.));
#1445 = CARTESIAN_POINT('',(0.552677478468,-1.16056237707,0.));
#1446 = CARTESIAN_POINT('',(0.94223482932,-1.503746075605,0.));
#1447 = CARTESIAN_POINT('',(1.42693129528,-1.826544639829,0.));
#1448 = CARTESIAN_POINT('',(2.005382684217,-2.129588407527,0.));
#1449 = CARTESIAN_POINT('',(2.676096088126,-2.412959003937,0.));
#1450 = CARTESIAN_POINT('',(3.437272195287,-2.676464537771,0.));
#1451 = CARTESIAN_POINT('',(4.286793748968,-2.919814692745,0.));
#1452 = CARTESIAN_POINT('',(5.222258667982,-3.142725113897,0.));
#1453 = CARTESIAN_POINT('',(6.241017835581,-3.344978185654,0.));
#1454 = CARTESIAN_POINT('',(7.340206603373,-3.526462444201,0.));
#1455 = CARTESIAN_POINT('',(8.5167695597,-3.687200044661,0.));
#1456 = CARTESIAN_POINT('',(9.767479696412,-3.827366816078,0.));
#1457 = CARTESIAN_POINT('',(11.088953242726,-3.947306150594,0.));
#1458 = CARTESIAN_POINT('',(12.477661100695,-4.047538451046,0.));
#1459 = CARTESIAN_POINT('',(13.92993754996,-4.128761120489,0.));
#1460 = CARTESIAN_POINT('',(15.441986825862,-4.191859164571,0.));
#1461 = CARTESIAN_POINT('',(17.009887746114,-4.237846668392,0.));
#1462 = CARTESIAN_POINT('',(18.62959794615,-4.268053801604,0.));
#1463 = CARTESIAN_POINT('',(20.299040865283,-4.283345889857,0.));
#1464 = CARTESIAN_POINT('',(22.021096248957,-4.28707202398,0.));
#1465 = CARTESIAN_POINT('',(23.791437774365,-4.271576827279,0.));
#1466 = CARTESIAN_POINT('',(25.603275541446,-4.235908060803,0.));
#1467 = CARTESIAN_POINT('',(27.444603572539,-4.181768453595,0.));
#1468 = CARTESIAN_POINT('',(29.310279645288,-4.110292365638,0.));
#1469 = CARTESIAN_POINT('',(31.195090426146,-4.022857699733,0.));
#1470 = CARTESIAN_POINT('',(33.093761288318,-3.920848366804,0.));
#1471 = CARTESIAN_POINT('',(35.000971321861,-3.805689393895,0.));
#1472 = CARTESIAN_POINT('',(36.911367383716,-3.67880963187,0.));
#1473 = CARTESIAN_POINT('',(38.819578817645,-3.541627171072,0.));
#1474 = CARTESIAN_POINT('',(40.720232333618,-3.395532264355,0.));
#1475 = CARTESIAN_POINT('',(42.607967104931,-3.241875052125,0.));
#1476 = CARTESIAN_POINT('',(44.47744997845,-3.081956377888,0.));
#1477 = CARTESIAN_POINT('',(46.323390732583,-2.917022194364,0.));
#1478 = CARTESIAN_POINT('',(48.140557306602,-2.748261258569,0.));
#1479 = CARTESIAN_POINT('',(49.923790931247,-2.576805836658,0.));
#1480 = CARTESIAN_POINT('',(51.668021095523,-2.403734966215,0.));
#1481 = CARTESIAN_POINT('',(53.368280292221,-2.230079734248,0.));
#1482 = CARTESIAN_POINT('',(55.019718493165,-2.056829954088,0.));
#1483 = CARTESIAN_POINT('',(56.617617313285,-1.884941587949,0.));
#1484 = CARTESIAN_POINT('',(58.157403831731,-1.715344251079,0.));
#1485 = CARTESIAN_POINT('',(59.634664039927,-1.548948180758,0.));
#1486 = CARTESIAN_POINT('',(61.045155907475,-1.386650043945,0.));
#1487 = CARTESIAN_POINT('',(62.384822001187,-1.22933728181,0.));
#1488 = CARTESIAN_POINT('',(63.649801793049,-1.077889970978,0.));
#1489 = CARTESIAN_POINT('',(64.83644310017,-0.933182151163,0.));
#1490 = CARTESIAN_POINT('',(65.941314448473,-0.79607500775,0.));
#1491 = CARTESIAN_POINT('',(66.961212208529,-0.667427144719,0.));
#1492 = CARTESIAN_POINT('',(67.893182803223,-0.548038291829,0.));
#1493 = CARTESIAN_POINT('',(68.734493301065,-0.438801330191,0.));
#1494 = CARTESIAN_POINT('',(69.482764991227,-0.340178516421,0.));
#1495 = CARTESIAN_POINT('',(70.135592687438,-0.253792908359,0.));
#1496 = CARTESIAN_POINT('',(70.69173157278,-0.177556711613,0.));
#1497 = CARTESIAN_POINT('',(71.147661585336,-0.119844099973,0.));
#1498 = CARTESIAN_POINT('',(71.507124345386,-6.020478222092E-02,0.));
#1499 = CARTESIAN_POINT('',(71.756716317728,-4.994749829778E-02,0.));
#1500 = CARTESIAN_POINT('',(71.9248400037,1.63721775793E-02,0.));
#1501 = CARTESIAN_POINT('',(71.984408918449,-2.490967936307E-02,0.));
#1502 = CARTESIAN_POINT('',(72.,-4.32E-02,0.));
#1503 = PCURVE('',#33,#1504);
#1504 = DEFINITIONAL_REPRESENTATION('',(#1505),#1509);
#1505 = LINE('',#1506,#1507);
#1506 = CARTESIAN_POINT('',(0.,0.));
#1507 = VECTOR('',#1508,1.);
#1508 = DIRECTION('',(1.,0.));
#1509 = ( GEOMETRIC_REPRESENTATION_CONTEXT(2) 
PARAMETRIC_REPRESENTATION_CONTEXT() REPRESENTATION_CONTEXT('2D SPACE',''
  ) );
#1510 = PCURVE('',#683,#1511);
#1511 = DEFINITIONAL_REPRESENTATION('',(#1512),#1634);
#1512 = B_SPLINE_CURVE_WITH_KNOTS('',3,(#1513,#1514,#1515,#1516,#1517,
    #1518,#1519,#1520,#1521,#1522,#1523,#1524,#1525,#1526,#1527,#1528,
    #1529,#1530,#1531,#1532,#1533,#1534,#1535,#1536,#1537,#1538,#1539,
    #1540,#1541,#1542,#1543,#1544,#1545,#1546,#1547,#1548,#1549,#1550,
    #1551,#1552,#1553,#1554,#1555,#1556,#1557,#1558,#1559,#1560,#1561,
    #1562,#1563,#1564,#1565,#1566,#1567,#1568,#1569,#1570,#1571,#1572,
    #1573,#1574,#1575,#1576,#1577,#1578,#1579,#1580,#1581,#1582,#1583,
    #1584,#1585,#1586,#1587,#1588,#1589,#1590,#1591,#1592,#1593,#1594,
    #1595,#1596,#1597,#1598,#1599,#1600,#1601,#1602,#1603,#1604,#1605,
    #1606,#1607,#1608,#1609,#1610,#1611,#1612,#1613,#1614,#1615,#1616,
    #1617,#1618,#1619,#1620,#1621,#1622,#1623,#1624,#1625,#1626,#1627,
    #1628,#1629,#1630,#1631,#1632,#1633),.UNSPECIFIED.,.F.,.F.,(4,1,1,1,
    1,1,1,1,1,1,1,1,1,1,1,1,1,1,1,1,1,1,1,1,1,1,1,1,1,1,1,1,1,1,1,1,1,1,
    1,1,1,1,1,1,1,1,1,1,1,1,1,1,1,1,1,1,1,1,1,1,1,1,1,1,1,1,1,1,1,1,1,1,
    1,1,1,1,1,1,1,1,1,1,1,1,1,1,1,1,1,1,1,1,1,1,1,1,1,1,1,1,1,1,1,1,1,1,
    1,1,1,1,1,1,1,1,1,1,1,1,4),(0.,4.078407677411E-04,1.457980549597E-03
    ,3.204753366262E-03,5.642985368529E-03,8.765465479536E-03,
    1.256297669321E-02,1.702433495068E-02,2.213643470887E-02,
    2.788430025551E-02,3.425114182613E-02,4.121841563833E-02,
    4.876588706683E-02,5.687169632928E-02,6.551242622383E-02,
    7.466317164093E-02,8.429761075195E-02,9.438807794483E-02,
    0.104905638724,0.115820166915,0.1271004246,0.138714145282,
    0.1506281208,0.1628082925,0.175219847173,0.187827318137,
    0.200594691796,0.213485519815,0.22646303689,0.239490283867,
    0.252530235719,0.265545933618,0.278500620098,0.291357876051,
    0.304081758111,0.316636934886,0.328988820492,0.341103703964,
    0.353090161194,0.364812648141,0.376197519167,0.38721480852,
    0.397836016232,0.408034235542,0.417784287292,0.427062868614,
    0.435848726665,0.444122873021,0.451868861729,0.459073165549,
    0.465725703577,0.471820604191,0.477357338614,0.482342444921,
    0.486792194201,0.490736722153,0.49422623504,0.4973393663,
    0.500191267412,0.502933737755,0.505676143618,0.508526386493,
    0.511632585991,0.515105416054,0.519019187057,0.523420263997,
    0.528335467762,0.533778262572,0.539752873742,0.546256953268,
    0.553283311049,0.560821057132,0.568856370053,0.577373023458,
    0.586352753065,0.595775516221,0.605619678387,0.615862149932,
    0.626478489749,0.637442987668,0.648728734495,0.660350032239,
    0.672380507178,0.684646833505,0.697115935464,0.709753854552,
    0.722525869195,0.73539661944,0.748330235365,0.761290467738,
    0.774240819394,0.787144675907,0.799965434253,0.812666628411,
    0.825212051079,0.837565870937,0.849692745131,0.86155792689,
    0.873127368371,0.884367818963,0.89524691945,0.905733292442,
    0.915796629611,0.925407776187,0.934538813214,0.943163137948,
    0.951255542705,0.958792292319,0.965751200209,0.972111702872,
    0.977854932419,0.982963786569,0.987422995334,0.991219183478,
    0.994340927712,0.996778807537,0.998525448648,0.999575557896,1.),
  .UNSPECIFIED.);
#1513 = CARTESIAN_POINT('',(0.,0.));
#1514 = CARTESIAN_POINT('',(1.568617091179E-02,-1.705344595016E-02));
#1515 = CARTESIAN_POINT('',(7.600235169693E-02,-5.579511859738E-02));
#1516 = CARTESIAN_POINT('',(0.239833795062,2.283241671652E-02));
#1517 = CARTESIAN_POINT('',(0.487739631441,4.744204416191E-02));
#1518 = CARTESIAN_POINT('',(0.843106172299,0.129894868326));
#1519 = CARTESIAN_POINT('',(1.294634060865,0.215405004818));
#1520 = CARTESIAN_POINT('',(1.845330974877,0.325505704801));
#1521 = CARTESIAN_POINT('',(2.492101941244,0.451003537411));
#1522 = CARTESIAN_POINT('',(3.233723046529,0.593797488826));
#1523 = CARTESIAN_POINT('',(4.067966125134,0.751794285001));
#1524 = CARTESIAN_POINT('',(4.992589833441,0.924099158798));
#1525 = CARTESIAN_POINT('',(6.005019420341,1.109325104751));
#1526 = CARTESIAN_POINT('',(7.102456994174,1.306155372551));
#1527 = CARTESIAN_POINT('',(8.281855606904,1.513186440647));
#1528 = CARTESIAN_POINT('',(9.539936830164,1.728993358536));
#1529 = CARTESIAN_POINT('',(10.873196021289,1.95212447313));
#1530 = CARTESIAN_POINT('',(12.277912296446,2.181114660181));
#1531 = CARTESIAN_POINT('',(13.750158056412,2.414490084204));
#1532 = CARTESIAN_POINT('',(15.285809552022,2.650772529533));
#1533 = CARTESIAN_POINT('',(16.880557996822,2.888481136507));
#1534 = CARTESIAN_POINT('',(18.529921308379,3.126132538692));
#1535 = CARTESIAN_POINT('',(20.229256388922,3.362239624522));
#1536 = CARTESIAN_POINT('',(21.973771904553,3.595309489818));
#1537 = CARTESIAN_POINT('',(23.758541510575,3.823841136713));
#1538 = CARTESIAN_POINT('',(25.578517478617,4.046323526869));
#1539 = CARTESIAN_POINT('',(27.428544685599,4.261234590588));
#1540 = CARTESIAN_POINT('',(29.303374931189,4.467041760408));
#1541 = CARTESIAN_POINT('',(31.197681556726,4.662204534694));
#1542 = CARTESIAN_POINT('',(33.106074344726,4.845179468969));
#1543 = CARTESIAN_POINT('',(35.023114681829,5.014427918086));
#1544 = CARTESIAN_POINT('',(36.943330975178,5.168426535701));
#1545 = CARTESIAN_POINT('',(38.861234297966,5.305681037008));
#1546 = CARTESIAN_POINT('',(40.771334295366,5.424741126163));
#1547 = CARTESIAN_POINT('',(42.668155167403,5.524223392302));
#1548 = CARTESIAN_POINT('',(44.546252318365,5.602815320825));
#1549 = CARTESIAN_POINT('',(46.400227386575,5.659356737433));
#1550 = CARTESIAN_POINT('',(48.224749866997,5.692643020617));
#1551 = CARTESIAN_POINT('',(50.021519222829,5.702280286596));
#1552 = CARTESIAN_POINT('',(51.787260764778,5.685369151596));
#1553 = CARTESIAN_POINT('',(53.516327729976,5.632539481364));
#1554 = CARTESIAN_POINT('',(55.19620447711,5.546108662533));
#1555 = CARTESIAN_POINT('',(56.819625946578,5.426346838846));
#1556 = CARTESIAN_POINT('',(58.381603925806,5.274389074839));
#1557 = CARTESIAN_POINT('',(59.877365992641,5.091484046521));
#1558 = CARTESIAN_POINT('',(61.302378187631,4.879181990679));
#1559 = CARTESIAN_POINT('',(62.652366350672,4.639259012667));
#1560 = CARTESIAN_POINT('',(63.923335625009,4.373700672513));
#1561 = CARTESIAN_POINT('',(65.111588206985,4.084663354792));
#1562 = CARTESIAN_POINT('',(66.213739544292,3.774434355364));
#1563 = CARTESIAN_POINT('',(67.226733516394,3.445385746404));
#1564 = CARTESIAN_POINT('',(68.147857465812,3.099922992982));
#1565 = CARTESIAN_POINT('',(68.974758275803,2.74042649679));
#1566 = CARTESIAN_POINT('',(69.705460185874,2.369181670533));
#1567 = CARTESIAN_POINT('',(70.338382645307,1.988288175198));
#1568 = CARTESIAN_POINT('',(70.872343434734,1.599527837028));
#1569 = CARTESIAN_POINT('',(71.306501363572,1.204170888957));
#1570 = CARTESIAN_POINT('',(71.640087897205,0.802718834554));
#1571 = CARTESIAN_POINT('',(71.871723807525,0.394883892618));
#1572 = CARTESIAN_POINT('',(71.998339225651,-1.950346504759E-02));
#1573 = CARTESIAN_POINT('',(72.016087834539,-0.434566968274));
#1574 = CARTESIAN_POINT('',(71.928204184235,-0.840478206483));
#1575 = CARTESIAN_POINT('',(71.734242388994,-1.227342131373));
#1576 = CARTESIAN_POINT('',(71.439756671845,-1.590630700019));
#1577 = CARTESIAN_POINT('',(71.048346698762,-1.931699921019));
#1578 = CARTESIAN_POINT('',(70.561909390554,-2.251869129974));
#1579 = CARTESIAN_POINT('',(69.981825505791,-2.551776150802));
#1580 = CARTESIAN_POINT('',(69.309587488591,-2.831510691615));
#1581 = CARTESIAN_POINT('',(68.546995663382,-3.090890607178));
#1582 = CARTESIAN_POINT('',(67.696168827911,-3.329637050372));
#1583 = CARTESIAN_POINT('',(66.759510567926,-3.547478677629));
#1584 = CARTESIAN_POINT('',(65.739671139721,-3.744212221488));
#1585 = CARTESIAN_POINT('',(64.639515753262,-3.919741731786));
#1586 = CARTESIAN_POINT('',(63.462099655441,-4.074105908323));
#1587 = CARTESIAN_POINT('',(62.210648854989,-4.207498051754));
#1588 = CARTESIAN_POINT('',(60.888545213613,-4.320279872246));
#1589 = CARTESIAN_POINT('',(59.49931495955,-4.412990875008));
#1590 = CARTESIAN_POINT('',(58.046619982989,-4.486348302681));
#1591 = CARTESIAN_POINT('',(56.534251200648,-4.541257701934));
#1592 = CARTESIAN_POINT('',(54.966124246075,-4.578754376133));
#1593 = CARTESIAN_POINT('',(53.346274221724,-4.600190364758));
#1594 = CARTESIAN_POINT('',(51.676772972115,-4.606442225314));
#1595 = CARTESIAN_POINT('',(49.954722658758,-4.600843405756));
#1596 = CARTESIAN_POINT('',(48.184490994757,-4.575762068588));
#1597 = CARTESIAN_POINT('',(46.372872936984,-4.530282756007));
#1598 = CARTESIAN_POINT('',(44.53186506683,-4.466173184246));
#1599 = CARTESIAN_POINT('',(42.666603388723,-4.384595541699));
#1600 = CARTESIAN_POINT('',(40.782293698458,-4.286955941073));
#1601 = CARTESIAN_POINT('',(38.884203051643,-4.174666835011));
#1602 = CARTESIAN_POINT('',(36.977644563716,-4.049182042299));
#1603 = CARTESIAN_POINT('',(35.067963562051,-3.911959380024));
#1604 = CARTESIAN_POINT('',(33.160522945212,-3.764445999746));
#1605 = CARTESIAN_POINT('',(31.260688396257,-3.608061230206));
#1606 = CARTESIAN_POINT('',(29.373813352306,-3.444184220796));
#1607 = CARTESIAN_POINT('',(27.505223844262,-3.274144674879));
#1608 = CARTESIAN_POINT('',(25.660203269341,-3.099217173363));
#1609 = CARTESIAN_POINT('',(23.843977174469,-2.920618787349));
#1610 = CARTESIAN_POINT('',(22.06169812207,-2.739509701037));
#1611 = CARTESIAN_POINT('',(20.31843070583,-2.556996392915));
#1612 = CARTESIAN_POINT('',(18.619136776811,-2.374136833839));
#1613 = CARTESIAN_POINT('',(16.968660932261,-2.191947085444));
#1614 = CARTESIAN_POINT('',(15.371716311555,-2.011408645898));
#1615 = CARTESIAN_POINT('',(13.832870734649,-1.833475879103));
#1616 = CARTESIAN_POINT('',(12.356533216487,-1.659082910773));
#1617 = CARTESIAN_POINT('',(10.946940869837,-1.48914936524));
#1618 = CARTESIAN_POINT('',(9.608146262923,-1.32458464159));
#1619 = CARTESIAN_POINT('',(8.34400510156,-1.166289708235));
#1620 = CARTESIAN_POINT('',(7.158164782185,-1.01515836858));
#1621 = CARTESIAN_POINT('',(6.054052065262,-0.872070376755));
#1622 = CARTESIAN_POINT('',(5.034865883927,-0.737901671747));
#1623 = CARTESIAN_POINT('',(4.103555441467,-0.613467965158));
#1624 = CARTESIAN_POINT('',(3.262848794372,-0.499676923783));
#1625 = CARTESIAN_POINT('',(2.515122115482,-0.397003678137));
#1626 = CARTESIAN_POINT('',(1.862771766979,-0.307084286305));
#1627 = CARTESIAN_POINT('',(1.307053852897,-0.227837725167));
#1628 = CARTESIAN_POINT('',(0.851443037545,-0.167657106809));
#1629 = CARTESIAN_POINT('',(0.49230849346,-0.10607217903));
#1630 = CARTESIAN_POINT('',(0.242775723426,-9.446350943187E-02));
#1631 = CARTESIAN_POINT('',(7.501362219273E-02,-2.723441912816E-02));
#1632 = CARTESIAN_POINT('',(1.522204027459E-02,-6.819310622597E-02));
#1633 = CARTESIAN_POINT('',(-4.678544521255E-04,-8.639873327898E-02));
#1634 = ( GEOMETRIC_REPRESENTATION_CONTEXT(2) 
PARAMETRIC_REPRESENTATION_CONTEXT() REPRESENTATION_CONTEXT('2D SPACE',''
  ) );
#1635 = ORIENTED_EDGE('',*,*,#1636,.T.);
#1636 = EDGE_CURVE('',#1378,#1637,#1639,.T.);
#1637 = VERTEX_POINT('',#1638);
#1638 = CARTESIAN_POINT('',(71.928255790057,2.783000841218,225.));
#1639 = SURFACE_CURVE('',#1640,(#1645,#1652),.PCURVE_S1.);
#1640 = ( BOUNDED_CURVE() B_SPLINE_CURVE(3,(#1641,#1642,#1643,#1644),
.UNSPECIFIED.,.F.,.F.) B_SPLINE_CURVE_WITH_KNOTS((4,4),(0.,1.),
.PIECEWISE_BEZIER_KNOTS.) CURVE() GEOMETRIC_REPRESENTATION_ITEM() 
RATIONAL_B_SPLINE_CURVE((1.,1.,1.,1.)) REPRESENTATION_ITEM('') );
#1641 = CARTESIAN_POINT('',(72.,-4.32E-02,0.));
#1642 = CARTESIAN_POINT('',(72.000755204678,0.899277821573,75.));
#1643 = CARTESIAN_POINT('',(71.976829539982,1.841775254384,150.));
#1644 = CARTESIAN_POINT('',(71.928255790057,2.783000841218,225.));
#1645 = PCURVE('',#33,#1646);
#1646 = DEFINITIONAL_REPRESENTATION('',(#1647),#1651);
#1647 = LINE('',#1648,#1649);
#1648 = CARTESIAN_POINT('',(1.,0.));
#1649 = VECTOR('',#1650,1.);
#1650 = DIRECTION('',(0.,1.));
#1651 = ( GEOMETRIC_REPRESENTATION_CONTEXT(2) 
PARAMETRIC_REPRESENTATION_CONTEXT() REPRESENTATION_CONTEXT('2D SPACE',''
  ) );
#1652 = PCURVE('',#525,#1653);
#1653 = DEFINITIONAL_REPRESENTATION('',(#1654),#1658);
#1654 = LINE('',#1655,#1656);
#1655 = CARTESIAN_POINT('',(1.,0.));
#1656 = VECTOR('',#1657,1.);
#1657 = DIRECTION('',(0.,1.));
#1658 = ( GEOMETRIC_REPRESENTATION_CONTEXT(2) 
PARAMETRIC_REPRESENTATION_CONTEXT() REPRESENTATION_CONTEXT('2D SPACE',''
  ) );
#1659 = ORIENTED_EDGE('',*,*,#1660,.F.);
#1660 = EDGE_CURVE('',#1661,#1637,#1663,.T.);
#1661 = VERTEX_POINT('',#1662);
#1662 = CARTESIAN_POINT('',(20.920469681905,-4.136110147685,225.));
#1663 = SURFACE_CURVE('',#1664,(#1786,#1793),.PCURVE_S1.);
#1664 = B_SPLINE_CURVE_WITH_KNOTS('',3,(#1665,#1666,#1667,#1668,#1669,
    #1670,#1671,#1672,#1673,#1674,#1675,#1676,#1677,#1678,#1679,#1680,
    #1681,#1682,#1683,#1684,#1685,#1686,#1687,#1688,#1689,#1690,#1691,
    #1692,#1693,#1694,#1695,#1696,#1697,#1698,#1699,#1700,#1701,#1702,
    #1703,#1704,#1705,#1706,#1707,#1708,#1709,#1710,#1711,#1712,#1713,
    #1714,#1715,#1716,#1717,#1718,#1719,#1720,#1721,#1722,#1723,#1724,
    #1725,#1726,#1727,#1728,#1729,#1730,#1731,#1732,#1733,#1734,#1735,
    #1736,#1737,#1738,#1739,#1740,#1741,#1742,#1743,#1744,#1745,#1746,
    #1747,#1748,#1749,#1750,#1751,#1752,#1753,#1754,#1755,#1756,#1757,
    #1758,#1759,#1760,#1761,#1762,#1763,#1764,#1765,#1766,#1767,#1768,
    #1769,#1770,#1771,#1772,#1773,#1774,#1775,#1776,#1777,#1778,#1779,
    #1780,#1781,#1782,#1783,#1784,#1785),.UNSPECIFIED.,.F.,.F.,(4,1,1,1,
    1,1,1,1,1,1,1,1,1,1,1,1,1,1,1,1,1,1,1,1,1,1,1,1,1,1,1,1,1,1,1,1,1,1,
    1,1,1,1,1,1,1,1,1,1,1,1,1,1,1,1,1,1,1,1,1,1,1,1,1,1,1,1,1,1,1,1,1,1,
    1,1,1,1,1,1,1,1,1,1,1,1,1,1,1,1,1,1,1,1,1,1,1,1,1,1,1,1,1,1,1,1,1,1,
    1,1,1,1,1,1,1,1,1,1,1,1,4),(0.,4.078407677411E-04,1.457980549597E-03
    ,3.204753366262E-03,5.642985368529E-03,8.765465479536E-03,
    1.256297669321E-02,1.702433495068E-02,2.213643470887E-02,
    2.788430025551E-02,3.425114182613E-02,4.121841563833E-02,
    4.876588706683E-02,5.687169632928E-02,6.551242622383E-02,
    7.466317164093E-02,8.429761075195E-02,9.438807794483E-02,
    0.104905638724,0.115820166915,0.1271004246,0.138714145282,
    0.1506281208,0.1628082925,0.175219847173,0.187827318137,
    0.200594691796,0.213485519815,0.22646303689,0.239490283867,
    0.252530235719,0.265545933618,0.278500620098,0.291357876051,
    0.304081758111,0.316636934886,0.328988820492,0.341103703964,
    0.353090161194,0.364812648141,0.376197519167,0.38721480852,
    0.397836016232,0.408034235542,0.417784287292,0.427062868614,
    0.435848726665,0.444122873021,0.451868861729,0.459073165549,
    0.465725703577,0.471820604191,0.477357338614,0.482342444921,
    0.486792194201,0.490736722153,0.49422623504,0.4973393663,
    0.500191267412,0.502933737755,0.505676143618,0.508526386493,
    0.511632585991,0.515105416054,0.519019187057,0.523420263997,
    0.528335467762,0.533778262572,0.539752873742,0.546256953268,
    0.553283311049,0.560821057132,0.568856370053,0.577373023458,
    0.586352753065,0.595775516221,0.605619678387,0.615862149932,
    0.626478489749,0.637442987668,0.648728734495,0.660350032239,
    0.672380507178,0.684646833505,0.697115935464,0.709753854552,
    0.722525869195,0.73539661944,0.748330235365,0.761290467738,
    0.774240819394,0.787144675907,0.799965434253,0.812666628411,
    0.825212051079,0.837565870937,0.849692745131,0.86155792689,
    0.873127368371,0.884367818963,0.89524691945,0.905733292442,
    0.915796629611,0.925407776187,0.934538813214,0.943163137948,
    0.951255542705,0.958792292319,0.965751200209,0.972111702872,
    0.977854932419,0.982963786569,0.987422995334,0.991219183478,
    0.994340927712,0.996778807537,0.998525448648,0.999575557896,1.),
  .UNSPECIFIED.);
#1665 = CARTESIAN_POINT('',(71.923733963437,2.86928243302,225.));
#1666 = CARTESIAN_POINT('',(71.908865351872,2.851511660197,225.));
#1667 = CARTESIAN_POINT('',(71.850433676704,2.809982174272,225.));
#1668 = CARTESIAN_POINT('',(71.683092924033,2.880834863988,225.));
#1669 = CARTESIAN_POINT('',(71.434305336061,2.893783745966,225.));
#1670 = CARTESIAN_POINT('',(71.075460989915,2.959469222397,225.));
#1671 = CARTESIAN_POINT('',(70.620417765374,3.023696018945,225.));
#1672 = CARTESIAN_POINT('',(70.065160793883,3.107832520239,225.));
#1673 = CARTESIAN_POINT('',(69.41321306468,3.202840663636,225.));
#1674 = CARTESIAN_POINT('',(68.665708027889,3.31067477854,225.));
#1675 = CARTESIAN_POINT('',(67.824969626706,3.429348459609,225.));
#1676 = CARTESIAN_POINT('',(66.893278724743,3.558073106416,225.));
#1677 = CARTESIAN_POINT('',(65.873272325359,3.695584068533,225.));
#1678 = CARTESIAN_POINT('',(64.767807029726,3.840697344742,225.));
#1679 = CARTESIAN_POINT('',(63.579992292968,3.99215394581,225.));
#1680 = CARTESIAN_POINT('',(62.313169801129,4.148684339977,225.));
#1681 = CARTESIAN_POINT('',(60.970908458415,4.30900293802,225.));
#1682 = CARTESIAN_POINT('',(59.55699380414,4.471820842084,225.));
#1683 = CARTESIAN_POINT('',(58.075418274062,4.635850153332,225.));
#1684 = CARTESIAN_POINT('',(56.530370443333,4.799807802431,225.));
#1685 = CARTESIAN_POINT('',(54.926223844612,4.962416762318,225.));
#1686 = CARTESIAN_POINT('',(53.267525233257,5.122405634294,225.));
#1687 = CARTESIAN_POINT('',(51.558982378316,5.278506834721,225.));
#1688 = CARTESIAN_POINT('',(49.805451393489,5.429453950098,225.));
#1689 = CARTESIAN_POINT('',(48.011923634351,5.57397881789,225.));
#1690 = CARTESIAN_POINT('',(46.183512177592,5.7108089424,225.));
#1691 = CARTESIAN_POINT('',(44.325437893974,5.838665848507,225.));
#1692 = CARTESIAN_POINT('',(42.443015121599,5.956264942781,225.));
#1693 = CARTESIAN_POINT('',(40.541636942794,6.062317388224,225.));
#1694 = CARTESIAN_POINT('',(38.626760066786,6.155534390909,225.));
#1695 = CARTESIAN_POINT('',(36.703889320135,6.234634222046,225.));
#1696 = CARTESIAN_POINT('',(34.778561754634,6.298351982451,225.));
#1697 = CARTESIAN_POINT('',(32.856330373135,6.345452615896,225.));
#1698 = CARTESIAN_POINT('',(30.942747540641,6.374745073669,225.));
#1699 = CARTESIAN_POINT('',(29.043347944585,6.385104435324,225.));
#1700 = CARTESIAN_POINT('',(27.163631775521,6.375475134231,225.));
#1701 = CARTESIAN_POINT('',(25.309045891936,6.344951606572,225.));
#1702 = CARTESIAN_POINT('',(23.484971456234,6.292580705938,225.));
#1703 = CARTESIAN_POINT('',(21.689729361562,6.217889230712,225.));
#1704 = CARTESIAN_POINT('',(19.926726750665,6.118134664799,225.));
#1705 = CARTESIAN_POINT('',(18.202043883499,5.984222186282,225.));
#1706 = CARTESIAN_POINT('',(16.528073863339,5.819053958071,225.));
#1707 = CARTESIAN_POINT('',(14.912061068608,5.623240758302,225.));
#1708 = CARTESIAN_POINT('',(13.358934950436,5.398150485985,225.));
#1709 = CARTESIAN_POINT('',(11.873404075762,5.145254399904,225.));
#1710 = CARTESIAN_POINT('',(10.459924660001,4.866313796899,225.));
#1711 = CARTESIAN_POINT('',(9.12268280597,4.563303401771,225.));
#1712 = CARTESIAN_POINT('',(7.865575791635,4.23839405619,225.));
#1713 = CARTESIAN_POINT('',(6.692196152742,3.89391329818,225.));
#1714 = CARTESIAN_POINT('',(5.605817375441,3.53230473268,225.));
#1715 = CARTESIAN_POINT('',(4.609380897594,3.156081235021,225.));
#1716 = CARTESIAN_POINT('',(3.705483505356,2.767772918735,225.));
#1717 = CARTESIAN_POINT('',(2.896364016415,2.369867989192,225.));
#1718 = CARTESIAN_POINT('',(2.183888765558,1.964742058992,225.));
#1719 = CARTESIAN_POINT('',(1.569538030086,1.554566647408,225.));
#1720 = CARTESIAN_POINT('',(1.05440911003,1.141177096377,225.));
#1721 = CARTESIAN_POINT('',(0.639282660206,0.725881714489,225.));
#1722 = CARTESIAN_POINT('',(0.324902834158,0.309217518307,225.));
#1723 = CARTESIAN_POINT('',(0.112660845375,-0.109038232414,225.));
#1724 = CARTESIAN_POINT('',(5.631136196037E-03,-0.528910817436,225.));
#1725 = CARTESIAN_POINT('',(7.380026727183E-03,-0.944349941989,225.));
#1726 = CARTESIAN_POINT('',(0.114215306456,-1.345689813296,225.));
#1727 = CARTESIAN_POINT('',(0.326118018748,-1.723025360148,225.));
#1728 = CARTESIAN_POINT('',(0.637327569393,-2.072094174711,225.));
#1729 = CARTESIAN_POINT('',(1.044311892464,-2.394419695445,225.));
#1730 = CARTESIAN_POINT('',(1.545238070296,-2.691408822422,225.));
#1731 = CARTESIAN_POINT('',(2.138756797074,-2.963763472589,225.));
#1732 = CARTESIAN_POINT('',(2.823381482708,-3.211643292087,225.));
#1733 = CARTESIAN_POINT('',(3.597305238556,-3.434950821306,225.));
#1734 = CARTESIAN_POINT('',(4.458398515535,-3.63350695049,225.));
#1735 = CARTESIAN_POINT('',(5.404247642437,-3.807153429588,225.));
#1736 = CARTESIAN_POINT('',(6.432195743917,-3.955811585322,225.));
#1737 = CARTESIAN_POINT('',(7.539376263918,-4.079520030746,225.));
#1738 = CARTESIAN_POINT('',(8.72273913763,-4.178460798512,225.));
#1739 = CARTESIAN_POINT('',(9.979070981582,-4.252978365253,225.));
#1740 = CARTESIAN_POINT('',(11.305010634091,-4.303592745383,225.));
#1741 = CARTESIAN_POINT('',(12.697061069495,-4.331008327262,225.));
#1742 = CARTESIAN_POINT('',(14.151598090434,-4.336113407158,225.));
#1743 = CARTESIAN_POINT('',(15.664877451828,-4.319990432823,225.));
#1744 = CARTESIAN_POINT('',(17.233036418349,-4.283857318413,225.));
#1745 = CARTESIAN_POINT('',(18.85210778105,-4.229253971643,225.));
#1746 = CARTESIAN_POINT('',(20.520063112744,-4.157153211054,225.));
#1747 = CARTESIAN_POINT('',(22.239953490156,-4.070748823432,225.));
#1748 = CARTESIAN_POINT('',(24.007057868095,-3.962622345751,225.));
#1749 = CARTESIAN_POINT('',(25.814545815484,-3.832178199983,225.));
#1750 = CARTESIAN_POINT('',(27.650516922391,-3.681745125961,225.));
#1751 = CARTESIAN_POINT('',(29.509895381512,-3.512725052191,225.));
#1752 = CARTESIAN_POINT('',(31.387547117851,-3.326766837904,225.));
#1753 = CARTESIAN_POINT('',(33.27827716161,-3.125528550057,225.));
#1754 = CARTESIAN_POINT('',(35.176846475119,-2.910711737657,225.));
#1755 = CARTESIAN_POINT('',(37.077984031893,-2.684023455236,225.));
#1756 = CARTESIAN_POINT('',(38.976400753105,-2.447160928125,225.));
#1757 = CARTESIAN_POINT('',(40.866803472845,-2.201793720155,225.));
#1758 = CARTESIAN_POINT('',(42.743909372126,-1.949550685404,225.));
#1759 = CARTESIAN_POINT('',(44.602460687603,-1.692010000287,225.));
#1760 = CARTESIAN_POINT('',(46.437239655876,-1.430692778795,225.));
#1761 = CARTESIAN_POINT('',(48.243083601309,-1.167059973693,225.));
#1762 = CARTESIAN_POINT('',(50.014900082788,-0.902512288528,225.));
#1763 = CARTESIAN_POINT('',(51.74768201074,-0.638392652142,225.));
#1764 = CARTESIAN_POINT('',(53.436522648679,-0.375990717715,225.));
#1765 = CARTESIAN_POINT('',(55.076630418051,-0.116548772936,225.));
#1766 = CARTESIAN_POINT('',(56.663343431364,0.138731588901,225.));
#1767 = CARTESIAN_POINT('',(58.192143687099,0.388682698368,225.));
#1768 = CARTESIAN_POINT('',(59.658670864066,0.632164554274,225.));
#1769 = CARTESIAN_POINT('',(61.058735673344,0.868059707792,225.));
#1770 = CARTESIAN_POINT('',(62.388332687398,1.095269584314,225.));
#1771 = CARTESIAN_POINT('',(63.643652728587,1.312713268906,225.));
#1772 = CARTESIAN_POINT('',(64.821094362912,1.519326779208,225.));
#1773 = CARTESIAN_POINT('',(65.917275889973,1.714070520585,225.));
#1774 = CARTESIAN_POINT('',(66.929043006664,1.895919400734,225.));
#1775 = CARTESIAN_POINT('',(67.853488038268,2.063920207613,225.));
#1776 = CARTESIAN_POINT('',(68.687928528467,2.217038253194,225.));
#1777 = CARTESIAN_POINT('',(69.430013219019,2.35468742226,225.));
#1778 = CARTESIAN_POINT('',(70.077425164157,2.475121003591,225.));
#1779 = CARTESIAN_POINT('',(70.628811986228,2.580358781648,225.));
#1780 = CARTESIAN_POINT('',(71.08109671783,2.661853833345,225.));
#1781 = CARTESIAN_POINT('',(71.436945565936,2.740224244767,225.));
#1782 = CARTESIAN_POINT('',(71.685658656391,2.763530105982,225.));
#1783 = CARTESIAN_POINT('',(71.85008103104,2.83855780692,225.));
#1784 = CARTESIAN_POINT('',(71.911728834121,2.800450121444,225.));
#1785 = CARTESIAN_POINT('',(71.928255790057,2.783000841218,225.));
#1786 = PCURVE('',#33,#1787);
#1787 = DEFINITIONAL_REPRESENTATION('',(#1788),#1792);
#1788 = LINE('',#1789,#1790);
#1789 = CARTESIAN_POINT('',(0.,1.));
#1790 = VECTOR('',#1791,1.);
#1791 = DIRECTION('',(1.,0.));
#1792 = ( GEOMETRIC_REPRESENTATION_CONTEXT(2) 
PARAMETRIC_REPRESENTATION_CONTEXT() REPRESENTATION_CONTEXT('2D SPACE',''
  ) );
#1793 = PCURVE('',#1794,#1799);
#1794 = PLANE('',#1795);
#1795 = AXIS2_PLACEMENT_3D('',#1796,#1797,#1798);
#1796 = CARTESIAN_POINT('',(71.923733963437,2.86928243302,225.));
#1797 = DIRECTION('',(-2.630591557122E-18,8.470493778469E-15,-1.));
#1798 = DIRECTION('',(-0.99889829199,-4.692762789907E-02,
    -3.94872486744E-16));
#1799 = DEFINITIONAL_REPRESENTATION('',(#1800),#1922);
#1800 = B_SPLINE_CURVE_WITH_KNOTS('',3,(#1801,#1802,#1803,#1804,#1805,
    #1806,#1807,#1808,#1809,#1810,#1811,#1812,#1813,#1814,#1815,#1816,
    #1817,#1818,#1819,#1820,#1821,#1822,#1823,#1824,#1825,#1826,#1827,
    #1828,#1829,#1830,#1831,#1832,#1833,#1834,#1835,#1836,#1837,#1838,
    #1839,#1840,#1841,#1842,#1843,#1844,#1845,#1846,#1847,#1848,#1849,
    #1850,#1851,#1852,#1853,#1854,#1855,#1856,#1857,#1858,#1859,#1860,
    #1861,#1862,#1863,#1864,#1865,#1866,#1867,#1868,#1869,#1870,#1871,
    #1872,#1873,#1874,#1875,#1876,#1877,#1878,#1879,#1880,#1881,#1882,
    #1883,#1884,#1885,#1886,#1887,#1888,#1889,#1890,#1891,#1892,#1893,
    #1894,#1895,#1896,#1897,#1898,#1899,#1900,#1901,#1902,#1903,#1904,
    #1905,#1906,#1907,#1908,#1909,#1910,#1911,#1912,#1913,#1914,#1915,
    #1916,#1917,#1918,#1919,#1920,#1921),.UNSPECIFIED.,.F.,.F.,(4,1,1,1,
    1,1,1,1,1,1,1,1,1,1,1,1,1,1,1,1,1,1,1,1,1,1,1,1,1,1,1,1,1,1,1,1,1,1,
    1,1,1,1,1,1,1,1,1,1,1,1,1,1,1,1,1,1,1,1,1,1,1,1,1,1,1,1,1,1,1,1,1,1,
    1,1,1,1,1,1,1,1,1,1,1,1,1,1,1,1,1,1,1,1,1,1,1,1,1,1,1,1,1,1,1,1,1,1,
    1,1,1,1,1,1,1,1,1,1,1,1,4),(0.,4.078407677411E-04,1.457980549597E-03
    ,3.204753366262E-03,5.642985368529E-03,8.765465479536E-03,
    1.256297669321E-02,1.702433495068E-02,2.213643470887E-02,
    2.788430025551E-02,3.425114182613E-02,4.121841563833E-02,
    4.876588706683E-02,5.687169632928E-02,6.551242622383E-02,
    7.466317164093E-02,8.429761075195E-02,9.438807794483E-02,
    0.104905638724,0.115820166915,0.1271004246,0.138714145282,
    0.1506281208,0.1628082925,0.175219847173,0.187827318137,
    0.200594691796,0.213485519815,0.22646303689,0.239490283867,
    0.252530235719,0.265545933618,0.278500620098,0.291357876051,
    0.304081758111,0.316636934886,0.328988820492,0.341103703964,
    0.353090161194,0.364812648141,0.376197519167,0.38721480852,
    0.397836016232,0.408034235542,0.417784287292,0.427062868614,
    0.435848726665,0.444122873021,0.451868861729,0.459073165549,
    0.465725703577,0.471820604191,0.477357338614,0.482342444921,
    0.486792194201,0.490736722153,0.49422623504,0.4973393663,
    0.500191267412,0.502933737755,0.505676143618,0.508526386493,
    0.511632585991,0.515105416054,0.519019187057,0.523420263997,
    0.528335467762,0.533778262572,0.539752873742,0.546256953268,
    0.553283311049,0.560821057132,0.568856370053,0.577373023458,
    0.586352753065,0.595775516221,0.605619678387,0.615862149932,
    0.626478489749,0.637442987668,0.648728734495,0.660350032239,
    0.672380507178,0.684646833505,0.697115935464,0.709753854552,
    0.722525869195,0.73539661944,0.748330235365,0.761290467738,
    0.774240819394,0.787144675907,0.799965434253,0.812666628411,
    0.825212051079,0.837565870937,0.849692745131,0.86155792689,
    0.873127368371,0.884367818963,0.89524691945,0.905733292442,
    0.915796629611,0.925407776187,0.934538813214,0.943163137948,
    0.951255542705,0.958792292319,0.965751200209,0.972111702872,
    0.977854932419,0.982963786569,0.987422995334,0.991219183478,
    0.994340927712,0.996778807537,0.998525448648,0.999575557896,1.),
  .UNSPECIFIED.);
#1801 = CARTESIAN_POINT('',(0.,0.));
#1802 = CARTESIAN_POINT('',(1.568617091181E-02,-1.705344595016E-02));
#1803 = CARTESIAN_POINT('',(7.600235169686E-02,-5.579511859738E-02));
#1804 = CARTESIAN_POINT('',(0.239833795062,2.283241671652E-02));
#1805 = CARTESIAN_POINT('',(0.48773963144,4.744204416191E-02));
#1806 = CARTESIAN_POINT('',(0.843106172299,0.129894868326));
#1807 = CARTESIAN_POINT('',(1.294634060865,0.215405004818));
#1808 = CARTESIAN_POINT('',(1.845330974877,0.325505704801));
#1809 = CARTESIAN_POINT('',(2.492101941244,0.451003537411));
#1810 = CARTESIAN_POINT('',(3.233723046529,0.593797488826));
#1811 = CARTESIAN_POINT('',(4.067966125134,0.751794285001));
#1812 = CARTESIAN_POINT('',(4.992589833441,0.924099158798));
#1813 = CARTESIAN_POINT('',(6.005019420341,1.109325104751));
#1814 = CARTESIAN_POINT('',(7.102456994174,1.306155372551));
#1815 = CARTESIAN_POINT('',(8.281855606904,1.513186440647));
#1816 = CARTESIAN_POINT('',(9.539936830164,1.728993358536));
#1817 = CARTESIAN_POINT('',(10.873196021289,1.95212447313));
#1818 = CARTESIAN_POINT('',(12.277912296446,2.181114660181));
#1819 = CARTESIAN_POINT('',(13.750158056412,2.414490084204));
#1820 = CARTESIAN_POINT('',(15.285809552022,2.650772529533));
#1821 = CARTESIAN_POINT('',(16.880557996822,2.888481136507));
#1822 = CARTESIAN_POINT('',(18.529921308378,3.126132538692));
#1823 = CARTESIAN_POINT('',(20.229256388922,3.362239624522));
#1824 = CARTESIAN_POINT('',(21.973771904553,3.595309489818));
#1825 = CARTESIAN_POINT('',(23.758541510575,3.823841136713));
#1826 = CARTESIAN_POINT('',(25.578517478617,4.046323526869));
#1827 = CARTESIAN_POINT('',(27.428544685599,4.261234590588));
#1828 = CARTESIAN_POINT('',(29.303374931189,4.467041760408));
#1829 = CARTESIAN_POINT('',(31.197681556726,4.662204534694));
#1830 = CARTESIAN_POINT('',(33.106074344726,4.845179468969));
#1831 = CARTESIAN_POINT('',(35.023114681829,5.014427918086));
#1832 = CARTESIAN_POINT('',(36.943330975178,5.168426535701));
#1833 = CARTESIAN_POINT('',(38.861234297966,5.305681037008));
#1834 = CARTESIAN_POINT('',(40.771334295366,5.424741126163));
#1835 = CARTESIAN_POINT('',(42.668155167403,5.524223392302));
#1836 = CARTESIAN_POINT('',(44.546252318365,5.602815320825));
#1837 = CARTESIAN_POINT('',(46.400227386575,5.659356737433));
#1838 = CARTESIAN_POINT('',(48.224749866997,5.692643020617));
#1839 = CARTESIAN_POINT('',(50.021519222829,5.702280286596));
#1840 = CARTESIAN_POINT('',(51.787260764778,5.685369151596));
#1841 = CARTESIAN_POINT('',(53.516327729976,5.632539481364));
#1842 = CARTESIAN_POINT('',(55.19620447711,5.546108662533));
#1843 = CARTESIAN_POINT('',(56.819625946578,5.426346838846));
#1844 = CARTESIAN_POINT('',(58.381603925806,5.274389074839));
#1845 = CARTESIAN_POINT('',(59.877365992641,5.091484046521));
#1846 = CARTESIAN_POINT('',(61.302378187631,4.879181990679));
#1847 = CARTESIAN_POINT('',(62.652366350672,4.639259012667));
#1848 = CARTESIAN_POINT('',(63.923335625009,4.373700672513));
#1849 = CARTESIAN_POINT('',(65.111588206985,4.084663354792));
#1850 = CARTESIAN_POINT('',(66.213739544292,3.774434355364));
#1851 = CARTESIAN_POINT('',(67.226733516394,3.445385746404));
#1852 = CARTESIAN_POINT('',(68.147857465812,3.099922992982));
#1853 = CARTESIAN_POINT('',(68.974758275803,2.74042649679));
#1854 = CARTESIAN_POINT('',(69.705460185873,2.369181670533));
#1855 = CARTESIAN_POINT('',(70.338382645307,1.988288175198));
#1856 = CARTESIAN_POINT('',(70.872343434734,1.599527837028));
#1857 = CARTESIAN_POINT('',(71.306501363572,1.204170888957));
#1858 = CARTESIAN_POINT('',(71.640087897205,0.802718834554));
#1859 = CARTESIAN_POINT('',(71.871723807525,0.394883892618));
#1860 = CARTESIAN_POINT('',(71.998339225651,-1.950346504759E-02));
#1861 = CARTESIAN_POINT('',(72.016087834539,-0.434566968274));
#1862 = CARTESIAN_POINT('',(71.928204184235,-0.840478206483));
#1863 = CARTESIAN_POINT('',(71.734242388994,-1.227342131373));
#1864 = CARTESIAN_POINT('',(71.439756671845,-1.590630700019));
#1865 = CARTESIAN_POINT('',(71.048346698762,-1.931699921019));
#1866 = CARTESIAN_POINT('',(70.561909390554,-2.251869129974));
#1867 = CARTESIAN_POINT('',(69.981825505791,-2.551776150802));
#1868 = CARTESIAN_POINT('',(69.309587488591,-2.831510691615));
#1869 = CARTESIAN_POINT('',(68.546995663382,-3.090890607178));
#1870 = CARTESIAN_POINT('',(67.696168827911,-3.329637050372));
#1871 = CARTESIAN_POINT('',(66.759510567926,-3.547478677629));
#1872 = CARTESIAN_POINT('',(65.739671139721,-3.744212221488));
#1873 = CARTESIAN_POINT('',(64.639515753261,-3.919741731786));
#1874 = CARTESIAN_POINT('',(63.462099655441,-4.074105908323));
#1875 = CARTESIAN_POINT('',(62.210648854989,-4.207498051754));
#1876 = CARTESIAN_POINT('',(60.888545213613,-4.320279872246));
#1877 = CARTESIAN_POINT('',(59.49931495955,-4.412990875008));
#1878 = CARTESIAN_POINT('',(58.046619982989,-4.486348302681));
#1879 = CARTESIAN_POINT('',(56.534251200648,-4.541257701934));
#1880 = CARTESIAN_POINT('',(54.966124246075,-4.578754376133));
#1881 = CARTESIAN_POINT('',(53.346274221724,-4.600190364758));
#1882 = CARTESIAN_POINT('',(51.676772972115,-4.606442225314));
#1883 = CARTESIAN_POINT('',(49.954722658758,-4.600843405756));
#1884 = CARTESIAN_POINT('',(48.184490994757,-4.575762068588));
#1885 = CARTESIAN_POINT('',(46.372872936984,-4.530282756007));
#1886 = CARTESIAN_POINT('',(44.53186506683,-4.466173184246));
#1887 = CARTESIAN_POINT('',(42.666603388723,-4.384595541699));
#1888 = CARTESIAN_POINT('',(40.782293698458,-4.286955941073));
#1889 = CARTESIAN_POINT('',(38.884203051643,-4.174666835011));
#1890 = CARTESIAN_POINT('',(36.977644563716,-4.049182042299));
#1891 = CARTESIAN_POINT('',(35.067963562051,-3.911959380024));
#1892 = CARTESIAN_POINT('',(33.160522945212,-3.764445999746));
#1893 = CARTESIAN_POINT('',(31.260688396257,-3.608061230206));
#1894 = CARTESIAN_POINT('',(29.373813352306,-3.444184220796));
#1895 = CARTESIAN_POINT('',(27.505223844262,-3.274144674879));
#1896 = CARTESIAN_POINT('',(25.660203269341,-3.099217173363));
#1897 = CARTESIAN_POINT('',(23.843977174469,-2.920618787349));
#1898 = CARTESIAN_POINT('',(22.06169812207,-2.739509701037));
#1899 = CARTESIAN_POINT('',(20.31843070583,-2.556996392915));
#1900 = CARTESIAN_POINT('',(18.619136776811,-2.374136833839));
#1901 = CARTESIAN_POINT('',(16.968660932261,-2.191947085444));
#1902 = CARTESIAN_POINT('',(15.371716311555,-2.011408645898));
#1903 = CARTESIAN_POINT('',(13.832870734649,-1.833475879103));
#1904 = CARTESIAN_POINT('',(12.356533216487,-1.659082910773));
#1905 = CARTESIAN_POINT('',(10.946940869837,-1.48914936524));
#1906 = CARTESIAN_POINT('',(9.608146262923,-1.32458464159));
#1907 = CARTESIAN_POINT('',(8.34400510156,-1.166289708235));
#1908 = CARTESIAN_POINT('',(7.158164782185,-1.01515836858));
#1909 = CARTESIAN_POINT('',(6.054052065262,-0.872070376755));
#1910 = CARTESIAN_POINT('',(5.034865883927,-0.737901671747));
#1911 = CARTESIAN_POINT('',(4.103555441467,-0.613467965158));
#1912 = CARTESIAN_POINT('',(3.262848794372,-0.499676923783));
#1913 = CARTESIAN_POINT('',(2.515122115482,-0.397003678137));
#1914 = CARTESIAN_POINT('',(1.862771766979,-0.307084286305));
#1915 = CARTESIAN_POINT('',(1.307053852897,-0.227837725167));
#1916 = CARTESIAN_POINT('',(0.851443037545,-0.167657106809));
#1917 = CARTESIAN_POINT('',(0.49230849346,-0.10607217903));
#1918 = CARTESIAN_POINT('',(0.242775723426,-9.446350943187E-02));
#1919 = CARTESIAN_POINT('',(7.501362219274E-02,-2.723441912816E-02));
#1920 = CARTESIAN_POINT('',(1.522204027458E-02,-6.819310622597E-02));
#1921 = CARTESIAN_POINT('',(-4.678544521255E-04,-8.639873327898E-02));
#1922 = ( GEOMETRIC_REPRESENTATION_CONTEXT(2) 
PARAMETRIC_REPRESENTATION_CONTEXT() REPRESENTATION_CONTEXT('2D SPACE',''
  ) );
#1923 = ORIENTED_EDGE('',*,*,#1924,.F.);
#1924 = EDGE_CURVE('',#1925,#1661,#1927,.T.);
#1925 = VERTEX_POINT('',#1926);
#1926 = CARTESIAN_POINT('',(20.920801140699,-4.142434758239,215.));
#1927 = SURFACE_CURVE('',#1928,(#1934,#1943),.PCURVE_S1.);
#1928 = B_SPLINE_CURVE_WITH_KNOTS('',4,(#1929,#1930,#1931,#1932,#1933),
  .UNSPECIFIED.,.F.,.F.,(5,5),(0.,1.),.PIECEWISE_BEZIER_KNOTS.);
#1929 = CARTESIAN_POINT('',(20.920801140699,-4.142434758239,215.));
#1930 = CARTESIAN_POINT('',(20.920718126645,-4.140850755729,
    217.49999999819));
#1931 = CARTESIAN_POINT('',(20.920635212259,-4.13926865501,
    219.99999999759));
#1932 = CARTESIAN_POINT('',(20.920552397395,-4.137688453261,
    222.49999999819));
#1933 = CARTESIAN_POINT('',(20.920469681905,-4.136110147685,225.));
#1934 = PCURVE('',#33,#1935);
#1935 = DEFINITIONAL_REPRESENTATION('',(#1936),#1942);
#1936 = B_SPLINE_CURVE_WITH_KNOTS('',4,(#1937,#1938,#1939,#1940,#1941),
  .UNSPECIFIED.,.F.,.F.,(5,5),(0.,1.),.PIECEWISE_BEZIER_KNOTS.);
#1937 = CARTESIAN_POINT('',(0.65161959784,0.955555555556));
#1938 = CARTESIAN_POINT('',(0.651602720298,0.966666666659));
#1939 = CARTESIAN_POINT('',(0.651585851145,0.977777777767));
#1940 = CARTESIAN_POINT('',(0.651568990386,0.988888888881));
#1941 = CARTESIAN_POINT('',(0.651552137962,1.));
#1942 = ( GEOMETRIC_REPRESENTATION_CONTEXT(2) 
PARAMETRIC_REPRESENTATION_CONTEXT() REPRESENTATION_CONTEXT('2D SPACE',''
  ) );
#1943 = PCURVE('',#1944,#1949);
#1944 = PLANE('',#1945);
#1945 = AXIS2_PLACEMENT_3D('',#1946,#1947,#1948);
#1946 = CARTESIAN_POINT('',(21.743018868696,-19.83128361323,215.));
#1947 = DIRECTION('',(-0.998629534755,-5.233595624294E-02,0.));
#1948 = DIRECTION('',(-5.233595624294E-02,0.998629534755,0.));
#1949 = DEFINITIONAL_REPRESENTATION('',(#1950),#1956);
#1950 = B_SPLINE_CURVE_WITH_KNOTS('',4,(#1951,#1952,#1953,#1954,#1955),
  .UNSPECIFIED.,.F.,.F.,(5,5),(0.,1.),.PIECEWISE_BEZIER_KNOTS.);
#1951 = CARTESIAN_POINT('',(15.710379383935,0.));
#1952 = CARTESIAN_POINT('',(15.711965560244,-2.499999998191));
#1953 = CARTESIAN_POINT('',(15.713549832153,-4.999999997591));
#1954 = CARTESIAN_POINT('',(15.715132202486,-7.499999998195));
#1955 = CARTESIAN_POINT('',(15.716712674042,-10.));
#1956 = ( GEOMETRIC_REPRESENTATION_CONTEXT(2) 
PARAMETRIC_REPRESENTATION_CONTEXT() REPRESENTATION_CONTEXT('2D SPACE',''
  ) );
#1957 = ORIENTED_EDGE('',*,*,#1958,.T.);
#1958 = EDGE_CURVE('',#1925,#1959,#1961,.T.);
#1959 = VERTEX_POINT('',#1960);
#1960 = CARTESIAN_POINT('',(15.522340889216,-4.313218886648,215.));
#1961 = SURFACE_CURVE('',#1962,(#1981,#2003),.PCURVE_S1.);
#1962 = B_SPLINE_CURVE_WITH_KNOTS('',5,(#1963,#1964,#1965,#1966,#1967,
    #1968,#1969,#1970,#1971,#1972,#1973,#1974,#1975,#1976,#1977,#1978,
    #1979,#1980),.UNSPECIFIED.,.F.,.F.,(6,4,4,4,6),(0.,0.240540516864,
    0.4321711861,0.705929224196,1.),.UNSPECIFIED.);
#1963 = CARTESIAN_POINT('',(20.920801140699,-4.142434758239,215.));
#1964 = CARTESIAN_POINT('',(20.661227623336,-4.154435032406,215.));
#1965 = CARTESIAN_POINT('',(20.40163556099,-4.166033736256,215.));
#1966 = CARTESIAN_POINT('',(20.142030308924,-4.177335742017,215.));
#1967 = CARTESIAN_POINT('',(19.882407960361,-4.188234007043,215.));
#1968 = CARTESIAN_POINT('',(19.415922473779,-4.207064998932,215.));
#1969 = CARTESIAN_POINT('',(19.209065839943,-4.215148868366,215.));
#1970 = CARTESIAN_POINT('',(19.002198124931,-4.222946076167,215.));
#1971 = CARTESIAN_POINT('',(18.795319052348,-4.230439515413,215.));
#1972 = CARTESIAN_POINT('',(18.292870926271,-4.247867102452,215.));
#1973 = CARTESIAN_POINT('',(17.997290519965,-4.257473910131,215.));
#1974 = CARTESIAN_POINT('',(17.701688592139,-4.266404128484,215.));
#1975 = CARTESIAN_POINT('',(17.406066378264,-4.274629468957,215.));
#1976 = CARTESIAN_POINT('',(16.792847289807,-4.290159079511,215.));
#1977 = CARTESIAN_POINT('',(16.475247900961,-4.29734783663,215.));
#1978 = CARTESIAN_POINT('',(16.15762847491,-4.303624881804,215.));
#1979 = CARTESIAN_POINT('',(15.839991597199,-4.308934927904,215.));
#1980 = CARTESIAN_POINT('',(15.522340889216,-4.313218886648,215.));
#1981 = PCURVE('',#33,#1982);
#1982 = DEFINITIONAL_REPRESENTATION('',(#1983),#2002);
#1983 = B_SPLINE_CURVE_WITH_KNOTS('',5,(#1984,#1985,#1986,#1987,#1988,
    #1989,#1990,#1991,#1992,#1993,#1994,#1995,#1996,#1997,#1998,#1999,
    #2000,#2001),.UNSPECIFIED.,.F.,.F.,(6,4,4,4,6),(0.,0.240540516864,
    0.4321711861,0.705929224196,1.),.UNSPECIFIED.);
#1984 = CARTESIAN_POINT('',(0.651619597504,0.955555555556));
#1985 = CARTESIAN_POINT('',(0.649862280459,0.955555555556));
#1986 = CARTESIAN_POINT('',(0.648104966326,0.955555555556));
#1987 = CARTESIAN_POINT('',(0.646347647632,0.955555555556));
#1988 = CARTESIAN_POINT('',(0.644590329562,0.955555555556));
#1989 = CARTESIAN_POINT('',(0.641433007732,0.955555555556));
#1990 = CARTESIAN_POINT('',(0.640033007626,0.955555555556));
#1991 = CARTESIAN_POINT('',(0.638633007823,0.955555555556));
#1992 = CARTESIAN_POINT('',(0.637233008127,0.955555555556));
#1993 = CARTESIAN_POINT('',(0.633833007808,0.955555555556));
#1994 = CARTESIAN_POINT('',(0.631833007908,0.955555555556));
#1995 = CARTESIAN_POINT('',(0.629833007639,0.955555555556));
#1996 = CARTESIAN_POINT('',(0.627833007924,0.955555555556));
#1997 = CARTESIAN_POINT('',(0.623684608487,0.955555555556));
#1998 = CARTESIAN_POINT('',(0.621536211224,0.955555555556));
#1999 = CARTESIAN_POINT('',(0.619387809408,0.955555555556));
#2000 = CARTESIAN_POINT('',(0.617239407517,0.955555555556));
#2001 = CARTESIAN_POINT('',(0.615091010922,0.955555555556));
#2002 = ( GEOMETRIC_REPRESENTATION_CONTEXT(2) 
PARAMETRIC_REPRESENTATION_CONTEXT() REPRESENTATION_CONTEXT('2D SPACE',''
  ) );
#2003 = PCURVE('',#2004,#2009);
#2004 = PLANE('',#2005);
#2005 = AXIS2_PLACEMENT_3D('',#2006,#2007,#2008);
#2006 = CARTESIAN_POINT('',(18.,0.,215.));
#2007 = DIRECTION('',(0.,0.,1.));
#2008 = DIRECTION('',(0.998629534755,5.233595624294E-02,0.));
#2009 = DEFINITIONAL_REPRESENTATION('',(#2010),#2029);
#2010 = B_SPLINE_CURVE_WITH_KNOTS('',5,(#2011,#2012,#2013,#2014,#2015,
    #2016,#2017,#2018,#2019,#2020,#2021,#2022,#2023,#2024,#2025,#2026,
    #2027,#2028),.UNSPECIFIED.,.F.,.F.,(6,4,4,4,6),(0.,0.240540516864,
    0.4321711861,0.705929224196,1.),.UNSPECIFIED.);
#2011 = CARTESIAN_POINT('',(2.7,-4.289620616065));
#2012 = CARTESIAN_POINT('',(2.440154173298,-4.288019416027));
#2013 = CARTESIAN_POINT('',(2.180310843594,-4.28601622544));
#2014 = CARTESIAN_POINT('',(1.920469870224,-4.283716053083));
#2015 = CARTESIAN_POINT('',(1.660632953946,-4.281011798541));
#2016 = CARTESIAN_POINT('',(1.193801231543,-4.275403019197));
#2017 = CARTESIAN_POINT('',(0.986805010497,-4.272649770232));
#2018 = CARTESIAN_POINT('',(0.779812726173,-4.269609672549));
#2019 = CARTESIAN_POINT('',(0.572824997861,-4.266265628207));
#2020 = CARTESIAN_POINT('',(7.015337004496E-02,-4.257373228203));
#2021 = CARTESIAN_POINT('',(-0.225524735053,-4.251497386875));
#2022 = CARTESIAN_POINT('',(-0.521188922228,-4.244944757115));
#2023 = CARTESIAN_POINT('',(-0.816836477191,-4.237687153795));
#2024 = CARTESIAN_POINT('',(-1.430027927218,-4.221102074176));
#2025 = CARTESIAN_POINT('',(-1.747568287618,-4.211659111636));
#2026 = CARTESIAN_POINT('',(-2.065080942446,-4.201304637953));
#2027 = CARTESIAN_POINT('',(-2.382560416195,-4.189983577087));
#2028 = CARTESIAN_POINT('',(-2.7,-4.177637111261));
#2029 = ( GEOMETRIC_REPRESENTATION_CONTEXT(2) 
PARAMETRIC_REPRESENTATION_CONTEXT() REPRESENTATION_CONTEXT('2D SPACE',''
  ) );
#2030 = ORIENTED_EDGE('',*,*,#2031,.T.);
#2031 = EDGE_CURVE('',#1959,#2032,#2034,.T.);
#2032 = VERTEX_POINT('',#2033);
#2033 = CARTESIAN_POINT('',(15.522650495212,-4.319126520961,225.));
#2034 = SURFACE_CURVE('',#2035,(#2041,#2050),.PCURVE_S1.);
#2035 = B_SPLINE_CURVE_WITH_KNOTS('',4,(#2036,#2037,#2038,#2039,#2040),
  .UNSPECIFIED.,.F.,.F.,(5,5),(0.,1.),.PIECEWISE_BEZIER_KNOTS.);
#2036 = CARTESIAN_POINT('',(15.522340889216,-4.313218886648,215.));
#2037 = CARTESIAN_POINT('',(15.522418150948,-4.314693128306,
    217.50000000157));
#2038 = CARTESIAN_POINT('',(15.52249550578,-4.31616914644,220.0000000021
    ));
#2039 = CARTESIAN_POINT('',(15.52257295383,-4.317646943252,
    222.50000000158));
#2040 = CARTESIAN_POINT('',(15.522650495212,-4.319126520961,225.));
#2041 = PCURVE('',#33,#2042);
#2042 = DEFINITIONAL_REPRESENTATION('',(#2043),#2049);
#2043 = B_SPLINE_CURVE_WITH_KNOTS('',4,(#2044,#2045,#2046,#2047,#2048),
  .UNSPECIFIED.,.F.,.F.,(5,5),(0.,1.),.PIECEWISE_BEZIER_KNOTS.);
#2044 = CARTESIAN_POINT('',(0.615091010917,0.955555555556));
#2045 = CARTESIAN_POINT('',(0.615074561882,0.966666666674));
#2046 = CARTESIAN_POINT('',(0.615058105588,0.977777777787));
#2047 = CARTESIAN_POINT('',(0.615041641974,0.988888888896));
#2048 = CARTESIAN_POINT('',(0.61502517104,1.));
#2049 = ( GEOMETRIC_REPRESENTATION_CONTEXT(2) 
PARAMETRIC_REPRESENTATION_CONTEXT() REPRESENTATION_CONTEXT('2D SPACE',''
  ) );
#2050 = PCURVE('',#2051,#2056);
#2051 = PLANE('',#2052);
#2052 = AXIS2_PLACEMENT_3D('',#2053,#2054,#2055);
#2053 = CARTESIAN_POINT('',(14.256981131304,19.831283613236,215.));
#2054 = DIRECTION('',(0.998629534755,5.233595624294E-02,0.));
#2055 = DIRECTION('',(5.233595624294E-02,-0.998629534755,0.));
#2056 = DEFINITIONAL_REPRESENTATION('',(#2057),#2063);
#2057 = B_SPLINE_CURVE_WITH_KNOTS('',4,(#2058,#2059,#2060,#2061,#2062),
  .UNSPECIFIED.,.F.,.F.,(5,5),(0.,1.),.PIECEWISE_BEZIER_KNOTS.);
#2058 = CARTESIAN_POINT('',(24.177637111261,0.));
#2059 = CARTESIAN_POINT('',(24.179113376089,-2.500000001579));
#2060 = CARTESIAN_POINT('',(24.18059141983,-5.000000002107));
#2061 = CARTESIAN_POINT('',(24.182071244691,-7.500000001582));
#2062 = CARTESIAN_POINT('',(24.183552852892,-10.));
#2063 = ( GEOMETRIC_REPRESENTATION_CONTEXT(2) 
PARAMETRIC_REPRESENTATION_CONTEXT() REPRESENTATION_CONTEXT('2D SPACE',''
  ) );
#2064 = ORIENTED_EDGE('',*,*,#2065,.F.);
#2065 = EDGE_CURVE('',#2066,#2032,#2068,.T.);
#2066 = VERTEX_POINT('',#2067);
#2067 = CARTESIAN_POINT('',(15.00130343321,5.628768030831,225.));
#2068 = SURFACE_CURVE('',#2069,(#2191,#2198),.PCURVE_S1.);
#2069 = B_SPLINE_CURVE_WITH_KNOTS('',3,(#2070,#2071,#2072,#2073,#2074,
    #2075,#2076,#2077,#2078,#2079,#2080,#2081,#2082,#2083,#2084,#2085,
    #2086,#2087,#2088,#2089,#2090,#2091,#2092,#2093,#2094,#2095,#2096,
    #2097,#2098,#2099,#2100,#2101,#2102,#2103,#2104,#2105,#2106,#2107,
    #2108,#2109,#2110,#2111,#2112,#2113,#2114,#2115,#2116,#2117,#2118,
    #2119,#2120,#2121,#2122,#2123,#2124,#2125,#2126,#2127,#2128,#2129,
    #2130,#2131,#2132,#2133,#2134,#2135,#2136,#2137,#2138,#2139,#2140,
    #2141,#2142,#2143,#2144,#2145,#2146,#2147,#2148,#2149,#2150,#2151,
    #2152,#2153,#2154,#2155,#2156,#2157,#2158,#2159,#2160,#2161,#2162,
    #2163,#2164,#2165,#2166,#2167,#2168,#2169,#2170,#2171,#2172,#2173,
    #2174,#2175,#2176,#2177,#2178,#2179,#2180,#2181,#2182,#2183,#2184,
    #2185,#2186,#2187,#2188,#2189,#2190),.UNSPECIFIED.,.F.,.F.,(4,1,1,1,
    1,1,1,1,1,1,1,1,1,1,1,1,1,1,1,1,1,1,1,1,1,1,1,1,1,1,1,1,1,1,1,1,1,1,
    1,1,1,1,1,1,1,1,1,1,1,1,1,1,1,1,1,1,1,1,1,1,1,1,1,1,1,1,1,1,1,1,1,1,
    1,1,1,1,1,1,1,1,1,1,1,1,1,1,1,1,1,1,1,1,1,1,1,1,1,1,1,1,1,1,1,1,1,1,
    1,1,1,1,1,1,1,1,1,1,1,1,4),(0.,4.078407677411E-04,1.457980549597E-03
    ,3.204753366262E-03,5.642985368529E-03,8.765465479536E-03,
    1.256297669321E-02,1.702433495068E-02,2.213643470887E-02,
    2.788430025551E-02,3.425114182613E-02,4.121841563833E-02,
    4.876588706683E-02,5.687169632928E-02,6.551242622383E-02,
    7.466317164093E-02,8.429761075195E-02,9.438807794483E-02,
    0.104905638724,0.115820166915,0.1271004246,0.138714145282,
    0.1506281208,0.1628082925,0.175219847173,0.187827318137,
    0.200594691796,0.213485519815,0.22646303689,0.239490283867,
    0.252530235719,0.265545933618,0.278500620098,0.291357876051,
    0.304081758111,0.316636934886,0.328988820492,0.341103703964,
    0.353090161194,0.364812648141,0.376197519167,0.38721480852,
    0.397836016232,0.408034235542,0.417784287292,0.427062868614,
    0.435848726665,0.444122873021,0.451868861729,0.459073165549,
    0.465725703577,0.471820604191,0.477357338614,0.482342444921,
    0.486792194201,0.490736722153,0.49422623504,0.4973393663,
    0.500191267412,0.502933737755,0.505676143618,0.508526386493,
    0.511632585991,0.515105416054,0.519019187057,0.523420263997,
    0.528335467762,0.533778262572,0.539752873742,0.546256953268,
    0.553283311049,0.560821057132,0.568856370053,0.577373023458,
    0.586352753065,0.595775516221,0.605619678387,0.615862149932,
    0.626478489749,0.637442987668,0.648728734495,0.660350032239,
    0.672380507178,0.684646833505,0.697115935464,0.709753854552,
    0.722525869195,0.73539661944,0.748330235365,0.761290467738,
    0.774240819394,0.787144675907,0.799965434253,0.812666628411,
    0.825212051079,0.837565870937,0.849692745131,0.86155792689,
    0.873127368371,0.884367818963,0.89524691945,0.905733292442,
    0.915796629611,0.925407776187,0.934538813214,0.943163137948,
    0.951255542705,0.958792292319,0.965751200209,0.972111702872,
    0.977854932419,0.982963786569,0.987422995334,0.991219183478,
    0.994340927712,0.996778807537,0.998525448648,0.999575557896,1.),
  .UNSPECIFIED.);
#2070 = CARTESIAN_POINT('',(71.923733963437,2.86928243302,225.));
#2071 = CARTESIAN_POINT('',(71.908865351872,2.851511660197,225.));
#2072 = CARTESIAN_POINT('',(71.850433676704,2.809982174272,225.));
#2073 = CARTESIAN_POINT('',(71.683092924033,2.880834863988,225.));
#2074 = CARTESIAN_POINT('',(71.434305336061,2.893783745966,225.));
#2075 = CARTESIAN_POINT('',(71.075460989915,2.959469222397,225.));
#2076 = CARTESIAN_POINT('',(70.620417765374,3.023696018945,225.));
#2077 = CARTESIAN_POINT('',(70.065160793883,3.107832520239,225.));
#2078 = CARTESIAN_POINT('',(69.41321306468,3.202840663636,225.));
#2079 = CARTESIAN_POINT('',(68.665708027889,3.31067477854,225.));
#2080 = CARTESIAN_POINT('',(67.824969626706,3.429348459609,225.));
#2081 = CARTESIAN_POINT('',(66.893278724743,3.558073106416,225.));
#2082 = CARTESIAN_POINT('',(65.873272325359,3.695584068533,225.));
#2083 = CARTESIAN_POINT('',(64.767807029726,3.840697344742,225.));
#2084 = CARTESIAN_POINT('',(63.579992292968,3.99215394581,225.));
#2085 = CARTESIAN_POINT('',(62.313169801129,4.148684339977,225.));
#2086 = CARTESIAN_POINT('',(60.970908458415,4.30900293802,225.));
#2087 = CARTESIAN_POINT('',(59.55699380414,4.471820842084,225.));
#2088 = CARTESIAN_POINT('',(58.075418274062,4.635850153332,225.));
#2089 = CARTESIAN_POINT('',(56.530370443333,4.799807802431,225.));
#2090 = CARTESIAN_POINT('',(54.926223844612,4.962416762318,225.));
#2091 = CARTESIAN_POINT('',(53.267525233257,5.122405634294,225.));
#2092 = CARTESIAN_POINT('',(51.558982378316,5.278506834721,225.));
#2093 = CARTESIAN_POINT('',(49.805451393489,5.429453950098,225.));
#2094 = CARTESIAN_POINT('',(48.011923634351,5.57397881789,225.));
#2095 = CARTESIAN_POINT('',(46.183512177592,5.7108089424,225.));
#2096 = CARTESIAN_POINT('',(44.325437893974,5.838665848507,225.));
#2097 = CARTESIAN_POINT('',(42.443015121599,5.956264942781,225.));
#2098 = CARTESIAN_POINT('',(40.541636942794,6.062317388224,225.));
#2099 = CARTESIAN_POINT('',(38.626760066786,6.155534390909,225.));
#2100 = CARTESIAN_POINT('',(36.703889320135,6.234634222046,225.));
#2101 = CARTESIAN_POINT('',(34.778561754634,6.298351982451,225.));
#2102 = CARTESIAN_POINT('',(32.856330373135,6.345452615896,225.));
#2103 = CARTESIAN_POINT('',(30.942747540641,6.374745073669,225.));
#2104 = CARTESIAN_POINT('',(29.043347944585,6.385104435324,225.));
#2105 = CARTESIAN_POINT('',(27.163631775521,6.375475134231,225.));
#2106 = CARTESIAN_POINT('',(25.309045891936,6.344951606572,225.));
#2107 = CARTESIAN_POINT('',(23.484971456234,6.292580705938,225.));
#2108 = CARTESIAN_POINT('',(21.689729361562,6.217889230712,225.));
#2109 = CARTESIAN_POINT('',(19.926726750665,6.118134664799,225.));
#2110 = CARTESIAN_POINT('',(18.202043883499,5.984222186282,225.));
#2111 = CARTESIAN_POINT('',(16.528073863339,5.819053958071,225.));
#2112 = CARTESIAN_POINT('',(14.912061068608,5.623240758302,225.));
#2113 = CARTESIAN_POINT('',(13.358934950436,5.398150485985,225.));
#2114 = CARTESIAN_POINT('',(11.873404075762,5.145254399904,225.));
#2115 = CARTESIAN_POINT('',(10.459924660001,4.866313796899,225.));
#2116 = CARTESIAN_POINT('',(9.12268280597,4.563303401771,225.));
#2117 = CARTESIAN_POINT('',(7.865575791635,4.23839405619,225.));
#2118 = CARTESIAN_POINT('',(6.692196152742,3.89391329818,225.));
#2119 = CARTESIAN_POINT('',(5.605817375441,3.53230473268,225.));
#2120 = CARTESIAN_POINT('',(4.609380897594,3.156081235021,225.));
#2121 = CARTESIAN_POINT('',(3.705483505356,2.767772918735,225.));
#2122 = CARTESIAN_POINT('',(2.896364016415,2.369867989192,225.));
#2123 = CARTESIAN_POINT('',(2.183888765558,1.964742058992,225.));
#2124 = CARTESIAN_POINT('',(1.569538030086,1.554566647408,225.));
#2125 = CARTESIAN_POINT('',(1.05440911003,1.141177096377,225.));
#2126 = CARTESIAN_POINT('',(0.639282660206,0.725881714489,225.));
#2127 = CARTESIAN_POINT('',(0.324902834158,0.309217518307,225.));
#2128 = CARTESIAN_POINT('',(0.112660845375,-0.109038232414,225.));
#2129 = CARTESIAN_POINT('',(5.631136196037E-03,-0.528910817436,225.));
#2130 = CARTESIAN_POINT('',(7.380026727183E-03,-0.944349941989,225.));
#2131 = CARTESIAN_POINT('',(0.114215306456,-1.345689813296,225.));
#2132 = CARTESIAN_POINT('',(0.326118018748,-1.723025360148,225.));
#2133 = CARTESIAN_POINT('',(0.637327569393,-2.072094174711,225.));
#2134 = CARTESIAN_POINT('',(1.044311892464,-2.394419695445,225.));
#2135 = CARTESIAN_POINT('',(1.545238070296,-2.691408822422,225.));
#2136 = CARTESIAN_POINT('',(2.138756797074,-2.963763472589,225.));
#2137 = CARTESIAN_POINT('',(2.823381482708,-3.211643292087,225.));
#2138 = CARTESIAN_POINT('',(3.597305238556,-3.434950821306,225.));
#2139 = CARTESIAN_POINT('',(4.458398515535,-3.63350695049,225.));
#2140 = CARTESIAN_POINT('',(5.404247642437,-3.807153429588,225.));
#2141 = CARTESIAN_POINT('',(6.432195743917,-3.955811585322,225.));
#2142 = CARTESIAN_POINT('',(7.539376263918,-4.079520030746,225.));
#2143 = CARTESIAN_POINT('',(8.72273913763,-4.178460798512,225.));
#2144 = CARTESIAN_POINT('',(9.979070981582,-4.252978365253,225.));
#2145 = CARTESIAN_POINT('',(11.305010634091,-4.303592745383,225.));
#2146 = CARTESIAN_POINT('',(12.697061069495,-4.331008327262,225.));
#2147 = CARTESIAN_POINT('',(14.151598090434,-4.336113407158,225.));
#2148 = CARTESIAN_POINT('',(15.664877451828,-4.319990432823,225.));
#2149 = CARTESIAN_POINT('',(17.233036418349,-4.283857318413,225.));
#2150 = CARTESIAN_POINT('',(18.85210778105,-4.229253971643,225.));
#2151 = CARTESIAN_POINT('',(20.520063112744,-4.157153211054,225.));
#2152 = CARTESIAN_POINT('',(22.239953490156,-4.070748823432,225.));
#2153 = CARTESIAN_POINT('',(24.007057868095,-3.962622345751,225.));
#2154 = CARTESIAN_POINT('',(25.814545815484,-3.832178199983,225.));
#2155 = CARTESIAN_POINT('',(27.650516922391,-3.681745125961,225.));
#2156 = CARTESIAN_POINT('',(29.509895381512,-3.512725052191,225.));
#2157 = CARTESIAN_POINT('',(31.387547117851,-3.326766837904,225.));
#2158 = CARTESIAN_POINT('',(33.27827716161,-3.125528550057,225.));
#2159 = CARTESIAN_POINT('',(35.176846475119,-2.910711737657,225.));
#2160 = CARTESIAN_POINT('',(37.077984031893,-2.684023455236,225.));
#2161 = CARTESIAN_POINT('',(38.976400753105,-2.447160928125,225.));
#2162 = CARTESIAN_POINT('',(40.866803472845,-2.201793720155,225.));
#2163 = CARTESIAN_POINT('',(42.743909372126,-1.949550685404,225.));
#2164 = CARTESIAN_POINT('',(44.602460687603,-1.692010000287,225.));
#2165 = CARTESIAN_POINT('',(46.437239655876,-1.430692778795,225.));
#2166 = CARTESIAN_POINT('',(48.243083601309,-1.167059973693,225.));
#2167 = CARTESIAN_POINT('',(50.014900082788,-0.902512288528,225.));
#2168 = CARTESIAN_POINT('',(51.74768201074,-0.638392652142,225.));
#2169 = CARTESIAN_POINT('',(53.436522648679,-0.375990717715,225.));
#2170 = CARTESIAN_POINT('',(55.076630418051,-0.116548772936,225.));
#2171 = CARTESIAN_POINT('',(56.663343431364,0.138731588901,225.));
#2172 = CARTESIAN_POINT('',(58.192143687099,0.388682698368,225.));
#2173 = CARTESIAN_POINT('',(59.658670864066,0.632164554274,225.));
#2174 = CARTESIAN_POINT('',(61.058735673344,0.868059707792,225.));
#2175 = CARTESIAN_POINT('',(62.388332687398,1.095269584314,225.));
#2176 = CARTESIAN_POINT('',(63.643652728587,1.312713268906,225.));
#2177 = CARTESIAN_POINT('',(64.821094362912,1.519326779208,225.));
#2178 = CARTESIAN_POINT('',(65.917275889973,1.714070520585,225.));
#2179 = CARTESIAN_POINT('',(66.929043006664,1.895919400734,225.));
#2180 = CARTESIAN_POINT('',(67.853488038268,2.063920207613,225.));
#2181 = CARTESIAN_POINT('',(68.687928528467,2.217038253194,225.));
#2182 = CARTESIAN_POINT('',(69.430013219019,2.35468742226,225.));
#2183 = CARTESIAN_POINT('',(70.077425164157,2.475121003591,225.));
#2184 = CARTESIAN_POINT('',(70.628811986228,2.580358781648,225.));
#2185 = CARTESIAN_POINT('',(71.08109671783,2.661853833345,225.));
#2186 = CARTESIAN_POINT('',(71.436945565936,2.740224244767,225.));
#2187 = CARTESIAN_POINT('',(71.685658656391,2.763530105982,225.));
#2188 = CARTESIAN_POINT('',(71.85008103104,2.83855780692,225.));
#2189 = CARTESIAN_POINT('',(71.911728834121,2.800450121444,225.));
#2190 = CARTESIAN_POINT('',(71.928255790057,2.783000841218,225.));
#2191 = PCURVE('',#33,#2192);
#2192 = DEFINITIONAL_REPRESENTATION('',(#2193),#2197);
#2193 = LINE('',#2194,#2195);
#2194 = CARTESIAN_POINT('',(0.,1.));
#2195 = VECTOR('',#2196,1.);
#2196 = DIRECTION('',(1.,0.));
#2197 = ( GEOMETRIC_REPRESENTATION_CONTEXT(2) 
PARAMETRIC_REPRESENTATION_CONTEXT() REPRESENTATION_CONTEXT('2D SPACE',''
  ) );
#2198 = PCURVE('',#2199,#2204);
#2199 = PLANE('',#2200);
#2200 = AXIS2_PLACEMENT_3D('',#2201,#2202,#2203);
#2201 = CARTESIAN_POINT('',(71.923733963437,2.86928243302,225.));
#2202 = DIRECTION('',(-2.630591557122E-18,8.470493778469E-15,-1.));
#2203 = DIRECTION('',(-0.99889829199,-4.692762789907E-02,
    -3.94872486744E-16));
#2204 = DEFINITIONAL_REPRESENTATION('',(#2205),#2327);
#2205 = B_SPLINE_CURVE_WITH_KNOTS('',3,(#2206,#2207,#2208,#2209,#2210,
    #2211,#2212,#2213,#2214,#2215,#2216,#2217,#2218,#2219,#2220,#2221,
    #2222,#2223,#2224,#2225,#2226,#2227,#2228,#2229,#2230,#2231,#2232,
    #2233,#2234,#2235,#2236,#2237,#2238,#2239,#2240,#2241,#2242,#2243,
    #2244,#2245,#2246,#2247,#2248,#2249,#2250,#2251,#2252,#2253,#2254,
    #2255,#2256,#2257,#2258,#2259,#2260,#2261,#2262,#2263,#2264,#2265,
    #2266,#2267,#2268,#2269,#2270,#2271,#2272,#2273,#2274,#2275,#2276,
    #2277,#2278,#2279,#2280,#2281,#2282,#2283,#2284,#2285,#2286,#2287,
    #2288,#2289,#2290,#2291,#2292,#2293,#2294,#2295,#2296,#2297,#2298,
    #2299,#2300,#2301,#2302,#2303,#2304,#2305,#2306,#2307,#2308,#2309,
    #2310,#2311,#2312,#2313,#2314,#2315,#2316,#2317,#2318,#2319,#2320,
    #2321,#2322,#2323,#2324,#2325,#2326),.UNSPECIFIED.,.F.,.F.,(4,1,1,1,
    1,1,1,1,1,1,1,1,1,1,1,1,1,1,1,1,1,1,1,1,1,1,1,1,1,1,1,1,1,1,1,1,1,1,
    1,1,1,1,1,1,1,1,1,1,1,1,1,1,1,1,1,1,1,1,1,1,1,1,1,1,1,1,1,1,1,1,1,1,
    1,1,1,1,1,1,1,1,1,1,1,1,1,1,1,1,1,1,1,1,1,1,1,1,1,1,1,1,1,1,1,1,1,1,
    1,1,1,1,1,1,1,1,1,1,1,1,4),(0.,4.078407677411E-04,1.457980549597E-03
    ,3.204753366262E-03,5.642985368529E-03,8.765465479536E-03,
    1.256297669321E-02,1.702433495068E-02,2.213643470887E-02,
    2.788430025551E-02,3.425114182613E-02,4.121841563833E-02,
    4.876588706683E-02,5.687169632928E-02,6.551242622383E-02,
    7.466317164093E-02,8.429761075195E-02,9.438807794483E-02,
    0.104905638724,0.115820166915,0.1271004246,0.138714145282,
    0.1506281208,0.1628082925,0.175219847173,0.187827318137,
    0.200594691796,0.213485519815,0.22646303689,0.239490283867,
    0.252530235719,0.265545933618,0.278500620098,0.291357876051,
    0.304081758111,0.316636934886,0.328988820492,0.341103703964,
    0.353090161194,0.364812648141,0.376197519167,0.38721480852,
    0.397836016232,0.408034235542,0.417784287292,0.427062868614,
    0.435848726665,0.444122873021,0.451868861729,0.459073165549,
    0.465725703577,0.471820604191,0.477357338614,0.482342444921,
    0.486792194201,0.490736722153,0.49422623504,0.4973393663,
    0.500191267412,0.502933737755,0.505676143618,0.508526386493,
    0.511632585991,0.515105416054,0.519019187057,0.523420263997,
    0.528335467762,0.533778262572,0.539752873742,0.546256953268,
    0.553283311049,0.560821057132,0.568856370053,0.577373023458,
    0.586352753065,0.595775516221,0.605619678387,0.615862149932,
    0.626478489749,0.637442987668,0.648728734495,0.660350032239,
    0.672380507178,0.684646833505,0.697115935464,0.709753854552,
    0.722525869195,0.73539661944,0.748330235365,0.761290467738,
    0.774240819394,0.787144675907,0.799965434253,0.812666628411,
    0.825212051079,0.837565870937,0.849692745131,0.86155792689,
    0.873127368371,0.884367818963,0.89524691945,0.905733292442,
    0.915796629611,0.925407776187,0.934538813214,0.943163137948,
    0.951255542705,0.958792292319,0.965751200209,0.972111702872,
    0.977854932419,0.982963786569,0.987422995334,0.991219183478,
    0.994340927712,0.996778807537,0.998525448648,0.999575557896,1.),
  .UNSPECIFIED.);
#2206 = CARTESIAN_POINT('',(0.,0.));
#2207 = CARTESIAN_POINT('',(1.568617091181E-02,-1.705344595016E-02));
#2208 = CARTESIAN_POINT('',(7.600235169686E-02,-5.579511859738E-02));
#2209 = CARTESIAN_POINT('',(0.239833795062,2.283241671652E-02));
#2210 = CARTESIAN_POINT('',(0.48773963144,4.744204416191E-02));
#2211 = CARTESIAN_POINT('',(0.843106172299,0.129894868326));
#2212 = CARTESIAN_POINT('',(1.294634060865,0.215405004818));
#2213 = CARTESIAN_POINT('',(1.845330974877,0.325505704801));
#2214 = CARTESIAN_POINT('',(2.492101941244,0.451003537411));
#2215 = CARTESIAN_POINT('',(3.233723046529,0.593797488826));
#2216 = CARTESIAN_POINT('',(4.067966125134,0.751794285001));
#2217 = CARTESIAN_POINT('',(4.992589833441,0.924099158798));
#2218 = CARTESIAN_POINT('',(6.005019420341,1.109325104751));
#2219 = CARTESIAN_POINT('',(7.102456994174,1.306155372551));
#2220 = CARTESIAN_POINT('',(8.281855606904,1.513186440647));
#2221 = CARTESIAN_POINT('',(9.539936830164,1.728993358536));
#2222 = CARTESIAN_POINT('',(10.873196021289,1.95212447313));
#2223 = CARTESIAN_POINT('',(12.277912296446,2.181114660181));
#2224 = CARTESIAN_POINT('',(13.750158056412,2.414490084204));
#2225 = CARTESIAN_POINT('',(15.285809552022,2.650772529533));
#2226 = CARTESIAN_POINT('',(16.880557996822,2.888481136507));
#2227 = CARTESIAN_POINT('',(18.529921308378,3.126132538692));
#2228 = CARTESIAN_POINT('',(20.229256388922,3.362239624522));
#2229 = CARTESIAN_POINT('',(21.973771904553,3.595309489818));
#2230 = CARTESIAN_POINT('',(23.758541510575,3.823841136713));
#2231 = CARTESIAN_POINT('',(25.578517478617,4.046323526869));
#2232 = CARTESIAN_POINT('',(27.428544685599,4.261234590588));
#2233 = CARTESIAN_POINT('',(29.303374931189,4.467041760408));
#2234 = CARTESIAN_POINT('',(31.197681556726,4.662204534694));
#2235 = CARTESIAN_POINT('',(33.106074344726,4.845179468969));
#2236 = CARTESIAN_POINT('',(35.023114681829,5.014427918086));
#2237 = CARTESIAN_POINT('',(36.943330975178,5.168426535701));
#2238 = CARTESIAN_POINT('',(38.861234297966,5.305681037008));
#2239 = CARTESIAN_POINT('',(40.771334295366,5.424741126163));
#2240 = CARTESIAN_POINT('',(42.668155167403,5.524223392302));
#2241 = CARTESIAN_POINT('',(44.546252318365,5.602815320825));
#2242 = CARTESIAN_POINT('',(46.400227386575,5.659356737433));
#2243 = CARTESIAN_POINT('',(48.224749866997,5.692643020617));
#2244 = CARTESIAN_POINT('',(50.021519222829,5.702280286596));
#2245 = CARTESIAN_POINT('',(51.787260764778,5.685369151596));
#2246 = CARTESIAN_POINT('',(53.516327729976,5.632539481364));
#2247 = CARTESIAN_POINT('',(55.19620447711,5.546108662533));
#2248 = CARTESIAN_POINT('',(56.819625946578,5.426346838846));
#2249 = CARTESIAN_POINT('',(58.381603925806,5.274389074839));
#2250 = CARTESIAN_POINT('',(59.877365992641,5.091484046521));
#2251 = CARTESIAN_POINT('',(61.302378187631,4.879181990679));
#2252 = CARTESIAN_POINT('',(62.652366350672,4.639259012667));
#2253 = CARTESIAN_POINT('',(63.923335625009,4.373700672513));
#2254 = CARTESIAN_POINT('',(65.111588206985,4.084663354792));
#2255 = CARTESIAN_POINT('',(66.213739544292,3.774434355364));
#2256 = CARTESIAN_POINT('',(67.226733516394,3.445385746404));
#2257 = CARTESIAN_POINT('',(68.147857465812,3.099922992982));
#2258 = CARTESIAN_POINT('',(68.974758275803,2.74042649679));
#2259 = CARTESIAN_POINT('',(69.705460185873,2.369181670533));
#2260 = CARTESIAN_POINT('',(70.338382645307,1.988288175198));
#2261 = CARTESIAN_POINT('',(70.872343434734,1.599527837028));
#2262 = CARTESIAN_POINT('',(71.306501363572,1.204170888957));
#2263 = CARTESIAN_POINT('',(71.640087897205,0.802718834554));
#2264 = CARTESIAN_POINT('',(71.871723807525,0.394883892618));
#2265 = CARTESIAN_POINT('',(71.998339225651,-1.950346504759E-02));
#2266 = CARTESIAN_POINT('',(72.016087834539,-0.434566968274));
#2267 = CARTESIAN_POINT('',(71.928204184235,-0.840478206483));
#2268 = CARTESIAN_POINT('',(71.734242388994,-1.227342131373));
#2269 = CARTESIAN_POINT('',(71.439756671845,-1.590630700019));
#2270 = CARTESIAN_POINT('',(71.048346698762,-1.931699921019));
#2271 = CARTESIAN_POINT('',(70.561909390554,-2.251869129974));
#2272 = CARTESIAN_POINT('',(69.981825505791,-2.551776150802));
#2273 = CARTESIAN_POINT('',(69.309587488591,-2.831510691615));
#2274 = CARTESIAN_POINT('',(68.546995663382,-3.090890607178));
#2275 = CARTESIAN_POINT('',(67.696168827911,-3.329637050372));
#2276 = CARTESIAN_POINT('',(66.759510567926,-3.547478677629));
#2277 = CARTESIAN_POINT('',(65.739671139721,-3.744212221488));
#2278 = CARTESIAN_POINT('',(64.639515753261,-3.919741731786));
#2279 = CARTESIAN_POINT('',(63.462099655441,-4.074105908323));
#2280 = CARTESIAN_POINT('',(62.210648854989,-4.207498051754));
#2281 = CARTESIAN_POINT('',(60.888545213613,-4.320279872246));
#2282 = CARTESIAN_POINT('',(59.49931495955,-4.412990875008));
#2283 = CARTESIAN_POINT('',(58.046619982989,-4.486348302681));
#2284 = CARTESIAN_POINT('',(56.534251200648,-4.541257701934));
#2285 = CARTESIAN_POINT('',(54.966124246075,-4.578754376133));
#2286 = CARTESIAN_POINT('',(53.346274221724,-4.600190364758));
#2287 = CARTESIAN_POINT('',(51.676772972115,-4.606442225314));
#2288 = CARTESIAN_POINT('',(49.954722658758,-4.600843405756));
#2289 = CARTESIAN_POINT('',(48.184490994757,-4.575762068588));
#2290 = CARTESIAN_POINT('',(46.372872936984,-4.530282756007));
#2291 = CARTESIAN_POINT('',(44.53186506683,-4.466173184246));
#2292 = CARTESIAN_POINT('',(42.666603388723,-4.384595541699));
#2293 = CARTESIAN_POINT('',(40.782293698458,-4.286955941073));
#2294 = CARTESIAN_POINT('',(38.884203051643,-4.174666835011));
#2295 = CARTESIAN_POINT('',(36.977644563716,-4.049182042299));
#2296 = CARTESIAN_POINT('',(35.067963562051,-3.911959380024));
#2297 = CARTESIAN_POINT('',(33.160522945212,-3.764445999746));
#2298 = CARTESIAN_POINT('',(31.260688396257,-3.608061230206));
#2299 = CARTESIAN_POINT('',(29.373813352306,-3.444184220796));
#2300 = CARTESIAN_POINT('',(27.505223844262,-3.274144674879));
#2301 = CARTESIAN_POINT('',(25.660203269341,-3.099217173363));
#2302 = CARTESIAN_POINT('',(23.843977174469,-2.920618787349));
#2303 = CARTESIAN_POINT('',(22.06169812207,-2.739509701037));
#2304 = CARTESIAN_POINT('',(20.31843070583,-2.556996392915));
#2305 = CARTESIAN_POINT('',(18.619136776811,-2.374136833839));
#2306 = CARTESIAN_POINT('',(16.968660932261,-2.191947085444));
#2307 = CARTESIAN_POINT('',(15.371716311555,-2.011408645898));
#2308 = CARTESIAN_POINT('',(13.832870734649,-1.833475879103));
#2309 = CARTESIAN_POINT('',(12.356533216487,-1.659082910773));
#2310 = CARTESIAN_POINT('',(10.946940869837,-1.48914936524));
#2311 = CARTESIAN_POINT('',(9.608146262923,-1.32458464159));
#2312 = CARTESIAN_POINT('',(8.34400510156,-1.166289708235));
#2313 = CARTESIAN_POINT('',(7.158164782185,-1.01515836858));
#2314 = CARTESIAN_POINT('',(6.054052065262,-0.872070376755));
#2315 = CARTESIAN_POINT('',(5.034865883927,-0.737901671747));
#2316 = CARTESIAN_POINT('',(4.103555441467,-0.613467965158));
#2317 = CARTESIAN_POINT('',(3.262848794372,-0.499676923783));
#2318 = CARTESIAN_POINT('',(2.515122115482,-0.397003678137));
#2319 = CARTESIAN_POINT('',(1.862771766979,-0.307084286305));
#2320 = CARTESIAN_POINT('',(1.307053852897,-0.227837725167));
#2321 = CARTESIAN_POINT('',(0.851443037545,-0.167657106809));
#2322 = CARTESIAN_POINT('',(0.49230849346,-0.10607217903));
#2323 = CARTESIAN_POINT('',(0.242775723426,-9.446350943187E-02));
#2324 = CARTESIAN_POINT('',(7.501362219274E-02,-2.723441912816E-02));
#2325 = CARTESIAN_POINT('',(1.522204027458E-02,-6.819310622597E-02));
#2326 = CARTESIAN_POINT('',(-4.678544521255E-04,-8.639873327898E-02));
#2327 = ( GEOMETRIC_REPRESENTATION_CONTEXT(2) 
PARAMETRIC_REPRESENTATION_CONTEXT() REPRESENTATION_CONTEXT('2D SPACE',''
  ) );
#2328 = ORIENTED_EDGE('',*,*,#2329,.F.);
#2329 = EDGE_CURVE('',#2330,#2066,#2332,.T.);
#2330 = VERTEX_POINT('',#2331);
#2331 = CARTESIAN_POINT('',(15.001029239272,5.633999962843,215.));
#2332 = SURFACE_CURVE('',#2333,(#2339,#2348),.PCURVE_S1.);
#2333 = B_SPLINE_CURVE_WITH_KNOTS('',4,(#2334,#2335,#2336,#2337,#2338),
  .UNSPECIFIED.,.F.,.F.,(5,5),(0.,1.),.PIECEWISE_BEZIER_KNOTS.);
#2334 = CARTESIAN_POINT('',(15.001029239272,5.633999962843,215.));
#2335 = CARTESIAN_POINT('',(15.001097970237,5.632688497906,
    217.49999999817));
#2336 = CARTESIAN_POINT('',(15.001166579496,5.631379355257,
    219.99999999756));
#2337 = CARTESIAN_POINT('',(15.001235067128,5.630072533393,
    222.49999999817));
#2338 = CARTESIAN_POINT('',(15.00130343321,5.628768030831,225.));
#2339 = PCURVE('',#33,#2340);
#2340 = DEFINITIONAL_REPRESENTATION('',(#2341),#2347);
#2341 = B_SPLINE_CURVE_WITH_KNOTS('',4,(#2342,#2343,#2344,#2345,#2346),
  .UNSPECIFIED.,.F.,.F.,(5,5),(0.,1.),.PIECEWISE_BEZIER_KNOTS.);
#2342 = CARTESIAN_POINT('',(0.386570836104,0.955555555556));
#2343 = CARTESIAN_POINT('',(0.38654801622,0.966666666659));
#2344 = CARTESIAN_POINT('',(0.386525201995,0.977777777767));
#2345 = CARTESIAN_POINT('',(0.38650239342,0.988888888881));
#2346 = CARTESIAN_POINT('',(0.386479590441,1.));
#2347 = ( GEOMETRIC_REPRESENTATION_CONTEXT(2) 
PARAMETRIC_REPRESENTATION_CONTEXT() REPRESENTATION_CONTEXT('2D SPACE',''
  ) );
#2348 = PCURVE('',#2051,#2349);
#2349 = DEFINITIONAL_REPRESENTATION('',(#2350),#2356);
#2350 = B_SPLINE_CURVE_WITH_KNOTS('',4,(#2351,#2352,#2353,#2354,#2355),
  .UNSPECIFIED.,.F.,.F.,(5,5),(0.,1.),.PIECEWISE_BEZIER_KNOTS.);
#2351 = CARTESIAN_POINT('',(14.216767235791,0.));
#2352 = CARTESIAN_POINT('',(14.218080500513,-2.499999998172));
#2353 = CARTESIAN_POINT('',(14.219391439758,-4.999999997565));
#2354 = CARTESIAN_POINT('',(14.220700055033,-7.499999998176));
#2355 = CARTESIAN_POINT('',(14.222006347824,-10.));
#2356 = ( GEOMETRIC_REPRESENTATION_CONTEXT(2) 
PARAMETRIC_REPRESENTATION_CONTEXT() REPRESENTATION_CONTEXT('2D SPACE',''
  ) );
#2357 = ORIENTED_EDGE('',*,*,#2358,.T.);
#2358 = EDGE_CURVE('',#2330,#2359,#2361,.T.);
#2359 = VERTEX_POINT('',#2360);
#2360 = CARTESIAN_POINT('',(20.382187873715,6.134918610902,215.));
#2361 = SURFACE_CURVE('',#2362,(#2377,#2395),.PCURVE_S1.);
#2362 = B_SPLINE_CURVE_WITH_KNOTS('',5,(#2363,#2364,#2365,#2366,#2367,
    #2368,#2369,#2370,#2371,#2372,#2373,#2374,#2375,#2376),
  .UNSPECIFIED.,.F.,.F.,(6,4,4,6),(0.,0.485228150531,0.731428320529,1.),
  .UNSPECIFIED.);
#2363 = CARTESIAN_POINT('',(15.001029239272,5.633999962843,215.));
#2364 = CARTESIAN_POINT('',(15.521266358124,5.701355370403,215.));
#2365 = CARTESIAN_POINT('',(16.04214480793,5.763756941125,215.));
#2366 = CARTESIAN_POINT('',(16.563574286292,5.821409851983,215.));
#2367 = CARTESIAN_POINT('',(17.085475829002,5.874522549502,215.));
#2368 = CARTESIAN_POINT('',(17.872794920245,5.948059391143,215.));
#2369 = CARTESIAN_POINT('',(18.137912226255,5.971694679052,215.));
#2370 = CARTESIAN_POINT('',(18.403123994409,5.994255035061,215.));
#2371 = CARTESIAN_POINT('',(18.668423610291,6.015744693252,215.));
#2372 = CARTESIAN_POINT('',(19.223302460324,6.058439409221,215.));
#2373 = CARTESIAN_POINT('',(19.512897952565,6.079438001225,215.));
#2374 = CARTESIAN_POINT('',(19.802581103721,6.099197024685,215.));
#2375 = CARTESIAN_POINT('',(20.092350142088,6.117633999992,215.));
#2376 = CARTESIAN_POINT('',(20.382187873715,6.134918610902,215.));
#2377 = PCURVE('',#33,#2378);
#2378 = DEFINITIONAL_REPRESENTATION('',(#2379),#2394);
#2379 = B_SPLINE_CURVE_WITH_KNOTS('',5,(#2380,#2381,#2382,#2383,#2384,
    #2385,#2386,#2387,#2388,#2389,#2390,#2391,#2392,#2393),
  .UNSPECIFIED.,.F.,.F.,(6,4,4,6),(0.,0.485228150531,0.731428320529,1.),
  .UNSPECIFIED.);
#2380 = CARTESIAN_POINT('',(0.3865708361,0.955555555556));
#2381 = CARTESIAN_POINT('',(0.383023279012,0.955555555556));
#2382 = CARTESIAN_POINT('',(0.379475723674,0.955555555556));
#2383 = CARTESIAN_POINT('',(0.3759281544,0.955555555556));
#2384 = CARTESIAN_POINT('',(0.372380574807,0.955555555556));
#2385 = CARTESIAN_POINT('',(0.367033005904,0.955555555556));
#2386 = CARTESIAN_POINT('',(0.365233008386,0.955555555556));
#2387 = CARTESIAN_POINT('',(0.363433009167,0.955555555556));
#2388 = CARTESIAN_POINT('',(0.361633010321,0.955555555556));
#2389 = CARTESIAN_POINT('',(0.357869444193,0.955555555556));
#2390 = CARTESIAN_POINT('',(0.355905873487,0.955555555556));
#2391 = CARTESIAN_POINT('',(0.353942302097,0.955555555556));
#2392 = CARTESIAN_POINT('',(0.351978715929,0.955555555556));
#2393 = CARTESIAN_POINT('',(0.350015132103,0.955555555556));
#2394 = ( GEOMETRIC_REPRESENTATION_CONTEXT(2) 
PARAMETRIC_REPRESENTATION_CONTEXT() REPRESENTATION_CONTEXT('2D SPACE',''
  ) );
#2395 = PCURVE('',#2004,#2396);
#2396 = DEFINITIONAL_REPRESENTATION('',(#2397),#2412);
#2397 = B_SPLINE_CURVE_WITH_KNOTS('',5,(#2398,#2399,#2400,#2401,#2402,
    #2403,#2404,#2405,#2406,#2407,#2408,#2409,#2410,#2411),
  .UNSPECIFIED.,.F.,.F.,(6,4,4,6),(0.,0.485228150531,0.731428320529,1.),
  .UNSPECIFIED.);
#2398 = CARTESIAN_POINT('',(-2.7,5.783232764209));
#2399 = CARTESIAN_POINT('',(-2.176950738377,5.823268756435));
#2400 = CARTESIAN_POINT('',(-1.653520288508,5.858324136216));
#2401 = CARTESIAN_POINT('',(-1.129788090905,5.8886085254));
#2402 = CARTESIAN_POINT('',(-0.605822092307,5.914334217511));
#2403 = CARTESIAN_POINT('',(0.184266626411,5.946565181957));
#2404 = CARTESIAN_POINT('',(0.450257573761,5.9562929108));
#2405 = CARTESIAN_POINT('',(0.716286596209,5.964942237131));
#2406 = CARTESIAN_POINT('',(0.982347309998,5.972517735405));
#2407 = CARTESIAN_POINT('',(1.538700186639,5.986113824534));
#2408 = CARTESIAN_POINT('',(1.828997779715,5.991927381687));
#2409 = CARTESIAN_POINT('',(2.119318037567,5.996498481369));
#2410 = CARTESIAN_POINT('',(2.409654874271,5.99974484973));
#2411 = CARTESIAN_POINT('',(2.7,6.001836837841));
#2412 = ( GEOMETRIC_REPRESENTATION_CONTEXT(2) 
PARAMETRIC_REPRESENTATION_CONTEXT() REPRESENTATION_CONTEXT('2D SPACE',''
  ) );
#2413 = ORIENTED_EDGE('',*,*,#2414,.T.);
#2414 = EDGE_CURVE('',#2359,#2415,#2417,.T.);
#2415 = VERTEX_POINT('',#2416);
#2416 = CARTESIAN_POINT('',(20.381852973551,6.141308886706,225.));
#2417 = SURFACE_CURVE('',#2418,(#2424,#2433),.PCURVE_S1.);
#2418 = B_SPLINE_CURVE_WITH_KNOTS('',4,(#2419,#2420,#2421,#2422,#2423),
  .UNSPECIFIED.,.F.,.F.,(5,5),(0.,1.),.PIECEWISE_BEZIER_KNOTS.);
#2419 = CARTESIAN_POINT('',(20.382187873715,6.134918610902,215.));
#2420 = CARTESIAN_POINT('',(20.382104348022,6.136512376059,
    217.50000000243));
#2421 = CARTESIAN_POINT('',(20.382020689529,6.138108675202,
    220.00000000325));
#2422 = CARTESIAN_POINT('',(20.381936898088,6.139707511142,
    222.50000000244));
#2423 = CARTESIAN_POINT('',(20.381852973551,6.141308886706,225.));
#2424 = PCURVE('',#33,#2425);
#2425 = DEFINITIONAL_REPRESENTATION('',(#2426),#2432);
#2426 = B_SPLINE_CURVE_WITH_KNOTS('',4,(#2427,#2428,#2429,#2430,#2431),
  .UNSPECIFIED.,.F.,.F.,(5,5),(0.,1.),.PIECEWISE_BEZIER_KNOTS.);
#2427 = CARTESIAN_POINT('',(0.350015131125,0.955555555556));
#2428 = CARTESIAN_POINT('',(0.34999151681,0.966666666677));
#2429 = CARTESIAN_POINT('',(0.349967894013,0.977777777792));
#2430 = CARTESIAN_POINT('',(0.349944262657,0.9888888889));
#2431 = CARTESIAN_POINT('',(0.349920622734,1.));
#2432 = ( GEOMETRIC_REPRESENTATION_CONTEXT(2) 
PARAMETRIC_REPRESENTATION_CONTEXT() REPRESENTATION_CONTEXT('2D SPACE',''
  ) );
#2433 = PCURVE('',#1944,#2434);
#2434 = DEFINITIONAL_REPRESENTATION('',(#2435),#2441);
#2435 = B_SPLINE_CURVE_WITH_KNOTS('',4,(#2436,#2437,#2438,#2439,#2440),
  .UNSPECIFIED.,.F.,.F.,(5,5),(0.,1.),.PIECEWISE_BEZIER_KNOTS.);
#2436 = CARTESIAN_POINT('',(26.001836837841,0.));
#2437 = CARTESIAN_POINT('',(26.003432790195,-2.500000002435));
#2438 = CARTESIAN_POINT('',(26.005031280013,-5.000000003251));
#2439 = CARTESIAN_POINT('',(26.006632310109,-7.500000002441));
#2440 = CARTESIAN_POINT('',(26.008235883314,-10.));
#2441 = ( GEOMETRIC_REPRESENTATION_CONTEXT(2) 
PARAMETRIC_REPRESENTATION_CONTEXT() REPRESENTATION_CONTEXT('2D SPACE',''
  ) );
#2442 = ORIENTED_EDGE('',*,*,#2443,.F.);
#2443 = EDGE_CURVE('',#24,#2415,#2444,.T.);
#2444 = SURFACE_CURVE('',#2445,(#2567,#2574),.PCURVE_S1.);
#2445 = B_SPLINE_CURVE_WITH_KNOTS('',3,(#2446,#2447,#2448,#2449,#2450,
    #2451,#2452,#2453,#2454,#2455,#2456,#2457,#2458,#2459,#2460,#2461,
    #2462,#2463,#2464,#2465,#2466,#2467,#2468,#2469,#2470,#2471,#2472,
    #2473,#2474,#2475,#2476,#2477,#2478,#2479,#2480,#2481,#2482,#2483,
    #2484,#2485,#2486,#2487,#2488,#2489,#2490,#2491,#2492,#2493,#2494,
    #2495,#2496,#2497,#2498,#2499,#2500,#2501,#2502,#2503,#2504,#2505,
    #2506,#2507,#2508,#2509,#2510,#2511,#2512,#2513,#2514,#2515,#2516,
    #2517,#2518,#2519,#2520,#2521,#2522,#2523,#2524,#2525,#2526,#2527,
    #2528,#2529,#2530,#2531,#2532,#2533,#2534,#2535,#2536,#2537,#2538,
    #2539,#2540,#2541,#2542,#2543,#2544,#2545,#2546,#2547,#2548,#2549,
    #2550,#2551,#2552,#2553,#2554,#2555,#2556,#2557,#2558,#2559,#2560,
    #2561,#2562,#2563,#2564,#2565,#2566),.UNSPECIFIED.,.F.,.F.,(4,1,1,1,
    1,1,1,1,1,1,1,1,1,1,1,1,1,1,1,1,1,1,1,1,1,1,1,1,1,1,1,1,1,1,1,1,1,1,
    1,1,1,1,1,1,1,1,1,1,1,1,1,1,1,1,1,1,1,1,1,1,1,1,1,1,1,1,1,1,1,1,1,1,
    1,1,1,1,1,1,1,1,1,1,1,1,1,1,1,1,1,1,1,1,1,1,1,1,1,1,1,1,1,1,1,1,1,1,
    1,1,1,1,1,1,1,1,1,1,1,1,4),(0.,4.078407677411E-04,1.457980549597E-03
    ,3.204753366262E-03,5.642985368529E-03,8.765465479536E-03,
    1.256297669321E-02,1.702433495068E-02,2.213643470887E-02,
    2.788430025551E-02,3.425114182613E-02,4.121841563833E-02,
    4.876588706683E-02,5.687169632928E-02,6.551242622383E-02,
    7.466317164093E-02,8.429761075195E-02,9.438807794483E-02,
    0.104905638724,0.115820166915,0.1271004246,0.138714145282,
    0.1506281208,0.1628082925,0.175219847173,0.187827318137,
    0.200594691796,0.213485519815,0.22646303689,0.239490283867,
    0.252530235719,0.265545933618,0.278500620098,0.291357876051,
    0.304081758111,0.316636934886,0.328988820492,0.341103703964,
    0.353090161194,0.364812648141,0.376197519167,0.38721480852,
    0.397836016232,0.408034235542,0.417784287292,0.427062868614,
    0.435848726665,0.444122873021,0.451868861729,0.459073165549,
    0.465725703577,0.471820604191,0.477357338614,0.482342444921,
    0.486792194201,0.490736722153,0.49422623504,0.4973393663,
    0.500191267412,0.502933737755,0.505676143618,0.508526386493,
    0.511632585991,0.515105416054,0.519019187057,0.523420263997,
    0.528335467762,0.533778262572,0.539752873742,0.546256953268,
    0.553283311049,0.560821057132,0.568856370053,0.577373023458,
    0.586352753065,0.595775516221,0.605619678387,0.615862149932,
    0.626478489749,0.637442987668,0.648728734495,0.660350032239,
    0.672380507178,0.684646833505,0.697115935464,0.709753854552,
    0.722525869195,0.73539661944,0.748330235365,0.761290467738,
    0.774240819394,0.787144675907,0.799965434253,0.812666628411,
    0.825212051079,0.837565870937,0.849692745131,0.86155792689,
    0.873127368371,0.884367818963,0.89524691945,0.905733292442,
    0.915796629611,0.925407776187,0.934538813214,0.943163137948,
    0.951255542705,0.958792292319,0.965751200209,0.972111702872,
    0.977854932419,0.982963786569,0.987422995334,0.991219183478,
    0.994340927712,0.996778807537,0.998525448648,0.999575557896,1.),
  .UNSPECIFIED.);
#2446 = CARTESIAN_POINT('',(71.923733963437,2.86928243302,225.));
#2447 = CARTESIAN_POINT('',(71.908865351872,2.851511660197,225.));
#2448 = CARTESIAN_POINT('',(71.850433676704,2.809982174272,225.));
#2449 = CARTESIAN_POINT('',(71.683092924033,2.880834863988,225.));
#2450 = CARTESIAN_POINT('',(71.434305336061,2.893783745966,225.));
#2451 = CARTESIAN_POINT('',(71.075460989915,2.959469222397,225.));
#2452 = CARTESIAN_POINT('',(70.620417765374,3.023696018945,225.));
#2453 = CARTESIAN_POINT('',(70.065160793883,3.107832520239,225.));
#2454 = CARTESIAN_POINT('',(69.41321306468,3.202840663636,225.));
#2455 = CARTESIAN_POINT('',(68.665708027889,3.31067477854,225.));
#2456 = CARTESIAN_POINT('',(67.824969626706,3.429348459609,225.));
#2457 = CARTESIAN_POINT('',(66.893278724743,3.558073106416,225.));
#2458 = CARTESIAN_POINT('',(65.873272325359,3.695584068533,225.));
#2459 = CARTESIAN_POINT('',(64.767807029726,3.840697344742,225.));
#2460 = CARTESIAN_POINT('',(63.579992292968,3.99215394581,225.));
#2461 = CARTESIAN_POINT('',(62.313169801129,4.148684339977,225.));
#2462 = CARTESIAN_POINT('',(60.970908458415,4.30900293802,225.));
#2463 = CARTESIAN_POINT('',(59.55699380414,4.471820842084,225.));
#2464 = CARTESIAN_POINT('',(58.075418274062,4.635850153332,225.));
#2465 = CARTESIAN_POINT('',(56.530370443333,4.799807802431,225.));
#2466 = CARTESIAN_POINT('',(54.926223844612,4.962416762318,225.));
#2467 = CARTESIAN_POINT('',(53.267525233257,5.122405634294,225.));
#2468 = CARTESIAN_POINT('',(51.558982378316,5.278506834721,225.));
#2469 = CARTESIAN_POINT('',(49.805451393489,5.429453950098,225.));
#2470 = CARTESIAN_POINT('',(48.011923634351,5.57397881789,225.));
#2471 = CARTESIAN_POINT('',(46.183512177592,5.7108089424,225.));
#2472 = CARTESIAN_POINT('',(44.325437893974,5.838665848507,225.));
#2473 = CARTESIAN_POINT('',(42.443015121599,5.956264942781,225.));
#2474 = CARTESIAN_POINT('',(40.541636942794,6.062317388224,225.));
#2475 = CARTESIAN_POINT('',(38.626760066786,6.155534390909,225.));
#2476 = CARTESIAN_POINT('',(36.703889320135,6.234634222046,225.));
#2477 = CARTESIAN_POINT('',(34.778561754634,6.298351982451,225.));
#2478 = CARTESIAN_POINT('',(32.856330373135,6.345452615896,225.));
#2479 = CARTESIAN_POINT('',(30.942747540641,6.374745073669,225.));
#2480 = CARTESIAN_POINT('',(29.043347944585,6.385104435324,225.));
#2481 = CARTESIAN_POINT('',(27.163631775521,6.375475134231,225.));
#2482 = CARTESIAN_POINT('',(25.309045891936,6.344951606572,225.));
#2483 = CARTESIAN_POINT('',(23.484971456234,6.292580705938,225.));
#2484 = CARTESIAN_POINT('',(21.689729361562,6.217889230712,225.));
#2485 = CARTESIAN_POINT('',(19.926726750665,6.118134664799,225.));
#2486 = CARTESIAN_POINT('',(18.202043883499,5.984222186282,225.));
#2487 = CARTESIAN_POINT('',(16.528073863339,5.819053958071,225.));
#2488 = CARTESIAN_POINT('',(14.912061068608,5.623240758302,225.));
#2489 = CARTESIAN_POINT('',(13.358934950436,5.398150485985,225.));
#2490 = CARTESIAN_POINT('',(11.873404075762,5.145254399904,225.));
#2491 = CARTESIAN_POINT('',(10.459924660001,4.866313796899,225.));
#2492 = CARTESIAN_POINT('',(9.12268280597,4.563303401771,225.));
#2493 = CARTESIAN_POINT('',(7.865575791635,4.23839405619,225.));
#2494 = CARTESIAN_POINT('',(6.692196152742,3.89391329818,225.));
#2495 = CARTESIAN_POINT('',(5.605817375441,3.53230473268,225.));
#2496 = CARTESIAN_POINT('',(4.609380897594,3.156081235021,225.));
#2497 = CARTESIAN_POINT('',(3.705483505356,2.767772918735,225.));
#2498 = CARTESIAN_POINT('',(2.896364016415,2.369867989192,225.));
#2499 = CARTESIAN_POINT('',(2.183888765558,1.964742058992,225.));
#2500 = CARTESIAN_POINT('',(1.569538030086,1.554566647408,225.));
#2501 = CARTESIAN_POINT('',(1.05440911003,1.141177096377,225.));
#2502 = CARTESIAN_POINT('',(0.639282660206,0.725881714489,225.));
#2503 = CARTESIAN_POINT('',(0.324902834158,0.309217518307,225.));
#2504 = CARTESIAN_POINT('',(0.112660845375,-0.109038232414,225.));
#2505 = CARTESIAN_POINT('',(5.631136196037E-03,-0.528910817436,225.));
#2506 = CARTESIAN_POINT('',(7.380026727183E-03,-0.944349941989,225.));
#2507 = CARTESIAN_POINT('',(0.114215306456,-1.345689813296,225.));
#2508 = CARTESIAN_POINT('',(0.326118018748,-1.723025360148,225.));
#2509 = CARTESIAN_POINT('',(0.637327569393,-2.072094174711,225.));
#2510 = CARTESIAN_POINT('',(1.044311892464,-2.394419695445,225.));
#2511 = CARTESIAN_POINT('',(1.545238070296,-2.691408822422,225.));
#2512 = CARTESIAN_POINT('',(2.138756797074,-2.963763472589,225.));
#2513 = CARTESIAN_POINT('',(2.823381482708,-3.211643292087,225.));
#2514 = CARTESIAN_POINT('',(3.597305238556,-3.434950821306,225.));
#2515 = CARTESIAN_POINT('',(4.458398515535,-3.63350695049,225.));
#2516 = CARTESIAN_POINT('',(5.404247642437,-3.807153429588,225.));
#2517 = CARTESIAN_POINT('',(6.432195743917,-3.955811585322,225.));
#2518 = CARTESIAN_POINT('',(7.539376263918,-4.079520030746,225.));
#2519 = CARTESIAN_POINT('',(8.72273913763,-4.178460798512,225.));
#2520 = CARTESIAN_POINT('',(9.979070981582,-4.252978365253,225.));
#2521 = CARTESIAN_POINT('',(11.305010634091,-4.303592745383,225.));
#2522 = CARTESIAN_POINT('',(12.697061069495,-4.331008327262,225.));
#2523 = CARTESIAN_POINT('',(14.151598090434,-4.336113407158,225.));
#2524 = CARTESIAN_POINT('',(15.664877451828,-4.319990432823,225.));
#2525 = CARTESIAN_POINT('',(17.233036418349,-4.283857318413,225.));
#2526 = CARTESIAN_POINT('',(18.85210778105,-4.229253971643,225.));
#2527 = CARTESIAN_POINT('',(20.520063112744,-4.157153211054,225.));
#2528 = CARTESIAN_POINT('',(22.239953490156,-4.070748823432,225.));
#2529 = CARTESIAN_POINT('',(24.007057868095,-3.962622345751,225.));
#2530 = CARTESIAN_POINT('',(25.814545815484,-3.832178199983,225.));
#2531 = CARTESIAN_POINT('',(27.650516922391,-3.681745125961,225.));
#2532 = CARTESIAN_POINT('',(29.509895381512,-3.512725052191,225.));
#2533 = CARTESIAN_POINT('',(31.387547117851,-3.326766837904,225.));
#2534 = CARTESIAN_POINT('',(33.27827716161,-3.125528550057,225.));
#2535 = CARTESIAN_POINT('',(35.176846475119,-2.910711737657,225.));
#2536 = CARTESIAN_POINT('',(37.077984031893,-2.684023455236,225.));
#2537 = CARTESIAN_POINT('',(38.976400753105,-2.447160928125,225.));
#2538 = CARTESIAN_POINT('',(40.866803472845,-2.201793720155,225.));
#2539 = CARTESIAN_POINT('',(42.743909372126,-1.949550685404,225.));
#2540 = CARTESIAN_POINT('',(44.602460687603,-1.692010000287,225.));
#2541 = CARTESIAN_POINT('',(46.437239655876,-1.430692778795,225.));
#2542 = CARTESIAN_POINT('',(48.243083601309,-1.167059973693,225.));
#2543 = CARTESIAN_POINT('',(50.014900082788,-0.902512288528,225.));
#2544 = CARTESIAN_POINT('',(51.74768201074,-0.638392652142,225.));
#2545 = CARTESIAN_POINT('',(53.436522648679,-0.375990717715,225.));
#2546 = CARTESIAN_POINT('',(55.076630418051,-0.116548772936,225.));
#2547 = CARTESIAN_POINT('',(56.663343431364,0.138731588901,225.));
#2548 = CARTESIAN_POINT('',(58.192143687099,0.388682698368,225.));
#2549 = CARTESIAN_POINT('',(59.658670864066,0.632164554274,225.));
#2550 = CARTESIAN_POINT('',(61.058735673344,0.868059707792,225.));
#2551 = CARTESIAN_POINT('',(62.388332687398,1.095269584314,225.));
#2552 = CARTESIAN_POINT('',(63.643652728587,1.312713268906,225.));
#2553 = CARTESIAN_POINT('',(64.821094362912,1.519326779208,225.));
#2554 = CARTESIAN_POINT('',(65.917275889973,1.714070520585,225.));
#2555 = CARTESIAN_POINT('',(66.929043006664,1.895919400734,225.));
#2556 = CARTESIAN_POINT('',(67.853488038268,2.063920207613,225.));
#2557 = CARTESIAN_POINT('',(68.687928528467,2.217038253194,225.));
#2558 = CARTESIAN_POINT('',(69.430013219019,2.35468742226,225.));
#2559 = CARTESIAN_POINT('',(70.077425164157,2.475121003591,225.));
#2560 = CARTESIAN_POINT('',(70.628811986228,2.580358781648,225.));
#2561 = CARTESIAN_POINT('',(71.08109671783,2.661853833345,225.));
#2562 = CARTESIAN_POINT('',(71.436945565936,2.740224244767,225.));
#2563 = CARTESIAN_POINT('',(71.685658656391,2.763530105982,225.));
#2564 = CARTESIAN_POINT('',(71.85008103104,2.83855780692,225.));
#2565 = CARTESIAN_POINT('',(71.911728834121,2.800450121444,225.));
#2566 = CARTESIAN_POINT('',(71.928255790057,2.783000841218,225.));
#2567 = PCURVE('',#33,#2568);
#2568 = DEFINITIONAL_REPRESENTATION('',(#2569),#2573);
#2569 = LINE('',#2570,#2571);
#2570 = CARTESIAN_POINT('',(0.,1.));
#2571 = VECTOR('',#2572,1.);
#2572 = DIRECTION('',(1.,0.));
#2573 = ( GEOMETRIC_REPRESENTATION_CONTEXT(2) 
PARAMETRIC_REPRESENTATION_CONTEXT() REPRESENTATION_CONTEXT('2D SPACE',''
  ) );
#2574 = PCURVE('',#1794,#2575);
#2575 = DEFINITIONAL_REPRESENTATION('',(#2576),#2698);
#2576 = B_SPLINE_CURVE_WITH_KNOTS('',3,(#2577,#2578,#2579,#2580,#2581,
    #2582,#2583,#2584,#2585,#2586,#2587,#2588,#2589,#2590,#2591,#2592,
    #2593,#2594,#2595,#2596,#2597,#2598,#2599,#2600,#2601,#2602,#2603,
    #2604,#2605,#2606,#2607,#2608,#2609,#2610,#2611,#2612,#2613,#2614,
    #2615,#2616,#2617,#2618,#2619,#2620,#2621,#2622,#2623,#2624,#2625,
    #2626,#2627,#2628,#2629,#2630,#2631,#2632,#2633,#2634,#2635,#2636,
    #2637,#2638,#2639,#2640,#2641,#2642,#2643,#2644,#2645,#2646,#2647,
    #2648,#2649,#2650,#2651,#2652,#2653,#2654,#2655,#2656,#2657,#2658,
    #2659,#2660,#2661,#2662,#2663,#2664,#2665,#2666,#2667,#2668,#2669,
    #2670,#2671,#2672,#2673,#2674,#2675,#2676,#2677,#2678,#2679,#2680,
    #2681,#2682,#2683,#2684,#2685,#2686,#2687,#2688,#2689,#2690,#2691,
    #2692,#2693,#2694,#2695,#2696,#2697),.UNSPECIFIED.,.F.,.F.,(4,1,1,1,
    1,1,1,1,1,1,1,1,1,1,1,1,1,1,1,1,1,1,1,1,1,1,1,1,1,1,1,1,1,1,1,1,1,1,
    1,1,1,1,1,1,1,1,1,1,1,1,1,1,1,1,1,1,1,1,1,1,1,1,1,1,1,1,1,1,1,1,1,1,
    1,1,1,1,1,1,1,1,1,1,1,1,1,1,1,1,1,1,1,1,1,1,1,1,1,1,1,1,1,1,1,1,1,1,
    1,1,1,1,1,1,1,1,1,1,1,1,4),(0.,4.078407677411E-04,1.457980549597E-03
    ,3.204753366262E-03,5.642985368529E-03,8.765465479536E-03,
    1.256297669321E-02,1.702433495068E-02,2.213643470887E-02,
    2.788430025551E-02,3.425114182613E-02,4.121841563833E-02,
    4.876588706683E-02,5.687169632928E-02,6.551242622383E-02,
    7.466317164093E-02,8.429761075195E-02,9.438807794483E-02,
    0.104905638724,0.115820166915,0.1271004246,0.138714145282,
    0.1506281208,0.1628082925,0.175219847173,0.187827318137,
    0.200594691796,0.213485519815,0.22646303689,0.239490283867,
    0.252530235719,0.265545933618,0.278500620098,0.291357876051,
    0.304081758111,0.316636934886,0.328988820492,0.341103703964,
    0.353090161194,0.364812648141,0.376197519167,0.38721480852,
    0.397836016232,0.408034235542,0.417784287292,0.427062868614,
    0.435848726665,0.444122873021,0.451868861729,0.459073165549,
    0.465725703577,0.471820604191,0.477357338614,0.482342444921,
    0.486792194201,0.490736722153,0.49422623504,0.4973393663,
    0.500191267412,0.502933737755,0.505676143618,0.508526386493,
    0.511632585991,0.515105416054,0.519019187057,0.523420263997,
    0.528335467762,0.533778262572,0.539752873742,0.546256953268,
    0.553283311049,0.560821057132,0.568856370053,0.577373023458,
    0.586352753065,0.595775516221,0.605619678387,0.615862149932,
    0.626478489749,0.637442987668,0.648728734495,0.660350032239,
    0.672380507178,0.684646833505,0.697115935464,0.709753854552,
    0.722525869195,0.73539661944,0.748330235365,0.761290467738,
    0.774240819394,0.787144675907,0.799965434253,0.812666628411,
    0.825212051079,0.837565870937,0.849692745131,0.86155792689,
    0.873127368371,0.884367818963,0.89524691945,0.905733292442,
    0.915796629611,0.925407776187,0.934538813214,0.943163137948,
    0.951255542705,0.958792292319,0.965751200209,0.972111702872,
    0.977854932419,0.982963786569,0.987422995334,0.991219183478,
    0.994340927712,0.996778807537,0.998525448648,0.999575557896,1.),
  .UNSPECIFIED.);
#2577 = CARTESIAN_POINT('',(0.,0.));
#2578 = CARTESIAN_POINT('',(1.568617091181E-02,-1.705344595016E-02));
#2579 = CARTESIAN_POINT('',(7.600235169686E-02,-5.579511859738E-02));
#2580 = CARTESIAN_POINT('',(0.239833795062,2.283241671652E-02));
#2581 = CARTESIAN_POINT('',(0.48773963144,4.744204416191E-02));
#2582 = CARTESIAN_POINT('',(0.843106172299,0.129894868326));
#2583 = CARTESIAN_POINT('',(1.294634060865,0.215405004818));
#2584 = CARTESIAN_POINT('',(1.845330974877,0.325505704801));
#2585 = CARTESIAN_POINT('',(2.492101941244,0.451003537411));
#2586 = CARTESIAN_POINT('',(3.233723046529,0.593797488826));
#2587 = CARTESIAN_POINT('',(4.067966125134,0.751794285001));
#2588 = CARTESIAN_POINT('',(4.992589833441,0.924099158798));
#2589 = CARTESIAN_POINT('',(6.005019420341,1.109325104751));
#2590 = CARTESIAN_POINT('',(7.102456994174,1.306155372551));
#2591 = CARTESIAN_POINT('',(8.281855606904,1.513186440647));
#2592 = CARTESIAN_POINT('',(9.539936830164,1.728993358536));
#2593 = CARTESIAN_POINT('',(10.873196021289,1.95212447313));
#2594 = CARTESIAN_POINT('',(12.277912296446,2.181114660181));
#2595 = CARTESIAN_POINT('',(13.750158056412,2.414490084204));
#2596 = CARTESIAN_POINT('',(15.285809552022,2.650772529533));
#2597 = CARTESIAN_POINT('',(16.880557996822,2.888481136507));
#2598 = CARTESIAN_POINT('',(18.529921308378,3.126132538692));
#2599 = CARTESIAN_POINT('',(20.229256388922,3.362239624522));
#2600 = CARTESIAN_POINT('',(21.973771904553,3.595309489818));
#2601 = CARTESIAN_POINT('',(23.758541510575,3.823841136713));
#2602 = CARTESIAN_POINT('',(25.578517478617,4.046323526869));
#2603 = CARTESIAN_POINT('',(27.428544685599,4.261234590588));
#2604 = CARTESIAN_POINT('',(29.303374931189,4.467041760408));
#2605 = CARTESIAN_POINT('',(31.197681556726,4.662204534694));
#2606 = CARTESIAN_POINT('',(33.106074344726,4.845179468969));
#2607 = CARTESIAN_POINT('',(35.023114681829,5.014427918086));
#2608 = CARTESIAN_POINT('',(36.943330975178,5.168426535701));
#2609 = CARTESIAN_POINT('',(38.861234297966,5.305681037008));
#2610 = CARTESIAN_POINT('',(40.771334295366,5.424741126163));
#2611 = CARTESIAN_POINT('',(42.668155167403,5.524223392302));
#2612 = CARTESIAN_POINT('',(44.546252318365,5.602815320825));
#2613 = CARTESIAN_POINT('',(46.400227386575,5.659356737433));
#2614 = CARTESIAN_POINT('',(48.224749866997,5.692643020617));
#2615 = CARTESIAN_POINT('',(50.021519222829,5.702280286596));
#2616 = CARTESIAN_POINT('',(51.787260764778,5.685369151596));
#2617 = CARTESIAN_POINT('',(53.516327729976,5.632539481364));
#2618 = CARTESIAN_POINT('',(55.19620447711,5.546108662533));
#2619 = CARTESIAN_POINT('',(56.819625946578,5.426346838846));
#2620 = CARTESIAN_POINT('',(58.381603925806,5.274389074839));
#2621 = CARTESIAN_POINT('',(59.877365992641,5.091484046521));
#2622 = CARTESIAN_POINT('',(61.302378187631,4.879181990679));
#2623 = CARTESIAN_POINT('',(62.652366350672,4.639259012667));
#2624 = CARTESIAN_POINT('',(63.923335625009,4.373700672513));
#2625 = CARTESIAN_POINT('',(65.111588206985,4.084663354792));
#2626 = CARTESIAN_POINT('',(66.213739544292,3.774434355364));
#2627 = CARTESIAN_POINT('',(67.226733516394,3.445385746404));
#2628 = CARTESIAN_POINT('',(68.147857465812,3.099922992982));
#2629 = CARTESIAN_POINT('',(68.974758275803,2.74042649679));
#2630 = CARTESIAN_POINT('',(69.705460185873,2.369181670533));
#2631 = CARTESIAN_POINT('',(70.338382645307,1.988288175198));
#2632 = CARTESIAN_POINT('',(70.872343434734,1.599527837028));
#2633 = CARTESIAN_POINT('',(71.306501363572,1.204170888957));
#2634 = CARTESIAN_POINT('',(71.640087897205,0.802718834554));
#2635 = CARTESIAN_POINT('',(71.871723807525,0.394883892618));
#2636 = CARTESIAN_POINT('',(71.998339225651,-1.950346504759E-02));
#2637 = CARTESIAN_POINT('',(72.016087834539,-0.434566968274));
#2638 = CARTESIAN_POINT('',(71.928204184235,-0.840478206483));
#2639 = CARTESIAN_POINT('',(71.734242388994,-1.227342131373));
#2640 = CARTESIAN_POINT('',(71.439756671845,-1.590630700019));
#2641 = CARTESIAN_POINT('',(71.048346698762,-1.931699921019));
#2642 = CARTESIAN_POINT('',(70.561909390554,-2.251869129974));
#2643 = CARTESIAN_POINT('',(69.981825505791,-2.551776150802));
#2644 = CARTESIAN_POINT('',(69.309587488591,-2.831510691615));
#2645 = CARTESIAN_POINT('',(68.546995663382,-3.090890607178));
#2646 = CARTESIAN_POINT('',(67.696168827911,-3.329637050372));
#2647 = CARTESIAN_POINT('',(66.759510567926,-3.547478677629));
#2648 = CARTESIAN_POINT('',(65.739671139721,-3.744212221488));
#2649 = CARTESIAN_POINT('',(64.639515753261,-3.919741731786));
#2650 = CARTESIAN_POINT('',(63.462099655441,-4.074105908323));
#2651 = CARTESIAN_POINT('',(62.210648854989,-4.207498051754));
#2652 = CARTESIAN_POINT('',(60.888545213613,-4.320279872246));
#2653 = CARTESIAN_POINT('',(59.49931495955,-4.412990875008));
#2654 = CARTESIAN_POINT('',(58.046619982989,-4.486348302681));
#2655 = CARTESIAN_POINT('',(56.534251200648,-4.541257701934));
#2656 = CARTESIAN_POINT('',(54.966124246075,-4.578754376133));
#2657 = CARTESIAN_POINT('',(53.346274221724,-4.600190364758));
#2658 = CARTESIAN_POINT('',(51.676772972115,-4.606442225314));
#2659 = CARTESIAN_POINT('',(49.954722658758,-4.600843405756));
#2660 = CARTESIAN_POINT('',(48.184490994757,-4.575762068588));
#2661 = CARTESIAN_POINT('',(46.372872936984,-4.530282756007));
#2662 = CARTESIAN_POINT('',(44.53186506683,-4.466173184246));
#2663 = CARTESIAN_POINT('',(42.666603388723,-4.384595541699));
#2664 = CARTESIAN_POINT('',(40.782293698458,-4.286955941073));
#2665 = CARTESIAN_POINT('',(38.884203051643,-4.174666835011));
#2666 = CARTESIAN_POINT('',(36.977644563716,-4.049182042299));
#2667 = CARTESIAN_POINT('',(35.067963562051,-3.911959380024));
#2668 = CARTESIAN_POINT('',(33.160522945212,-3.764445999746));
#2669 = CARTESIAN_POINT('',(31.260688396257,-3.608061230206));
#2670 = CARTESIAN_POINT('',(29.373813352306,-3.444184220796));
#2671 = CARTESIAN_POINT('',(27.505223844262,-3.274144674879));
#2672 = CARTESIAN_POINT('',(25.660203269341,-3.099217173363));
#2673 = CARTESIAN_POINT('',(23.843977174469,-2.920618787349));
#2674 = CARTESIAN_POINT('',(22.06169812207,-2.739509701037));
#2675 = CARTESIAN_POINT('',(20.31843070583,-2.556996392915));
#2676 = CARTESIAN_POINT('',(18.619136776811,-2.374136833839));
#2677 = CARTESIAN_POINT('',(16.968660932261,-2.191947085444));
#2678 = CARTESIAN_POINT('',(15.371716311555,-2.011408645898));
#2679 = CARTESIAN_POINT('',(13.832870734649,-1.833475879103));
#2680 = CARTESIAN_POINT('',(12.356533216487,-1.659082910773));
#2681 = CARTESIAN_POINT('',(10.946940869837,-1.48914936524));
#2682 = CARTESIAN_POINT('',(9.608146262923,-1.32458464159));
#2683 = CARTESIAN_POINT('',(8.34400510156,-1.166289708235));
#2684 = CARTESIAN_POINT('',(7.158164782185,-1.01515836858));
#2685 = CARTESIAN_POINT('',(6.054052065262,-0.872070376755));
#2686 = CARTESIAN_POINT('',(5.034865883927,-0.737901671747));
#2687 = CARTESIAN_POINT('',(4.103555441467,-0.613467965158));
#2688 = CARTESIAN_POINT('',(3.262848794372,-0.499676923783));
#2689 = CARTESIAN_POINT('',(2.515122115482,-0.397003678137));
#2690 = CARTESIAN_POINT('',(1.862771766979,-0.307084286305));
#2691 = CARTESIAN_POINT('',(1.307053852897,-0.227837725167));
#2692 = CARTESIAN_POINT('',(0.851443037545,-0.167657106809));
#2693 = CARTESIAN_POINT('',(0.49230849346,-0.10607217903));
#2694 = CARTESIAN_POINT('',(0.242775723426,-9.446350943187E-02));
#2695 = CARTESIAN_POINT('',(7.501362219274E-02,-2.723441912816E-02));
#2696 = CARTESIAN_POINT('',(1.522204027458E-02,-6.819310622597E-02));
#2697 = CARTESIAN_POINT('',(-4.678544521255E-04,-8.639873327898E-02));
#2698 = ( GEOMETRIC_REPRESENTATION_CONTEXT(2) 
PARAMETRIC_REPRESENTATION_CONTEXT() REPRESENTATION_CONTEXT('2D SPACE',''
  ) );
#2699 = ADVANCED_FACE('',(#2700),#525,.T.);
#2700 = FACE_BOUND('',#2701,.T.);
#2701 = EDGE_LOOP('',(#2702,#2725,#2726,#2749));
#2702 = ORIENTED_EDGE('',*,*,#2703,.T.);
#2703 = EDGE_CURVE('',#1378,#22,#2704,.T.);
#2704 = SURFACE_CURVE('',#2705,(#2710,#2717),.PCURVE_S1.);
#2705 = B_SPLINE_CURVE_WITH_KNOTS('',3,(#2706,#2707,#2708,#2709),
  .UNSPECIFIED.,.F.,.F.,(4,4),(1.,2.),.PIECEWISE_BEZIER_KNOTS.);
#2706 = CARTESIAN_POINT('',(72.,-4.32E-02,0.));
#2707 = CARTESIAN_POINT('',(72.,-1.44E-02,0.));
#2708 = CARTESIAN_POINT('',(72.,1.44E-02,0.));
#2709 = CARTESIAN_POINT('',(72.,4.32E-02,0.));
#2710 = PCURVE('',#525,#2711);
#2711 = DEFINITIONAL_REPRESENTATION('',(#2712),#2716);
#2712 = LINE('',#2713,#2714);
#2713 = CARTESIAN_POINT('',(0.,0.));
#2714 = VECTOR('',#2715,1.);
#2715 = DIRECTION('',(1.,0.));
#2716 = ( GEOMETRIC_REPRESENTATION_CONTEXT(2) 
PARAMETRIC_REPRESENTATION_CONTEXT() REPRESENTATION_CONTEXT('2D SPACE',''
  ) );
#2717 = PCURVE('',#683,#2718);
#2718 = DEFINITIONAL_REPRESENTATION('',(#2719),#2724);
#2719 = B_SPLINE_CURVE_WITH_KNOTS('',3,(#2720,#2721,#2722,#2723),
  .UNSPECIFIED.,.F.,.F.,(4,4),(1.,2.),.PIECEWISE_BEZIER_KNOTS.);
#2720 = CARTESIAN_POINT('',(-4.678544521255E-04,-8.639873327898E-02));
#2721 = CARTESIAN_POINT('',(-3.119029680789E-04,-5.759915551932E-02));
#2722 = CARTESIAN_POINT('',(-1.559514840466E-04,-2.879957775966E-02));
#2723 = CARTESIAN_POINT('',(0.,0.));
#2724 = ( GEOMETRIC_REPRESENTATION_CONTEXT(2) 
PARAMETRIC_REPRESENTATION_CONTEXT() REPRESENTATION_CONTEXT('2D SPACE',''
  ) );
#2725 = ORIENTED_EDGE('',*,*,#21,.T.);
#2726 = ORIENTED_EDGE('',*,*,#2727,.F.);
#2727 = EDGE_CURVE('',#1637,#24,#2728,.T.);
#2728 = SURFACE_CURVE('',#2729,(#2734,#2741),.PCURVE_S1.);
#2729 = B_SPLINE_CURVE_WITH_KNOTS('',3,(#2730,#2731,#2732,#2733),
  .UNSPECIFIED.,.F.,.F.,(4,4),(1.,2.),.PIECEWISE_BEZIER_KNOTS.);
#2730 = CARTESIAN_POINT('',(71.928255790057,2.783000841218,225.));
#2731 = CARTESIAN_POINT('',(71.926748514517,2.811761371819,225.));
#2732 = CARTESIAN_POINT('',(71.925241238977,2.840521902419,225.));
#2733 = CARTESIAN_POINT('',(71.923733963437,2.86928243302,225.));
#2734 = PCURVE('',#525,#2735);
#2735 = DEFINITIONAL_REPRESENTATION('',(#2736),#2740);
#2736 = LINE('',#2737,#2738);
#2737 = CARTESIAN_POINT('',(0.,1.));
#2738 = VECTOR('',#2739,1.);
#2739 = DIRECTION('',(1.,0.));
#2740 = ( GEOMETRIC_REPRESENTATION_CONTEXT(2) 
PARAMETRIC_REPRESENTATION_CONTEXT() REPRESENTATION_CONTEXT('2D SPACE',''
  ) );
#2741 = PCURVE('',#1794,#2742);
#2742 = DEFINITIONAL_REPRESENTATION('',(#2743),#2748);
#2743 = B_SPLINE_CURVE_WITH_KNOTS('',3,(#2744,#2745,#2746,#2747),
  .UNSPECIFIED.,.F.,.F.,(4,4),(1.,2.),.PIECEWISE_BEZIER_KNOTS.);
#2744 = CARTESIAN_POINT('',(-4.678544521255E-04,-8.639873327898E-02));
#2745 = CARTESIAN_POINT('',(-3.119029680931E-04,-5.759915551932E-02));
#2746 = CARTESIAN_POINT('',(-1.559514840466E-04,-2.879957775966E-02));
#2747 = CARTESIAN_POINT('',(0.,0.));
#2748 = ( GEOMETRIC_REPRESENTATION_CONTEXT(2) 
PARAMETRIC_REPRESENTATION_CONTEXT() REPRESENTATION_CONTEXT('2D SPACE',''
  ) );
#2749 = ORIENTED_EDGE('',*,*,#1636,.F.);
#2750 = ADVANCED_FACE('',(#2751,#2775),#1794,.F.);
#2751 = FACE_BOUND('',#2752,.F.);
#2752 = EDGE_LOOP('',(#2753,#2754,#2755,#2756));
#2753 = ORIENTED_EDGE('',*,*,#2443,.F.);
#2754 = ORIENTED_EDGE('',*,*,#2727,.F.);
#2755 = ORIENTED_EDGE('',*,*,#1660,.F.);
#2756 = ORIENTED_EDGE('',*,*,#2757,.T.);
#2757 = EDGE_CURVE('',#1661,#2415,#2758,.T.);
#2758 = SURFACE_CURVE('',#2759,(#2763,#2769),.PCURVE_S1.);
#2759 = LINE('',#2760,#2761);
#2760 = CARTESIAN_POINT('',(21.218528849612,-9.823417867739,225.));
#2761 = VECTOR('',#2762,1.);
#2762 = DIRECTION('',(-5.233595624294E-02,0.998629534755,
    8.459022935658E-15));
#2763 = PCURVE('',#1794,#2764);
#2764 = DEFINITIONAL_REPRESENTATION('',(#2765),#2768);
#2765 = B_SPLINE_CURVE_WITH_KNOTS('',1,(#2766,#2767),.UNSPECIFIED.,.F.,
  .F.,(2,2),(5.69288289178,16.001756543354),.PIECEWISE_BEZIER_KNOTS.);
#2766 = CARTESIAN_POINT('',(51.275807958801,-4.606442225314));
#2767 = CARTESIAN_POINT('',(51.331630324938,5.702280286596));
#2768 = ( GEOMETRIC_REPRESENTATION_CONTEXT(2) 
PARAMETRIC_REPRESENTATION_CONTEXT() REPRESENTATION_CONTEXT('2D SPACE',''
  ) );
#2769 = PCURVE('',#1944,#2770);
#2770 = DEFINITIONAL_REPRESENTATION('',(#2771),#2774);
#2771 = B_SPLINE_CURVE_WITH_KNOTS('',1,(#2772,#2773),.UNSPECIFIED.,.F.,
  .F.,(2,2),(5.69288289178,16.001756543354),.PIECEWISE_BEZIER_KNOTS.);
#2772 = CARTESIAN_POINT('',(15.71448289178,-10.));
#2773 = CARTESIAN_POINT('',(26.023356543354,-10.));
#2774 = ( GEOMETRIC_REPRESENTATION_CONTEXT(2) 
PARAMETRIC_REPRESENTATION_CONTEXT() REPRESENTATION_CONTEXT('2D SPACE',''
  ) );
#2775 = FACE_BOUND('',#2776,.F.);
#2776 = EDGE_LOOP('',(#2777));
#2777 = ORIENTED_EDGE('',*,*,#2778,.F.);
#2778 = EDGE_CURVE('',#2779,#2779,#2781,.T.);
#2779 = VERTEX_POINT('',#2780);
#2780 = CARTESIAN_POINT('',(47.819834161357,2.283809866022,225.));
#2781 = SURFACE_CURVE('',#2782,(#2787,#2794),.PCURVE_S1.);
#2782 = CIRCLE('',#2783,1.1);
#2783 = AXIS2_PLACEMENT_3D('',#2784,#2785,#2786);
#2784 = CARTESIAN_POINT('',(46.719834161357,2.283809866022,225.));
#2785 = DIRECTION('',(0.,0.,-1.));
#2786 = DIRECTION('',(1.,0.,0.));
#2787 = PCURVE('',#1794,#2788);
#2788 = DEFINITIONAL_REPRESENTATION('',(#2789),#2793);
#2789 = CIRCLE('',#2790,1.1);
#2790 = AXIS2_PLACEMENT_2D('',#2791,#2792);
#2791 = CARTESIAN_POINT('',(25.203607302544,0.597931684336));
#2792 = DIRECTION('',(-0.99889829199,-4.692762789907E-02));
#2793 = ( GEOMETRIC_REPRESENTATION_CONTEXT(2) 
PARAMETRIC_REPRESENTATION_CONTEXT() REPRESENTATION_CONTEXT('2D SPACE',''
  ) );
#2794 = PCURVE('',#2795,#2800);
#2795 = CYLINDRICAL_SURFACE('',#2796,1.1);
#2796 = AXIS2_PLACEMENT_3D('',#2797,#2798,#2799);
#2797 = CARTESIAN_POINT('',(46.719834161357,2.283809866022,205.));
#2798 = DIRECTION('',(-0.,-0.,-1.));
#2799 = DIRECTION('',(1.,0.,0.));
#2800 = DEFINITIONAL_REPRESENTATION('',(#2801),#2805);
#2801 = LINE('',#2802,#2803);
#2802 = CARTESIAN_POINT('',(-6.28318530718,-20.));
#2803 = VECTOR('',#2804,1.);
#2804 = DIRECTION('',(1.,-0.));
#2805 = ( GEOMETRIC_REPRESENTATION_CONTEXT(2) 
PARAMETRIC_REPRESENTATION_CONTEXT() REPRESENTATION_CONTEXT('2D SPACE',''
  ) );
#2806 = ADVANCED_FACE('',(#2807),#1944,.T.);
#2807 = FACE_BOUND('',#2808,.T.);
#2808 = EDGE_LOOP('',(#2809,#2830,#2831,#2832));
#2809 = ORIENTED_EDGE('',*,*,#2810,.F.);
#2810 = EDGE_CURVE('',#1925,#2359,#2811,.T.);
#2811 = SURFACE_CURVE('',#2812,(#2816,#2823),.PCURVE_S1.);
#2812 = LINE('',#2813,#2814);
#2813 = CARTESIAN_POINT('',(21.743018868696,-19.83128361323,215.));
#2814 = VECTOR('',#2815,1.);
#2815 = DIRECTION('',(-5.233595624294E-02,0.998629534755,0.));
#2816 = PCURVE('',#1944,#2817);
#2817 = DEFINITIONAL_REPRESENTATION('',(#2818),#2822);
#2818 = LINE('',#2819,#2820);
#2819 = CARTESIAN_POINT('',(0.,0.));
#2820 = VECTOR('',#2821,1.);
#2821 = DIRECTION('',(1.,0.));
#2822 = ( GEOMETRIC_REPRESENTATION_CONTEXT(2) 
PARAMETRIC_REPRESENTATION_CONTEXT() REPRESENTATION_CONTEXT('2D SPACE',''
  ) );
#2823 = PCURVE('',#2004,#2824);
#2824 = DEFINITIONAL_REPRESENTATION('',(#2825),#2829);
#2825 = LINE('',#2826,#2827);
#2826 = CARTESIAN_POINT('',(2.7,-20.));
#2827 = VECTOR('',#2828,1.);
#2828 = DIRECTION('',(0.,1.));
#2829 = ( GEOMETRIC_REPRESENTATION_CONTEXT(2) 
PARAMETRIC_REPRESENTATION_CONTEXT() REPRESENTATION_CONTEXT('2D SPACE',''
  ) );
#2830 = ORIENTED_EDGE('',*,*,#1924,.T.);
#2831 = ORIENTED_EDGE('',*,*,#2757,.T.);
#2832 = ORIENTED_EDGE('',*,*,#2414,.F.);
#2833 = ADVANCED_FACE('',(#2834,#2860),#2004,.T.);
#2834 = FACE_BOUND('',#2835,.T.);
#2835 = EDGE_LOOP('',(#2836,#2857,#2858,#2859));
#2836 = ORIENTED_EDGE('',*,*,#2837,.T.);
#2837 = EDGE_CURVE('',#2330,#1959,#2838,.T.);
#2838 = SURFACE_CURVE('',#2839,(#2843,#2850),.PCURVE_S1.);
#2839 = LINE('',#2840,#2841);
#2840 = CARTESIAN_POINT('',(14.256981131304,19.831283613236,215.));
#2841 = VECTOR('',#2842,1.);
#2842 = DIRECTION('',(5.233595624294E-02,-0.998629534755,0.));
#2843 = PCURVE('',#2004,#2844);
#2844 = DEFINITIONAL_REPRESENTATION('',(#2845),#2849);
#2845 = LINE('',#2846,#2847);
#2846 = CARTESIAN_POINT('',(-2.7,20.));
#2847 = VECTOR('',#2848,1.);
#2848 = DIRECTION('',(0.,-1.));
#2849 = ( GEOMETRIC_REPRESENTATION_CONTEXT(2) 
PARAMETRIC_REPRESENTATION_CONTEXT() REPRESENTATION_CONTEXT('2D SPACE',''
  ) );
#2850 = PCURVE('',#2051,#2851);
#2851 = DEFINITIONAL_REPRESENTATION('',(#2852),#2856);
#2852 = LINE('',#2853,#2854);
#2853 = CARTESIAN_POINT('',(0.,0.));
#2854 = VECTOR('',#2855,1.);
#2855 = DIRECTION('',(1.,0.));
#2856 = ( GEOMETRIC_REPRESENTATION_CONTEXT(2) 
PARAMETRIC_REPRESENTATION_CONTEXT() REPRESENTATION_CONTEXT('2D SPACE',''
  ) );
#2857 = ORIENTED_EDGE('',*,*,#1958,.F.);
#2858 = ORIENTED_EDGE('',*,*,#2810,.T.);
#2859 = ORIENTED_EDGE('',*,*,#2358,.F.);
#2860 = FACE_BOUND('',#2861,.T.);
#2861 = EDGE_LOOP('',(#2862));
#2862 = ORIENTED_EDGE('',*,*,#2863,.T.);
#2863 = EDGE_CURVE('',#2864,#2864,#2866,.T.);
#2864 = VERTEX_POINT('',#2865);
#2865 = CARTESIAN_POINT('',(20.6,0.7776,215.));
#2866 = SURFACE_CURVE('',#2867,(#2872,#2883),.PCURVE_S1.);
#2867 = CIRCLE('',#2868,2.6);
#2868 = AXIS2_PLACEMENT_3D('',#2869,#2870,#2871);
#2869 = CARTESIAN_POINT('',(18.,0.7776,215.));
#2870 = DIRECTION('',(0.,0.,-1.));
#2871 = DIRECTION('',(1.,0.,0.));
#2872 = PCURVE('',#2004,#2873);
#2873 = DEFINITIONAL_REPRESENTATION('',(#2874),#2882);
#2874 = ( BOUNDED_CURVE() B_SPLINE_CURVE(2,(#2875,#2876,#2877,#2878,
#2879,#2880,#2881),.UNSPECIFIED.,.T.,.F.) B_SPLINE_CURVE_WITH_KNOTS((1,2
    ,2,2,2,1),(-2.094395102393,0.,2.094395102393,4.188790204786,
6.28318530718,8.377580409573),.UNSPECIFIED.) CURVE() 
GEOMETRIC_REPRESENTATION_ITEM() RATIONAL_B_SPLINE_CURVE((1.,0.5,1.,0.5,
1.,0.5,1.)) REPRESENTATION_ITEM('') );
#2875 = CARTESIAN_POINT('',(2.637133229936,0.640460839994));
#2876 = CARTESIAN_POINT('',(2.40144703822,-3.856699599554));
#2877 = CARTESIAN_POINT('',(-1.375365051465,-1.404009150433));
#2878 = CARTESIAN_POINT('',(-5.152177141149,1.048681298688));
#2879 = CARTESIAN_POINT('',(-1.139678859748,3.093151289115));
#2880 = CARTESIAN_POINT('',(2.872819421653,5.137621279541));
#2881 = CARTESIAN_POINT('',(2.637133229936,0.640460839994));
#2882 = ( GEOMETRIC_REPRESENTATION_CONTEXT(2) 
PARAMETRIC_REPRESENTATION_CONTEXT() REPRESENTATION_CONTEXT('2D SPACE',''
  ) );
#2883 = PCURVE('',#2884,#2889);
#2884 = CYLINDRICAL_SURFACE('',#2885,2.6);
#2885 = AXIS2_PLACEMENT_3D('',#2886,#2887,#2888);
#2886 = CARTESIAN_POINT('',(18.,0.7776,-1.));
#2887 = DIRECTION('',(-0.,-0.,-1.));
#2888 = DIRECTION('',(1.,0.,0.));
#2889 = DEFINITIONAL_REPRESENTATION('',(#2890),#2894);
#2890 = LINE('',#2891,#2892);
#2891 = CARTESIAN_POINT('',(-6.28318530718,-216.));
#2892 = VECTOR('',#2893,1.);
#2893 = DIRECTION('',(1.,-0.));
#2894 = ( GEOMETRIC_REPRESENTATION_CONTEXT(2) 
PARAMETRIC_REPRESENTATION_CONTEXT() REPRESENTATION_CONTEXT('2D SPACE',''
  ) );
#2895 = ADVANCED_FACE('',(#2896),#2051,.T.);
#2896 = FACE_BOUND('',#2897,.T.);
#2897 = EDGE_LOOP('',(#2898,#2899,#2900,#2919));
#2898 = ORIENTED_EDGE('',*,*,#2837,.F.);
#2899 = ORIENTED_EDGE('',*,*,#2329,.T.);
#2900 = ORIENTED_EDGE('',*,*,#2901,.T.);
#2901 = EDGE_CURVE('',#2066,#2032,#2902,.T.);
#2902 = SURFACE_CURVE('',#2903,(#2907,#2913),.PCURVE_S1.);
#2903 = LINE('',#2904,#2905);
#2904 = CARTESIAN_POINT('',(14.779210237078,9.86655866364,225.));
#2905 = VECTOR('',#2906,1.);
#2906 = DIRECTION('',(5.233595624294E-02,-0.998629534755,
    -8.459022935658E-15));
#2907 = PCURVE('',#2051,#2908);
#2908 = DEFINITIONAL_REPRESENTATION('',(#2909),#2912);
#2909 = B_SPLINE_CURVE_WITH_KNOTS('',1,(#2910,#2911),.UNSPECIFIED.,.F.,
  .F.,(2,2),(3.969002124678,14.277875776252),.PIECEWISE_BEZIER_KNOTS.);
#2910 = CARTESIAN_POINT('',(13.947402124678,-10.));
#2911 = CARTESIAN_POINT('',(24.256275776252,-10.));
#2912 = ( GEOMETRIC_REPRESENTATION_CONTEXT(2) 
PARAMETRIC_REPRESENTATION_CONTEXT() REPRESENTATION_CONTEXT('2D SPACE',''
  ) );
#2913 = PCURVE('',#2199,#2914);
#2914 = DEFINITIONAL_REPRESENTATION('',(#2915),#2918);
#2915 = B_SPLINE_CURVE_WITH_KNOTS('',1,(#2916,#2917),.UNSPECIFIED.,.F.,
  .F.,(2,2),(3.969002124678,14.277875776252),.PIECEWISE_BEZIER_KNOTS.);
#2916 = CARTESIAN_POINT('',(56.731709496163,5.702280286596));
#2917 = CARTESIAN_POINT('',(56.675887130026,-4.606442225314));
#2918 = ( GEOMETRIC_REPRESENTATION_CONTEXT(2) 
PARAMETRIC_REPRESENTATION_CONTEXT() REPRESENTATION_CONTEXT('2D SPACE',''
  ) );
#2919 = ORIENTED_EDGE('',*,*,#2031,.F.);
#2920 = ADVANCED_FACE('',(#2921),#2199,.F.);
#2921 = FACE_BOUND('',#2922,.F.);
#2922 = EDGE_LOOP('',(#2923,#2924));
#2923 = ORIENTED_EDGE('',*,*,#2065,.F.);
#2924 = ORIENTED_EDGE('',*,*,#2901,.T.);
#2925 = ADVANCED_FACE('',(#2926,#2950),#683,.T.);
#2926 = FACE_BOUND('',#2927,.T.);
#2927 = EDGE_LOOP('',(#2928,#2929,#2930,#2931));
#2928 = ORIENTED_EDGE('',*,*,#549,.F.);
#2929 = ORIENTED_EDGE('',*,*,#2703,.F.);
#2930 = ORIENTED_EDGE('',*,*,#1377,.F.);
#2931 = ORIENTED_EDGE('',*,*,#2932,.T.);
#2932 = EDGE_CURVE('',#1349,#550,#2933,.T.);
#2933 = SURFACE_CURVE('',#2934,(#2938,#2944),.PCURVE_S1.);
#2934 = LINE('',#2935,#2936);
#2935 = CARTESIAN_POINT('',(20.7,-9.9784,0.));
#2936 = VECTOR('',#2937,1.);
#2937 = DIRECTION('',(0.,1.,0.));
#2938 = PCURVE('',#683,#2939);
#2939 = DEFINITIONAL_REPRESENTATION('',(#2940),#2943);
#2940 = B_SPLINE_CURVE_WITH_KNOTS('',1,(#2941,#2942),.UNSPECIFIED.,.F.,
  .F.,(2,2),(5.69288289178,16.001756543354),.PIECEWISE_BEZIER_KNOTS.);
#2941 = CARTESIAN_POINT('',(51.275807958801,-4.606442225314));
#2942 = CARTESIAN_POINT('',(51.331630324938,5.702280286596));
#2943 = ( GEOMETRIC_REPRESENTATION_CONTEXT(2) 
PARAMETRIC_REPRESENTATION_CONTEXT() REPRESENTATION_CONTEXT('2D SPACE',''
  ) );
#2944 = PCURVE('',#833,#2945);
#2945 = DEFINITIONAL_REPRESENTATION('',(#2946),#2949);
#2946 = B_SPLINE_CURVE_WITH_KNOTS('',1,(#2947,#2948),.UNSPECIFIED.,.F.,
  .F.,(2,2),(5.69288289178,16.001756543354),.PIECEWISE_BEZIER_KNOTS.);
#2947 = CARTESIAN_POINT('',(15.71448289178,-1.));
#2948 = CARTESIAN_POINT('',(26.023356543354,-1.));
#2949 = ( GEOMETRIC_REPRESENTATION_CONTEXT(2) 
PARAMETRIC_REPRESENTATION_CONTEXT() REPRESENTATION_CONTEXT('2D SPACE',''
  ) );
#2950 = FACE_BOUND('',#2951,.T.);
#2951 = EDGE_LOOP('',(#2952));
#2952 = ORIENTED_EDGE('',*,*,#2953,.F.);
#2953 = EDGE_CURVE('',#2954,#2954,#2956,.T.);
#2954 = VERTEX_POINT('',#2955);
#2955 = CARTESIAN_POINT('',(47.9,0.7776,0.));
#2956 = SURFACE_CURVE('',#2957,(#2962,#2969),.PCURVE_S1.);
#2957 = CIRCLE('',#2958,1.1);
#2958 = AXIS2_PLACEMENT_3D('',#2959,#2960,#2961);
#2959 = CARTESIAN_POINT('',(46.8,0.7776,0.));
#2960 = DIRECTION('',(0.,0.,-1.));
#2961 = DIRECTION('',(1.,0.,0.));
#2962 = PCURVE('',#683,#2963);
#2963 = DEFINITIONAL_REPRESENTATION('',(#2964),#2968);
#2964 = CIRCLE('',#2965,1.1);
#2965 = AXIS2_PLACEMENT_2D('',#2966,#2967);
#2966 = CARTESIAN_POINT('',(25.203607302544,0.597931684336));
#2967 = DIRECTION('',(-0.999985338877,5.414982084736E-03));
#2968 = ( GEOMETRIC_REPRESENTATION_CONTEXT(2) 
PARAMETRIC_REPRESENTATION_CONTEXT() REPRESENTATION_CONTEXT('2D SPACE',''
  ) );
#2969 = PCURVE('',#2970,#2975);
#2970 = CYLINDRICAL_SURFACE('',#2971,1.1);
#2971 = AXIS2_PLACEMENT_3D('',#2972,#2973,#2974);
#2972 = CARTESIAN_POINT('',(46.8,0.7776,-1.));
#2973 = DIRECTION('',(-0.,-0.,-1.));
#2974 = DIRECTION('',(1.,0.,0.));
#2975 = DEFINITIONAL_REPRESENTATION('',(#2976),#2980);
#2976 = LINE('',#2977,#2978);
#2977 = CARTESIAN_POINT('',(-6.28318530718,-1.));
#2978 = VECTOR('',#2979,1.);
#2979 = DIRECTION('',(1.,-0.));
#2980 = ( GEOMETRIC_REPRESENTATION_CONTEXT(2) 
PARAMETRIC_REPRESENTATION_CONTEXT() REPRESENTATION_CONTEXT('2D SPACE',''
  ) );
#2981 = ADVANCED_FACE('',(#2982),#833,.T.);
#2982 = FACE_BOUND('',#2983,.T.);
#2983 = EDGE_LOOP('',(#2984,#2985,#3006,#3007));
#2984 = ORIENTED_EDGE('',*,*,#1348,.T.);
#2985 = ORIENTED_EDGE('',*,*,#2986,.T.);
#2986 = EDGE_CURVE('',#1257,#814,#2987,.T.);
#2987 = SURFACE_CURVE('',#2988,(#2992,#2999),.PCURVE_S1.);
#2988 = LINE('',#2989,#2990);
#2989 = CARTESIAN_POINT('',(20.7,-20.,10.));
#2990 = VECTOR('',#2991,1.);
#2991 = DIRECTION('',(0.,1.,0.));
#2992 = PCURVE('',#833,#2993);
#2993 = DEFINITIONAL_REPRESENTATION('',(#2994),#2998);
#2994 = LINE('',#2995,#2996);
#2995 = CARTESIAN_POINT('',(0.,-11.));
#2996 = VECTOR('',#2997,1.);
#2997 = DIRECTION('',(1.,0.));
#2998 = ( GEOMETRIC_REPRESENTATION_CONTEXT(2) 
PARAMETRIC_REPRESENTATION_CONTEXT() REPRESENTATION_CONTEXT('2D SPACE',''
  ) );
#2999 = PCURVE('',#891,#3000);
#3000 = DEFINITIONAL_REPRESENTATION('',(#3001),#3005);
#3001 = LINE('',#3002,#3003);
#3002 = CARTESIAN_POINT('',(2.7,-20.));
#3003 = VECTOR('',#3004,1.);
#3004 = DIRECTION('',(0.,1.));
#3005 = ( GEOMETRIC_REPRESENTATION_CONTEXT(2) 
PARAMETRIC_REPRESENTATION_CONTEXT() REPRESENTATION_CONTEXT('2D SPACE',''
  ) );
#3006 = ORIENTED_EDGE('',*,*,#813,.F.);
#3007 = ORIENTED_EDGE('',*,*,#2932,.F.);
#3008 = ADVANCED_FACE('',(#3009,#3035),#891,.F.);
#3009 = FACE_BOUND('',#3010,.F.);
#3010 = EDGE_LOOP('',(#3011,#3032,#3033,#3034));
#3011 = ORIENTED_EDGE('',*,*,#3012,.T.);
#3012 = EDGE_CURVE('',#848,#1222,#3013,.T.);
#3013 = SURFACE_CURVE('',#3014,(#3018,#3025),.PCURVE_S1.);
#3014 = LINE('',#3015,#3016);
#3015 = CARTESIAN_POINT('',(15.3,20.,10.));
#3016 = VECTOR('',#3017,1.);
#3017 = DIRECTION('',(0.,-1.,0.));
#3018 = PCURVE('',#891,#3019);
#3019 = DEFINITIONAL_REPRESENTATION('',(#3020),#3024);
#3020 = LINE('',#3021,#3022);
#3021 = CARTESIAN_POINT('',(-2.7,20.));
#3022 = VECTOR('',#3023,1.);
#3023 = DIRECTION('',(0.,-1.));
#3024 = ( GEOMETRIC_REPRESENTATION_CONTEXT(2) 
PARAMETRIC_REPRESENTATION_CONTEXT() REPRESENTATION_CONTEXT('2D SPACE',''
  ) );
#3025 = PCURVE('',#941,#3026);
#3026 = DEFINITIONAL_REPRESENTATION('',(#3027),#3031);
#3027 = LINE('',#3028,#3029);
#3028 = CARTESIAN_POINT('',(0.,-11.));
#3029 = VECTOR('',#3030,1.);
#3030 = DIRECTION('',(1.,0.));
#3031 = ( GEOMETRIC_REPRESENTATION_CONTEXT(2) 
PARAMETRIC_REPRESENTATION_CONTEXT() REPRESENTATION_CONTEXT('2D SPACE',''
  ) );
#3032 = ORIENTED_EDGE('',*,*,#1256,.F.);
#3033 = ORIENTED_EDGE('',*,*,#2986,.T.);
#3034 = ORIENTED_EDGE('',*,*,#847,.F.);
#3035 = FACE_BOUND('',#3036,.F.);
#3036 = EDGE_LOOP('',(#3037));
#3037 = ORIENTED_EDGE('',*,*,#3038,.T.);
#3038 = EDGE_CURVE('',#3039,#3039,#3041,.T.);
#3039 = VERTEX_POINT('',#3040);
#3040 = CARTESIAN_POINT('',(20.6,0.7776,10.));
#3041 = SURFACE_CURVE('',#3042,(#3047,#3058),.PCURVE_S1.);
#3042 = CIRCLE('',#3043,2.6);
#3043 = AXIS2_PLACEMENT_3D('',#3044,#3045,#3046);
#3044 = CARTESIAN_POINT('',(18.,0.7776,10.));
#3045 = DIRECTION('',(0.,0.,-1.));
#3046 = DIRECTION('',(1.,0.,0.));
#3047 = PCURVE('',#891,#3048);
#3048 = DEFINITIONAL_REPRESENTATION('',(#3049),#3057);
#3049 = ( BOUNDED_CURVE() B_SPLINE_CURVE(2,(#3050,#3051,#3052,#3053,
#3054,#3055,#3056),.UNSPECIFIED.,.T.,.F.) B_SPLINE_CURVE_WITH_KNOTS((1,2
    ,2,2,2,1),(-2.094395102393,0.,2.094395102393,4.188790204786,
6.28318530718,8.377580409573),.UNSPECIFIED.) CURVE() 
GEOMETRIC_REPRESENTATION_ITEM() RATIONAL_B_SPLINE_CURVE((1.,0.5,1.,0.5,
1.,0.5,1.)) REPRESENTATION_ITEM('') );
#3050 = CARTESIAN_POINT('',(2.6,0.7776));
#3051 = CARTESIAN_POINT('',(2.6,-3.725732099679));
#3052 = CARTESIAN_POINT('',(-1.3,-1.47406604984));
#3053 = CARTESIAN_POINT('',(-5.2,0.7776));
#3054 = CARTESIAN_POINT('',(-1.3,3.02926604984));
#3055 = CARTESIAN_POINT('',(2.6,5.280932099679));
#3056 = CARTESIAN_POINT('',(2.6,0.7776));
#3057 = ( GEOMETRIC_REPRESENTATION_CONTEXT(2) 
PARAMETRIC_REPRESENTATION_CONTEXT() REPRESENTATION_CONTEXT('2D SPACE',''
  ) );
#3058 = PCURVE('',#2884,#3059);
#3059 = DEFINITIONAL_REPRESENTATION('',(#3060),#3064);
#3060 = LINE('',#3061,#3062);
#3061 = CARTESIAN_POINT('',(-6.28318530718,-11.));
#3062 = VECTOR('',#3063,1.);
#3063 = DIRECTION('',(1.,-0.));
#3064 = ( GEOMETRIC_REPRESENTATION_CONTEXT(2) 
PARAMETRIC_REPRESENTATION_CONTEXT() REPRESENTATION_CONTEXT('2D SPACE',''
  ) );
#3065 = ADVANCED_FACE('',(#3066),#941,.T.);
#3066 = FACE_BOUND('',#3067,.T.);
#3067 = EDGE_LOOP('',(#3068,#3069,#3070,#3071));
#3068 = ORIENTED_EDGE('',*,*,#917,.T.);
#3069 = ORIENTED_EDGE('',*,*,#3012,.T.);
#3070 = ORIENTED_EDGE('',*,*,#1221,.F.);
#3071 = ORIENTED_EDGE('',*,*,#3072,.F.);
#3072 = EDGE_CURVE('',#918,#958,#3073,.T.);
#3073 = SURFACE_CURVE('',#3074,(#3078,#3084),.PCURVE_S1.);
#3074 = LINE('',#3075,#3076);
#3075 = CARTESIAN_POINT('',(15.3,10.0216,0.));
#3076 = VECTOR('',#3077,1.);
#3077 = DIRECTION('',(0.,-1.,0.));
#3078 = PCURVE('',#941,#3079);
#3079 = DEFINITIONAL_REPRESENTATION('',(#3080),#3083);
#3080 = B_SPLINE_CURVE_WITH_KNOTS('',1,(#3081,#3082),.UNSPECIFIED.,.F.,
  .F.,(2,2),(3.969002124678,14.277875776252),.PIECEWISE_BEZIER_KNOTS.);
#3081 = CARTESIAN_POINT('',(13.947402124678,-1.));
#3082 = CARTESIAN_POINT('',(24.256275776252,-1.));
#3083 = ( GEOMETRIC_REPRESENTATION_CONTEXT(2) 
PARAMETRIC_REPRESENTATION_CONTEXT() REPRESENTATION_CONTEXT('2D SPACE',''
  ) );
#3084 = PCURVE('',#1091,#3085);
#3085 = DEFINITIONAL_REPRESENTATION('',(#3086),#3089);
#3086 = B_SPLINE_CURVE_WITH_KNOTS('',1,(#3087,#3088),.UNSPECIFIED.,.F.,
  .F.,(2,2),(3.969002124678,14.277875776252),.PIECEWISE_BEZIER_KNOTS.);
#3087 = CARTESIAN_POINT('',(56.731709496163,5.702280286596));
#3088 = CARTESIAN_POINT('',(56.675887130026,-4.606442225314));
#3089 = ( GEOMETRIC_REPRESENTATION_CONTEXT(2) 
PARAMETRIC_REPRESENTATION_CONTEXT() REPRESENTATION_CONTEXT('2D SPACE',''
  ) );
#3090 = ADVANCED_FACE('',(#3091),#1091,.T.);
#3091 = FACE_BOUND('',#3092,.T.);
#3092 = EDGE_LOOP('',(#3093,#3094));
#3093 = ORIENTED_EDGE('',*,*,#957,.F.);
#3094 = ORIENTED_EDGE('',*,*,#3072,.T.);
#3095 = ADVANCED_FACE('',(#3096),#2795,.F.);
#3096 = FACE_BOUND('',#3097,.T.);
#3097 = EDGE_LOOP('',(#3098,#3127,#3148,#3149));
#3098 = ORIENTED_EDGE('',*,*,#3099,.F.);
#3099 = EDGE_CURVE('',#3100,#3100,#3102,.T.);
#3100 = VERTEX_POINT('',#3101);
#3101 = CARTESIAN_POINT('',(47.819834161357,2.283809866022,205.));
#3102 = SURFACE_CURVE('',#3103,(#3108,#3115),.PCURVE_S1.);
#3103 = CIRCLE('',#3104,1.1);
#3104 = AXIS2_PLACEMENT_3D('',#3105,#3106,#3107);
#3105 = CARTESIAN_POINT('',(46.719834161357,2.283809866022,205.));
#3106 = DIRECTION('',(0.,0.,1.));
#3107 = DIRECTION('',(1.,0.,0.));
#3108 = PCURVE('',#2795,#3109);
#3109 = DEFINITIONAL_REPRESENTATION('',(#3110),#3114);
#3110 = LINE('',#3111,#3112);
#3111 = CARTESIAN_POINT('',(-0.,0.));
#3112 = VECTOR('',#3113,1.);
#3113 = DIRECTION('',(-1.,0.));
#3114 = ( GEOMETRIC_REPRESENTATION_CONTEXT(2) 
PARAMETRIC_REPRESENTATION_CONTEXT() REPRESENTATION_CONTEXT('2D SPACE',''
  ) );
#3115 = PCURVE('',#3116,#3121);
#3116 = PLANE('',#3117);
#3117 = AXIS2_PLACEMENT_3D('',#3118,#3119,#3120);
#3118 = CARTESIAN_POINT('',(46.719834161357,2.283809866022,205.));
#3119 = DIRECTION('',(0.,0.,1.));
#3120 = DIRECTION('',(1.,0.,-0.));
#3121 = DEFINITIONAL_REPRESENTATION('',(#3122),#3126);
#3122 = CIRCLE('',#3123,1.1);
#3123 = AXIS2_PLACEMENT_2D('',#3124,#3125);
#3124 = CARTESIAN_POINT('',(-7.105427357601E-15,-4.440892098501E-16));
#3125 = DIRECTION('',(1.,0.));
#3126 = ( GEOMETRIC_REPRESENTATION_CONTEXT(2) 
PARAMETRIC_REPRESENTATION_CONTEXT() REPRESENTATION_CONTEXT('2D SPACE',''
  ) );
#3127 = ORIENTED_EDGE('',*,*,#3128,.T.);
#3128 = EDGE_CURVE('',#3100,#2779,#3129,.T.);
#3129 = SEAM_CURVE('',#3130,(#3134,#3141),.PCURVE_S1.);
#3130 = LINE('',#3131,#3132);
#3131 = CARTESIAN_POINT('',(47.819834161357,2.283809866022,205.));
#3132 = VECTOR('',#3133,1.);
#3133 = DIRECTION('',(0.,0.,1.));
#3134 = PCURVE('',#2795,#3135);
#3135 = DEFINITIONAL_REPRESENTATION('',(#3136),#3140);
#3136 = LINE('',#3137,#3138);
#3137 = CARTESIAN_POINT('',(-6.28318530718,0.));
#3138 = VECTOR('',#3139,1.);
#3139 = DIRECTION('',(-0.,-1.));
#3140 = ( GEOMETRIC_REPRESENTATION_CONTEXT(2) 
PARAMETRIC_REPRESENTATION_CONTEXT() REPRESENTATION_CONTEXT('2D SPACE',''
  ) );
#3141 = PCURVE('',#2795,#3142);
#3142 = DEFINITIONAL_REPRESENTATION('',(#3143),#3147);
#3143 = LINE('',#3144,#3145);
#3144 = CARTESIAN_POINT('',(-0.,0.));
#3145 = VECTOR('',#3146,1.);
#3146 = DIRECTION('',(-0.,-1.));
#3147 = ( GEOMETRIC_REPRESENTATION_CONTEXT(2) 
PARAMETRIC_REPRESENTATION_CONTEXT() REPRESENTATION_CONTEXT('2D SPACE',''
  ) );
#3148 = ORIENTED_EDGE('',*,*,#2778,.F.);
#3149 = ORIENTED_EDGE('',*,*,#3128,.F.);
#3150 = ADVANCED_FACE('',(#3151),#2884,.F.);
#3151 = FACE_BOUND('',#3152,.T.);
#3152 = EDGE_LOOP('',(#3153,#3174,#3175,#3176));
#3153 = ORIENTED_EDGE('',*,*,#3154,.F.);
#3154 = EDGE_CURVE('',#3039,#2864,#3155,.T.);
#3155 = SEAM_CURVE('',#3156,(#3160,#3167),.PCURVE_S1.);
#3156 = LINE('',#3157,#3158);
#3157 = CARTESIAN_POINT('',(20.6,0.7776,-1.));
#3158 = VECTOR('',#3159,1.);
#3159 = DIRECTION('',(0.,0.,1.));
#3160 = PCURVE('',#2884,#3161);
#3161 = DEFINITIONAL_REPRESENTATION('',(#3162),#3166);
#3162 = LINE('',#3163,#3164);
#3163 = CARTESIAN_POINT('',(-6.28318530718,0.));
#3164 = VECTOR('',#3165,1.);
#3165 = DIRECTION('',(-0.,-1.));
#3166 = ( GEOMETRIC_REPRESENTATION_CONTEXT(2) 
PARAMETRIC_REPRESENTATION_CONTEXT() REPRESENTATION_CONTEXT('2D SPACE',''
  ) );
#3167 = PCURVE('',#2884,#3168);
#3168 = DEFINITIONAL_REPRESENTATION('',(#3169),#3173);
#3169 = LINE('',#3170,#3171);
#3170 = CARTESIAN_POINT('',(-0.,0.));
#3171 = VECTOR('',#3172,1.);
#3172 = DIRECTION('',(-0.,-1.));
#3173 = ( GEOMETRIC_REPRESENTATION_CONTEXT(2) 
PARAMETRIC_REPRESENTATION_CONTEXT() REPRESENTATION_CONTEXT('2D SPACE',''
  ) );
#3174 = ORIENTED_EDGE('',*,*,#3038,.T.);
#3175 = ORIENTED_EDGE('',*,*,#3154,.T.);
#3176 = ORIENTED_EDGE('',*,*,#2863,.F.);
#3177 = ADVANCED_FACE('',(#3178),#2970,.F.);
#3178 = FACE_BOUND('',#3179,.T.);
#3179 = EDGE_LOOP('',(#3180,#3181,#3204,#3231));
#3180 = ORIENTED_EDGE('',*,*,#2953,.T.);
#3181 = ORIENTED_EDGE('',*,*,#3182,.T.);
#3182 = EDGE_CURVE('',#2954,#3183,#3185,.T.);
#3183 = VERTEX_POINT('',#3184);
#3184 = CARTESIAN_POINT('',(47.9,0.7776,20.));
#3185 = SEAM_CURVE('',#3186,(#3190,#3197),.PCURVE_S1.);
#3186 = LINE('',#3187,#3188);
#3187 = CARTESIAN_POINT('',(47.9,0.7776,-1.));
#3188 = VECTOR('',#3189,1.);
#3189 = DIRECTION('',(0.,0.,1.));
#3190 = PCURVE('',#2970,#3191);
#3191 = DEFINITIONAL_REPRESENTATION('',(#3192),#3196);
#3192 = LINE('',#3193,#3194);
#3193 = CARTESIAN_POINT('',(-6.28318530718,0.));
#3194 = VECTOR('',#3195,1.);
#3195 = DIRECTION('',(-0.,-1.));
#3196 = ( GEOMETRIC_REPRESENTATION_CONTEXT(2) 
PARAMETRIC_REPRESENTATION_CONTEXT() REPRESENTATION_CONTEXT('2D SPACE',''
  ) );
#3197 = PCURVE('',#2970,#3198);
#3198 = DEFINITIONAL_REPRESENTATION('',(#3199),#3203);
#3199 = LINE('',#3200,#3201);
#3200 = CARTESIAN_POINT('',(-0.,0.));
#3201 = VECTOR('',#3202,1.);
#3202 = DIRECTION('',(-0.,-1.));
#3203 = ( GEOMETRIC_REPRESENTATION_CONTEXT(2) 
PARAMETRIC_REPRESENTATION_CONTEXT() REPRESENTATION_CONTEXT('2D SPACE',''
  ) );
#3204 = ORIENTED_EDGE('',*,*,#3205,.T.);
#3205 = EDGE_CURVE('',#3183,#3183,#3206,.T.);
#3206 = SURFACE_CURVE('',#3207,(#3212,#3219),.PCURVE_S1.);
#3207 = CIRCLE('',#3208,1.1);
#3208 = AXIS2_PLACEMENT_3D('',#3209,#3210,#3211);
#3209 = CARTESIAN_POINT('',(46.8,0.7776,20.));
#3210 = DIRECTION('',(0.,0.,1.));
#3211 = DIRECTION('',(1.,0.,0.));
#3212 = PCURVE('',#2970,#3213);
#3213 = DEFINITIONAL_REPRESENTATION('',(#3214),#3218);
#3214 = LINE('',#3215,#3216);
#3215 = CARTESIAN_POINT('',(-0.,-21.));
#3216 = VECTOR('',#3217,1.);
#3217 = DIRECTION('',(-1.,0.));
#3218 = ( GEOMETRIC_REPRESENTATION_CONTEXT(2) 
PARAMETRIC_REPRESENTATION_CONTEXT() REPRESENTATION_CONTEXT('2D SPACE',''
  ) );
#3219 = PCURVE('',#3220,#3225);
#3220 = PLANE('',#3221);
#3221 = AXIS2_PLACEMENT_3D('',#3222,#3223,#3224);
#3222 = CARTESIAN_POINT('',(46.8,0.7776,20.));
#3223 = DIRECTION('',(0.,0.,1.));
#3224 = DIRECTION('',(1.,0.,-0.));
#3225 = DEFINITIONAL_REPRESENTATION('',(#3226),#3230);
#3226 = CIRCLE('',#3227,1.1);
#3227 = AXIS2_PLACEMENT_2D('',#3228,#3229);
#3228 = CARTESIAN_POINT('',(-7.105427357601E-15,-1.110223024625E-16));
#3229 = DIRECTION('',(1.,0.));
#3230 = ( GEOMETRIC_REPRESENTATION_CONTEXT(2) 
PARAMETRIC_REPRESENTATION_CONTEXT() REPRESENTATION_CONTEXT('2D SPACE',''
  ) );
#3231 = ORIENTED_EDGE('',*,*,#3182,.F.);
#3232 = ADVANCED_FACE('',(#3233),#3116,.T.);
#3233 = FACE_BOUND('',#3234,.T.);
#3234 = EDGE_LOOP('',(#3235));
#3235 = ORIENTED_EDGE('',*,*,#3099,.T.);
#3236 = ADVANCED_FACE('',(#3237),#3220,.F.);
#3237 = FACE_BOUND('',#3238,.F.);
#3238 = EDGE_LOOP('',(#3239));
#3239 = ORIENTED_EDGE('',*,*,#3205,.T.);
#3240 = ( GEOMETRIC_REPRESENTATION_CONTEXT(3) 
GLOBAL_UNCERTAINTY_ASSIGNED_CONTEXT((#3244)) 
GLOBAL_UNIT_ASSIGNED_CONTEXT((#3241,#3242,#3243)) REPRESENTATION_CONTEXT
('Context #1','3D Context with UNIT and UNCERTAINTY') );
#3241 = ( LENGTH_UNIT() NAMED_UNIT(*) SI_UNIT(.MILLI.,.METRE.) );
#3242 = ( NAMED_UNIT(*) PLANE_ANGLE_UNIT() SI_UNIT($,.RADIAN.) );
#3243 = ( NAMED_UNIT(*) SI_UNIT($,.STERADIAN.) SOLID_ANGLE_UNIT() );
#3244 = UNCERTAINTY_MEASURE_WITH_UNIT(LENGTH_MEASURE(2.E-06),#3241,
  'distance_accuracy_value','confusion accuracy');
#3245 = PRODUCT_RELATED_PRODUCT_CATEGORY('part',$,(#7));
ENDSEC;
END-ISO-10303-21;
