ISO-10303-21;
HEADER;
FILE_DESCRIPTION(('Open CASCADE Model'),'2;1');
FILE_NAME('Open CASCADE Shape Model','2026-09-02T22:19:27',('Author'),(
    'Open CASCADE'),'Open CASCADE STEP processor 7.9','Open CASCADE 7.9'
  ,'Unknown');
FILE_SCHEMA(('AUTOMOTIVE_DESIGN { 1 0 10303 214 1 1 1 1 }'));
ENDSEC;
DATA;
#1 = APPLICATION_PROTOCOL_DEFINITION('international standard',
  'automotive_design',2000,#2);
#2 = APPLICATION_CONTEXT(
  'core data for automotive mechanical design processes');
#3 = SHAPE_DEFINITION_REPRESENTATION(#4,#10);
#4 = PRODUCT_DEFINITION_SHAPE('','',#5);
#5 = PRODUCT_DEFINITION('design','',#6,#9);
#6 = PRODUCT_DEFINITION_FORMATION('','',#7);
#7 = PRODUCT('Open CASCADE STEP translator 7.9 9',
  'Open CASCADE STEP translator 7.9 9','',(#8));
#8 = PRODUCT_CONTEXT('',#2,'mechanical');
#9 = PRODUCT_DEFINITION_CONTEXT('part definition',#2,'design');
#10 = ADVANCED_BREP_SHAPE_REPRESENTATION('',(#11,#15),#3256);
#11 = AXIS2_PLACEMENT_3D('',#12,#13,#14);
#12 = CARTESIAN_POINT('',(0.,0.,0.));
#13 = DIRECTION('',(0.,0.,1.));
#14 = DIRECTION('',(1.,0.,-0.));
#15 = MANIFOLD_SOLID_BREP('',#16);
#16 = CLOSED_SHELL('',(#17,#2699,#2750,#2812,#2839,#2897,#2924,#2929,
    #2991,#3018,#3071,#3098,#3103,#3162,#3189,#3248,#3252));
#17 = ADVANCED_FACE('',(#18),#33,.F.);
#18 = FACE_BOUND('',#19,.F.);
#19 = EDGE_LOOP('',(#20,#548,#812,#846,#916,#956,#1220,#1255,#1347,#1376
    ,#1635,#1659,#1923,#1957,#2030,#2064,#2328,#2357,#2413,#2442));
#20 = ORIENTED_EDGE('',*,*,#21,.F.);
#21 = EDGE_CURVE('',#22,#24,#26,.T.);
#22 = VERTEX_POINT('',#23);
#23 = CARTESIAN_POINT('',(72.,4.32E-02,225.));
#24 = VERTEX_POINT('',#25);
#25 = CARTESIAN_POINT('',(71.923733963437,2.86928243302,
    1.42108547152E-13));
#26 = SURFACE_CURVE('',#27,(#32,#524),.PCURVE_S1.);
#27 = ( BOUNDED_CURVE() B_SPLINE_CURVE(3,(#28,#29,#30,#31),
.UNSPECIFIED.,.F.,.F.) B_SPLINE_CURVE_WITH_KNOTS((4,4),(0.,1.),
.PIECEWISE_BEZIER_KNOTS.) CURVE() GEOMETRIC_REPRESENTATION_ITEM() 
RATIONAL_B_SPLINE_CURVE((1.,1.,1.,1.)) REPRESENTATION_ITEM('') );
#28 = CARTESIAN_POINT('',(72.,4.32E-02,225.));
#29 = CARTESIAN_POINT('',(71.999247240162,0.985677823529,150.));
#30 = CARTESIAN_POINT('',(71.973813611164,1.928135768905,75.));
#31 = CARTESIAN_POINT('',(71.923733963437,2.86928243302,
    1.42108547152E-13));
#32 = PCURVE('',#33,#518);
#33 = ( BOUNDED_SURFACE() B_SPLINE_SURFACE(3,3,(
    (#34,#35,#36,#37)
    ,(#38,#39,#40,#41)
    ,(#42,#43,#44,#45)
    ,(#46,#47,#48,#49)
    ,(#50,#51,#52,#53)
    ,(#54,#55,#56,#57)
    ,(#58,#59,#60,#61)
    ,(#62,#63,#64,#65)
    ,(#66,#67,#68,#69)
    ,(#70,#71,#72,#73)
    ,(#74,#75,#76,#77)
    ,(#78,#79,#80,#81)
    ,(#82,#83,#84,#85)
    ,(#86,#87,#88,#89)
    ,(#90,#91,#92,#93)
    ,(#94,#95,#96,#97)
    ,(#98,#99,#100,#101)
    ,(#102,#103,#104,#105)
    ,(#106,#107,#108,#109)
    ,(#110,#111,#112,#113)
    ,(#114,#115,#116,#117)
    ,(#118,#119,#120,#121)
    ,(#122,#123,#124,#125)
    ,(#126,#127,#128,#129)
    ,(#130,#131,#132,#133)
    ,(#134,#135,#136,#137)
    ,(#138,#139,#140,#141)
    ,(#142,#143,#144,#145)
    ,(#146,#147,#148,#149)
    ,(#150,#151,#152,#153)
    ,(#154,#155,#156,#157)
    ,(#158,#159,#160,#161)
    ,(#162,#163,#164,#165)
    ,(#166,#167,#168,#169)
    ,(#170,#171,#172,#173)
    ,(#174,#175,#176,#177)
    ,(#178,#179,#180,#181)
    ,(#182,#183,#184,#185)
    ,(#186,#187,#188,#189)
    ,(#190,#191,#192,#193)
    ,(#194,#195,#196,#197)
    ,(#198,#199,#200,#201)
    ,(#202,#203,#204,#205)
    ,(#206,#207,#208,#209)
    ,(#210,#211,#212,#213)
    ,(#214,#215,#216,#217)
    ,(#218,#219,#220,#221)
    ,(#222,#223,#224,#225)
    ,(#226,#227,#228,#229)
    ,(#230,#231,#232,#233)
    ,(#234,#235,#236,#237)
    ,(#238,#239,#240,#241)
    ,(#242,#243,#244,#245)
    ,(#246,#247,#248,#249)
    ,(#250,#251,#252,#253)
    ,(#254,#255,#256,#257)
    ,(#258,#259,#260,#261)
    ,(#262,#263,#264,#265)
    ,(#266,#267,#268,#269)
    ,(#270,#271,#272,#273)
    ,(#274,#275,#276,#277)
    ,(#278,#279,#280,#281)
    ,(#282,#283,#284,#285)
    ,(#286,#287,#288,#289)
    ,(#290,#291,#292,#293)
    ,(#294,#295,#296,#297)
    ,(#298,#299,#300,#301)
    ,(#302,#303,#304,#305)
    ,(#306,#307,#308,#309)
    ,(#310,#311,#312,#313)
    ,(#314,#315,#316,#317)
    ,(#318,#319,#320,#321)
    ,(#322,#323,#324,#325)
    ,(#326,#327,#328,#329)
    ,(#330,#331,#332,#333)
    ,(#334,#335,#336,#337)
    ,(#338,#339,#340,#341)
    ,(#342,#343,#344,#345)
    ,(#346,#347,#348,#349)
    ,(#350,#351,#352,#353)
    ,(#354,#355,#356,#357)
    ,(#358,#359,#360,#361)
    ,(#362,#363,#364,#365)
    ,(#366,#367,#368,#369)
    ,(#370,#371,#372,#373)
    ,(#374,#375,#376,#377)
    ,(#378,#379,#380,#381)
    ,(#382,#383,#384,#385)
    ,(#386,#387,#388,#389)
    ,(#390,#391,#392,#393)
    ,(#394,#395,#396,#397)
    ,(#398,#399,#400,#401)
    ,(#402,#403,#404,#405)
    ,(#406,#407,#408,#409)
    ,(#410,#411,#412,#413)
    ,(#414,#415,#416,#417)
    ,(#418,#419,#420,#421)
    ,(#422,#423,#424,#425)
    ,(#426,#427,#428,#429)
    ,(#430,#431,#432,#433)
    ,(#434,#435,#436,#437)
    ,(#438,#439,#440,#441)
    ,(#442,#443,#444,#445)
    ,(#446,#447,#448,#449)
    ,(#450,#451,#452,#453)
    ,(#454,#455,#456,#457)
    ,(#458,#459,#460,#461)
    ,(#462,#463,#464,#465)
    ,(#466,#467,#468,#469)
    ,(#470,#471,#472,#473)
    ,(#474,#475,#476,#477)
    ,(#478,#479,#480,#481)
    ,(#482,#483,#484,#485)
    ,(#486,#487,#488,#489)
    ,(#490,#491,#492,#493)
    ,(#494,#495,#496,#497)
    ,(#498,#499,#500,#501)
    ,(#502,#503,#504,#505)
    ,(#506,#507,#508,#509)
    ,(#510,#511,#512,#513)
    ,(#514,#515,#516,#517
)),.UNSPECIFIED.,.F.,.F.,.F.) B_SPLINE_SURFACE_WITH_KNOTS((4,1,1,1,1,1,1
    ,1,1,1,1,1,1,1,1,1,1,1,1,1,1,1,1,1,1,1,1,1,1,1,1,1,1,1,1,1,1,1,1,1,1
    ,1,1,1,1,1,1,1,1,1,1,1,1,1,1,1,1,1,1,1,1,1,1,1,1,1,1,1,1,1,1,1,1,1,1
    ,1,1,1,1,1,1,1,1,1,1,1,1,1,1,1,1,1,1,1,1,1,1,1,1,1,1,1,1,1,1,1,1,1,1
    ,1,1,1,1,1,1,1,1,1,4),(4,4),(0.,4.078407677411E-04,
    1.457980549597E-03,3.204753366262E-03,5.642985368529E-03,
    8.765465479536E-03,1.256297669321E-02,1.702433495068E-02,
    2.213643470887E-02,2.788430025551E-02,3.425114182613E-02,
    4.121841563833E-02,4.876588706683E-02,5.687169632928E-02,
    6.551242622383E-02,7.466317164093E-02,8.429761075195E-02,
    9.438807794483E-02,0.104905638724,0.115820166915,0.1271004246,
    0.138714145282,0.1506281208,0.1628082925,0.175219847173,
    0.187827318137,0.200594691796,0.213485519815,0.22646303689,
    0.239490283867,0.252530235719,0.265545933618,0.278500620098,
    0.291357876051,0.304081758111,0.316636934886,0.328988820492,
    0.341103703964,0.353090161194,0.364812648141,0.376197519167,
    0.38721480852,0.397836016232,0.408034235542,0.417784287292,
    0.427062868614,0.435848726665,0.444122873021,0.451868861729,
    0.459073165549,0.465725703577,0.471820604191,0.477357338614,
    0.482342444921,0.486792194201,0.490736722153,0.49422623504,
    0.4973393663,0.500191267412,0.502933737755,0.505676143618,
    0.508526386493,0.511632585991,0.515105416054,0.519019187057,
    0.523420263997,0.528335467762,0.533778262572,0.539752873742,
    0.546256953268,0.553283311049,0.560821057132,0.568856370053,
    0.577373023458,0.586352753065,0.595775516221,0.605619678387,
    0.615862149932,0.626478489749,0.637442987668,0.648728734495,
    0.660350032239,0.672380507178,0.684646833505,0.697115935464,
    0.709753854552,0.722525869195,0.73539661944,0.748330235365,
    0.761290467738,0.774240819394,0.787144675907,0.799965434253,
    0.812666628411,0.825212051079,0.837565870937,0.849692745131,
    0.86155792689,0.873127368371,0.884367818963,0.89524691945,
    0.905733292442,0.915796629611,0.925407776187,0.934538813214,
    0.943163137948,0.951255542705,0.958792292319,0.965751200209,
    0.972111702872,0.977854932419,0.982963786569,0.987422995334,
    0.991219183478,0.994340927712,0.996778807537,0.998525448648,
    0.999575557896,1.),(0.,1.),.UNSPECIFIED.) 
GEOMETRIC_REPRESENTATION_ITEM() RATIONAL_B_SPLINE_SURFACE((
    (1.,1.,1.,1.)
    ,(1.,1.,1.,1.)
    ,(1.,1.,1.,1.)
    ,(1.,1.,1.,1.)
    ,(1.,1.,1.,1.)
    ,(1.,1.,1.,1.)
    ,(1.,1.,1.,1.)
    ,(1.,1.,1.,1.)
    ,(1.,1.,1.,1.)
    ,(1.,1.,1.,1.)
    ,(1.,1.,1.,1.)
    ,(1.,1.,1.,1.)
    ,(1.,1.,1.,1.)
    ,(1.,1.,1.,1.)
    ,(1.,1.,1.,1.)
    ,(1.,1.,1.,1.)
    ,(1.,1.,1.,1.)
    ,(1.,1.,1.,1.)
    ,(1.,1.,1.,1.)
    ,(1.,1.,1.,1.)
    ,(1.,1.,1.,1.)
    ,(1.,1.,1.,1.)
    ,(1.,1.,1.,1.)
    ,(1.,1.,1.,1.)
    ,(1.,1.,1.,1.)
    ,(1.,1.,1.,1.)
    ,(1.,1.,1.,1.)
    ,(1.,1.,1.,1.)
    ,(1.,1.,1.,1.)
    ,(1.,1.,1.,1.)
    ,(1.,1.,1.,1.)
    ,(1.,1.,1.,1.)
    ,(1.,1.,1.,1.)
    ,(1.,1.,1.,1.)
    ,(1.,1.,1.,1.)
    ,(1.,1.,1.,1.)
    ,(1.,1.,1.,1.)
    ,(1.,1.,1.,1.)
    ,(1.,1.,1.,1.)
    ,(1.,1.,1.,1.)
    ,(1.,1.,1.,1.)
    ,(1.,1.,1.,1.)
    ,(1.,1.,1.,1.)
    ,(1.,1.,1.,1.)
    ,(1.,1.,1.,1.)
    ,(1.,1.,1.,1.)
    ,(1.,1.,1.,1.)
    ,(1.,1.,1.,1.)
    ,(1.,1.,1.,1.)
    ,(1.,1.,1.,1.)
    ,(1.,1.,1.,1.)
    ,(1.,1.,1.,1.)
    ,(1.,1.,1.,1.)
    ,(1.,1.,1.,1.)
    ,(1.,1.,1.,1.)
    ,(1.,1.,1.,1.)
    ,(1.,1.,1.,1.)
    ,(1.,1.,1.,1.)
    ,(1.,1.,1.,1.)
    ,(1.,1.,1.,1.)
    ,(1.,1.,1.,1.)
    ,(1.,1.,1.,1.)
    ,(1.,1.,1.,1.)
    ,(1.,1.,1.,1.)
    ,(1.,1.,1.,1.)
    ,(1.,1.,1.,1.)
    ,(1.,1.,1.,1.)
    ,(1.,1.,1.,1.)
    ,(1.,1.,1.,1.)
    ,(1.,1.,1.,1.)
    ,(1.,1.,1.,1.)
    ,(1.,1.,1.,1.)
    ,(1.,1.,1.,1.)
    ,(1.,1.,1.,1.)
    ,(1.,1.,1.,1.)
    ,(1.,1.,1.,1.)
    ,(1.,1.,1.,1.)
    ,(1.,1.,1.,1.)
    ,(1.,1.,1.,1.)
    ,(1.,1.,1.,1.)
    ,(1.,1.,1.,1.)
    ,(1.,1.,1.,1.)
    ,(1.,1.,1.,1.)
    ,(1.,1.,1.,1.)
    ,(1.,1.,1.,1.)
    ,(1.,1.,1.,1.)
    ,(1.,1.,1.,1.)
    ,(1.,1.,1.,1.)
    ,(1.,1.,1.,1.)
    ,(1.,1.,1.,1.)
    ,(1.,1.,1.,1.)
    ,(1.,1.,1.,1.)
    ,(1.,1.,1.,1.)
    ,(1.,1.,1.,1.)
    ,(1.,1.,1.,1.)
    ,(1.,1.,1.,1.)
    ,(1.,1.,1.,1.)
    ,(1.,1.,1.,1.)
    ,(1.,1.,1.,1.)
    ,(1.,1.,1.,1.)
    ,(1.,1.,1.,1.)
    ,(1.,1.,1.,1.)
    ,(1.,1.,1.,1.)
    ,(1.,1.,1.,1.)
    ,(1.,1.,1.,1.)
    ,(1.,1.,1.,1.)
    ,(1.,1.,1.,1.)
    ,(1.,1.,1.,1.)
    ,(1.,1.,1.,1.)
    ,(1.,1.,1.,1.)
    ,(1.,1.,1.,1.)
    ,(1.,1.,1.,1.)
    ,(1.,1.,1.,1.)
    ,(1.,1.,1.,1.)
    ,(1.,1.,1.,1.)
    ,(1.,1.,1.,1.)
    ,(1.,1.,1.,1.)
    ,(1.,1.,1.,1.)
    ,(1.,1.,1.,1.)
    ,(1.,1.,1.,1.)
,(1.,1.,1.,1.))) REPRESENTATION_ITEM('') SURFACE() );
#34 = CARTESIAN_POINT('',(72.,4.32E-02,225.));
#35 = CARTESIAN_POINT('',(71.999247240162,0.985677823529,150.));
#36 = CARTESIAN_POINT('',(71.973813611164,1.928135768905,75.));
#37 = CARTESIAN_POINT('',(71.923733963437,2.86928243302,
    1.42108547152E-13));
#38 = CARTESIAN_POINT('',(71.984221714961,2.623174440698E-02,225.));
#39 = CARTESIAN_POINT('',(71.983765106702,0.96843418452,150.));
#40 = CARTESIAN_POINT('',(71.958634840756,1.910624501913,75.));
#41 = CARTESIAN_POINT('',(71.908865351872,2.851511660197,
    1.42108547152E-13));
#42 = CARTESIAN_POINT('',(71.923696633015,-1.218274920545E-02,225.));
#43 = CARTESIAN_POINT('',(71.9239104828,0.928963328048,150.));
#44 = CARTESIAN_POINT('',(71.89947833798,1.870114840197,75.));
#45 = CARTESIAN_POINT('',(71.850433676704,2.809982174272,
    1.136868377216E-13));
#46 = CARTESIAN_POINT('',(71.760293358299,6.733077767122E-02,225.));
#47 = CARTESIAN_POINT('',(71.759119431501,1.005624931493,150.));
#48 = CARTESIAN_POINT('',(71.733374194275,1.943888178705,75.));
#49 = CARTESIAN_POINT('',(71.683092924033,2.880834863988,
    1.989519660128E-13));
#50 = CARTESIAN_POINT('',(71.512524417189,9.328244997454E-02,225.));
#51 = CARTESIAN_POINT('',(71.510897542642,1.027252220455,150.));
#52 = CARTESIAN_POINT('',(71.484812601301,1.961179223647,75.));
#53 = CARTESIAN_POINT('',(71.434305336061,2.893783745966,
    8.526512829121E-14));
#54 = CARTESIAN_POINT('',(71.157609566969,0.17765836874,225.));
#55 = CARTESIAN_POINT('',(71.154510046755,1.105433708256,150.));
#56 = CARTESIAN_POINT('',(71.1271146749,2.033127717083,75.));
#57 = CARTESIAN_POINT('',(71.075460989915,2.959469222397,
    1.42108547152E-13));
#58 = CARTESIAN_POINT('',(70.706551334166,0.265612266985,225.));
#59 = CARTESIAN_POINT('',(70.701916718583,1.18551515699,150.));
#60 = CARTESIAN_POINT('',(70.673192409156,2.105296517815,75.));
#61 = CARTESIAN_POINT('',(70.620417765374,3.023696018945,
    1.705302565824E-13));
#62 = CARTESIAN_POINT('',(70.156458687307,0.378693366691,225.));
#63 = CARTESIAN_POINT('',(70.149850421704,1.288995331108,150.));
#64 = CARTESIAN_POINT('',(70.119403884106,2.199124083633,75.));
#65 = CARTESIAN_POINT('',(70.065160793883,3.107832520239,
    1.42108547152E-13));
#66 = CARTESIAN_POINT('',(69.510376771845,0.507691612558,225.));
#67 = CARTESIAN_POINT('',(69.501517047433,1.406717322916,150.));
#68 = CARTESIAN_POINT('',(69.46911434511,2.305510863926,75.));
#69 = CARTESIAN_POINT('',(69.41321306468,3.202840663636,
    1.705302565824E-13));
#70 = CARTESIAN_POINT('',(68.769539766247,0.654499335452,225.));
#71 = CARTESIAN_POINT('',(68.758117746861,1.540595003802,150.));
#72 = CARTESIAN_POINT('',(68.723491351801,2.426391405705,75.));
#73 = CARTESIAN_POINT('',(68.665708027889,3.31067477854,
    1.705302565824E-13));
#74 = CARTESIAN_POINT('',(67.936164468403,0.817011226542,225.));
#75 = CARTESIAN_POINT('',(67.921906062499,1.68856175531,150.));
#76 = CARTESIAN_POINT('',(67.884824178114,2.559738743121,75.));
#77 = CARTESIAN_POINT('',(67.824969626706,3.429348459609,
    1.42108547152E-13));
#78 = CARTESIAN_POINT('',(67.012487343922,0.994320394971,225.));
#79 = CARTESIAN_POINT('',(66.995134288239,1.849749720252,150.));
#80 = CARTESIAN_POINT('',(66.955379924038,2.704724467149,75.));
#81 = CARTESIAN_POINT('',(66.893278724743,3.558073106416,
    1.136868377216E-13));
#82 = CARTESIAN_POINT('',(66.001075595555,1.185025913379,225.));
#83 = CARTESIAN_POINT('',(65.980394077684,2.022802777379,150.));
#84 = CARTESIAN_POINT('',(65.937773520678,2.86003790294,75.));
#85 = CARTESIAN_POINT('',(65.873272325359,3.695584068533,
    1.705302565824E-13));
#86 = CARTESIAN_POINT('',(64.904719943764,1.387795900227,225.));
#87 = CARTESIAN_POINT('',(64.88049939708,2.206437752383,150.));
#88 = CARTESIAN_POINT('',(64.834840904549,3.024445192151,75.));
#89 = CARTESIAN_POINT('',(64.767807029726,3.840697344742,
    1.136868377216E-13));
#90 = CARTESIAN_POINT('',(63.726459691867,1.601210355375,225.));
#91 = CARTESIAN_POINT('',(63.698514333492,2.399287690944,150.));
#92 = CARTESIAN_POINT('',(63.649669557339,3.19663307529,75.));
#93 = CARTESIAN_POINT('',(63.579992292968,3.99215394581,
    1.705302565824E-13));
#94 = CARTESIAN_POINT('',(62.469565504084,1.823826596577,225.));
#95 = CARTESIAN_POINT('',(62.43773473077,2.599966994643,150.));
#96 = CARTESIAN_POINT('',(62.385579007656,3.375273697142,75.));
#97 = CARTESIAN_POINT('',(62.313169801129,4.148684339977,
    1.42108547152E-13));
#98 = CARTESIAN_POINT('',(61.137534111024,2.054174014452,225.));
#99 = CARTESIAN_POINT('',(61.101682986578,2.807066083531,150.));
#100 = CARTESIAN_POINT('',(61.046115722024,3.559019179325,75.));
#101 = CARTESIAN_POINT('',(60.970908458415,4.30900293802,
    8.526512829121E-14));
#102 = CARTESIAN_POINT('',(59.734078408345,2.290767357714,225.));
#103 = CARTESIAN_POINT('',(59.694097919184,3.019164508543,150.));
#104 = CARTESIAN_POINT('',(59.635042744329,3.746514553827,75.));
#105 = CARTESIAN_POINT('',(59.55699380414,4.471820842084,
    8.526512829121E-14));
#106 = CARTESIAN_POINT('',(58.263117956895,2.532111544605,225.));
#107 = CARTESIAN_POINT('',(58.218925183626,3.234835597132,150.));
#108 = CARTESIAN_POINT('',(58.156330032344,3.936402240632,75.));
#109 = CARTESIAN_POINT('',(58.075418274062,4.635850153332,
    1.42108547152E-13));
#110 = CARTESIAN_POINT('',(56.728768440869,2.776706051106,225.));
#111 = CARTESIAN_POINT('',(56.680306653275,3.452650657486,150.));
#112 = CARTESIAN_POINT('',(56.614143767529,4.127326065946,75.));
#113 = CARTESIAN_POINT('',(56.530370443333,4.799807802431,
    1.136868377216E-13));
#114 = CARTESIAN_POINT('',(55.13533056472,3.023046707263,225.));
#115 = CARTESIAN_POINT('',(55.082569285403,3.671180581074,150.));
#116 = CARTESIAN_POINT('',(55.012835194318,4.317932670134,75.));
#117 = CARTESIAN_POINT('',(54.926223844612,4.962416762318,
    1.705302565824E-13));
#118 = CARTESIAN_POINT('',(53.487278312768,3.269625897995,225.));
#119 = CARTESIAN_POINT('',(53.430213377276,3.888995838538,150.));
#120 = CARTESIAN_POINT('',(53.356928878075,4.506871298611,75.));
#121 = CARTESIAN_POINT('',(53.267525233257,5.122405634294,
    1.42108547152E-13));
#122 = CARTESIAN_POINT('',(51.789246662024,3.514931391247,225.));
#123 = CARTESIAN_POINT('',(51.727900299443,4.104665093402,150.));
#124 = CARTESIAN_POINT('',(51.651110464447,4.692792201639,75.));
#125 = CARTESIAN_POINT('',(51.558982378316,5.278506834721,
    1.989519660128E-13));
#126 = CARTESIAN_POINT('',(50.046018792095,3.757444359741,225.));
#127 = CARTESIAN_POINT('',(49.980439740154,4.316753000589,150.));
#128 = CARTESIAN_POINT('',(49.900213964159,4.874344210514,75.));
#129 = CARTESIAN_POINT('',(49.805451393489,5.429453950098,
    1.136868377216E-13));
#130 = CARTESIAN_POINT('',(48.262512847574,3.995637151547,225.));
#131 = CARTESIAN_POINT('',(48.19277650667,4.523817745952,150.));
#132 = CARTESIAN_POINT('',(48.109208599285,5.05017204708,75.));
#133 = CARTESIAN_POINT('',(48.011923634351,5.57397881789,
    1.705302565824E-13));
#134 = CARTESIAN_POINT('',(46.44376830058,4.227971417123,225.));
#135 = CARTESIAN_POINT('',(46.369976920491,4.724408935297,150.));
#136 = CARTESIAN_POINT('',(46.283185237391,5.218913975586,75.));
#137 = CARTESIAN_POINT('',(46.183512177592,5.7108089424,
    1.42108547152E-13));
#138 = CARTESIAN_POINT('',(44.594931956635,4.452897194186,225.));
#139 = CARTESIAN_POINT('',(44.517214839201,4.917066435014,150.));
#140 = CARTESIAN_POINT('',(44.427342435757,5.379200399493,75.));
#141 = CARTESIAN_POINT('',(44.325437893974,5.838665848507,
    1.42108547152E-13));
#142 = CARTESIAN_POINT('',(42.721243640298,4.668853518835,225.));
#143 = CARTESIAN_POINT('',(42.639757331437,5.100320733356,150.));
#144 = CARTESIAN_POINT('',(42.546972112218,5.529653972645,75.));
#145 = CARTESIAN_POINT('',(42.443015121599,5.956264942781,
    1.136868377216E-13));
#146 = CARTESIAN_POINT('',(40.82802159035,4.874271068255,225.));
#147 = CARTESIAN_POINT('',(40.742950025952,5.272695328255,150.));
#148 = CARTESIAN_POINT('',(40.647444854776,5.668891730967,75.));
#149 = CARTESIAN_POINT('',(40.541636942794,6.062317388224,
    1.989519660128E-13));
#150 = CARTESIAN_POINT('',(38.920647587523,5.06757723267,225.));
#151 = CARTESIAN_POINT('',(38.832202150819,5.432711539695,150.));
#152 = CARTESIAN_POINT('',(38.734194879081,5.795529642957,75.));
#153 = CARTESIAN_POINT('',(38.626760066786,6.155534390909,
    1.42108547152E-13));
#154 = CARTESIAN_POINT('',(37.004551833703,5.247203939495,225.));
#155 = CARTESIAN_POINT('',(36.912971276077,5.57889606996,150.));
#156 = CARTESIAN_POINT('',(36.812704641432,5.908189902447,75.));
#157 = CARTESIAN_POINT('',(36.703889320135,6.234634222046,
    1.42108547152E-13));
#158 = CARTESIAN_POINT('',(35.085197592638,5.411598236145,225.));
#159 = CARTESIAN_POINT('',(34.990747769733,5.709791318372,150.));
#160 = CARTESIAN_POINT('',(34.888489117089,6.005510970436,75.));
#161 = CARTESIAN_POINT('',(34.778561754634,6.298351982451,
    1.42108547152E-13));
#162 = CARTESIAN_POINT('',(33.168065619131,5.55923613728,225.));
#163 = CARTESIAN_POINT('',(33.07103898528,5.823968956775,150.));
#164 = CARTESIAN_POINT('',(32.967079753232,6.086160872481,75.));
#165 = CARTESIAN_POINT('',(32.856330373135,6.345452615896,
    1.42108547152E-13));
#166 = CARTESIAN_POINT('',(31.258638334192,5.688637638146,225.));
#167 = CARTESIAN_POINT('',(31.159353174805,5.920044666686,150.));
#168 = CARTESIAN_POINT('',(31.054008127267,6.148851652793,75.));
#169 = CARTESIAN_POINT('',(30.942747540641,6.374745073669,
    1.136868377216E-13));
#170 = CARTESIAN_POINT('',(29.362383966368,5.798389696803,225.));
#171 = CARTESIAN_POINT('',(29.261183229217,5.996700844723,150.));
#172 = CARTESIAN_POINT('',(29.154789293188,6.192361792375,75.));
#173 = CARTESIAN_POINT('',(29.043347944585,6.385104435324,
    1.136868377216E-13));
#174 = CARTESIAN_POINT('',(27.484739924304,5.887150335506,225.));
#175 = CARTESIAN_POINT('',(27.381989979213,6.052690413801,150.));
#176 = CARTESIAN_POINT('',(27.274905018559,6.21553972814,75.));
#177 = CARTESIAN_POINT('',(27.163631775521,6.375475134231,
    1.705302565824E-13));
#178 = CARTESIAN_POINT('',(25.631098208209,5.953730164934,225.));
#179 = CARTESIAN_POINT('',(25.527186183885,6.086918092728,150.));
#180 = CARTESIAN_POINT('',(25.419786356919,6.217384830629,75.));
#181 = CARTESIAN_POINT('',(25.309045891936,6.344951606572,
    1.42108547152E-13));
#182 = CARTESIAN_POINT('',(23.806782721962,5.996895716649,225.));
#183 = CARTESIAN_POINT('',(23.702117275318,6.098243332696,150.));
#184 = CARTESIAN_POINT('',(23.59479783525,6.196850034407,75.));
#185 = CARTESIAN_POINT('',(23.484971456234,6.292580705938,
    1.42108547152E-13));
#186 = CARTESIAN_POINT('',(22.010091894409,6.016262315207,225.));
#187 = CARTESIAN_POINT('',(21.905088396174,6.08625176023,150.));
#188 = CARTESIAN_POINT('',(21.798252087737,6.153491443794,75.));
#189 = CARTESIAN_POINT('',(21.689729361562,6.217889230712,
    1.136868377216E-13));
#190 = CARTESIAN_POINT('',(20.244284666721,6.008912886959,225.));
#191 = CARTESIAN_POINT('',(20.139409400237,6.048083180872,150.));
#192 = CARTESIAN_POINT('',(20.033508391262,6.084507076767,75.));
#193 = CARTESIAN_POINT('',(19.926726750665,6.118134664799,
    1.989519660128E-13));
#194 = CARTESIAN_POINT('',(18.514956979868,5.965446857909,225.));
#195 = CARTESIAN_POINT('',(18.410840299578,5.974434688009,150.));
#196 = CARTESIAN_POINT('',(18.306488271329,5.98069599065,75.));
#197 = CARTESIAN_POINT('',(18.202043883499,5.984222186282,
    1.42108547152E-13));
#198 = CARTESIAN_POINT('',(16.834636840278,5.888113808741,225.));
#199 = CARTESIAN_POINT('',(16.731869838316,5.867774517343,150.));
#200 = CARTESIAN_POINT('',(16.629635483791,5.844744047952,75.));
#201 = CARTESIAN_POINT('',(16.528073863339,5.819053958071,
    1.136868377216E-13));
#202 = CARTESIAN_POINT('',(15.210590663863,5.77714453907,225.));
#203 = CARTESIAN_POINT('',(15.109760404315,5.728460291381,150.));
#204 = CARTESIAN_POINT('',(15.010205067326,5.677135588565,75.));
#205 = CARTESIAN_POINT('',(14.912061068608,5.623240758302,
    1.42108547152E-13));
#206 = CARTESIAN_POINT('',(13.647812736416,5.633647085709,225.));
#207 = CARTESIAN_POINT('',(13.549486944591,5.557687213694,150.));
#208 = CARTESIAN_POINT('',(13.45315034752,5.479152476375,75.));
#209 = CARTESIAN_POINT('',(13.358934950436,5.398150485985,
    1.42108547152E-13));
#210 = CARTESIAN_POINT('',(12.151082171681,5.458844263779,225.));
#211 = CARTESIAN_POINT('',(12.055807230844,5.356761510703,150.));
#212 = CARTESIAN_POINT('',(11.963205569726,5.2521837902,75.));
#213 = CARTESIAN_POINT('',(11.873404075762,5.145254399904,
    1.136868377216E-13));
#214 = CARTESIAN_POINT('',(10.724941257141,5.254261736029,225.));
#215 = CARTESIAN_POINT('',(10.633236922822,5.127288123067,150.));
#216 = CARTESIAN_POINT('',(10.54485768989,4.997913051287,75.));
#217 = CARTESIAN_POINT('',(10.459924660001,4.866313796899,
    1.989519660128E-13));
#218 = CARTESIAN_POINT('',(9.373673707815,5.021652437276,225.));
#219 = CARTESIAN_POINT('',(9.286029141154,4.871094750574,150.));
#220 = CARTESIAN_POINT('',(9.202327276376,4.718241923204,75.));
#221 = CARTESIAN_POINT('',(9.12268280597,4.563303401771,
    1.705302565824E-13));
#222 = CARTESIAN_POINT('',(8.101285073661,4.762980266356,225.));
#223 = CARTESIAN_POINT('',(8.018155159389,4.590215202144,150.));
#224 = CARTESIAN_POINT('',(7.939549495574,4.415273227335,75.));
#225 = CARTESIAN_POINT('',(7.865575791635,4.23839405619,
    1.42108547152E-13));
#226 = CARTESIAN_POINT('',(6.911484780904,4.48038155269,225.));
#227 = CARTESIAN_POINT('',(6.833287117853,4.286850548947,150.));
#228 = CARTESIAN_POINT('',(6.760157506512,4.091271800176,75.));
#229 = CARTESIAN_POINT('',(6.692196152742,3.89391329818,
    1.42108547152E-13));
#230 = CARTESIAN_POINT('',(5.807669717899,4.176125231313,225.));
#231 = CARTESIAN_POINT('',(5.734782304587,3.963329012959,150.));
#232 = CARTESIAN_POINT('',(5.667467444369,3.74862411361,75.));
#233 = CARTESIAN_POINT('',(5.605817375441,3.53230473268,
    1.136868377216E-13));
#234 = CARTESIAN_POINT('',(4.792908805104,3.852566790786,225.));
#235 = CARTESIAN_POINT('',(4.725668529089,3.622059645561,150.));
#236 = CARTESIAN_POINT('',(4.664464605024,3.389791705249,75.));
#237 = CARTESIAN_POINT('',(4.609380897594,3.156081235021,
    1.42108547152E-13));
#238 = CARTESIAN_POINT('',(3.869927685777,3.512096971921,225.));
#239 = CARTESIAN_POINT('',(3.808629708378,3.26548075907,150.));
#240 = CARTESIAN_POINT('',(3.753789933501,3.017259366211,75.));
#241 = CARTESIAN_POINT('',(3.705483505356,2.767772918735,
    1.705302565824E-13));
#242 = CARTESIAN_POINT('',(3.041092331994,3.157083399423,225.));
#243 = CARTESIAN_POINT('',(2.985990491736,2.896001272248,150.));
#244 = CARTESIAN_POINT('',(2.937725674919,2.63347622718,75.));
#245 = CARTESIAN_POINT('',(2.896364016415,2.369867989192,
    8.526512829121E-14));
#246 = CARTESIAN_POINT('',(2.308390850751,2.789800753784,225.));
#247 = CARTESIAN_POINT('',(2.259699285538,2.515930564654,150.));
#248 = CARTESIAN_POINT('',(2.218179626367,2.240785327126,75.));
#249 = CARTESIAN_POINT('',(2.183888765558,1.964742058992,
    1.989519660128E-13));
#250 = CARTESIAN_POINT('',(1.673415139218,2.412340106554,225.));
#251 = CARTESIAN_POINT('',(1.631311490906,2.127387491732,150.));
#252 = CARTESIAN_POINT('',(1.596669965344,1.841332349653,75.));
#253 = CARTESIAN_POINT('',(1.569538030086,1.554566647408,
    1.42108547152E-13));
#254 = CARTESIAN_POINT('',(1.137357047989,2.026476856156,225.));
#255 = CARTESIAN_POINT('',(1.101987971914,1.732168253662,150.));
#256 = CARTESIAN_POINT('',(1.074326024665,1.436933485244,75.));
#257 = CARTESIAN_POINT('',(1.05440911003,1.141177096377,
    1.136868377216E-13));
#258 = CARTESIAN_POINT('',(0.701064633603,1.633476661869,225.));
#259 = CARTESIAN_POINT('',(0.672554695195,1.331553311132,150.));
#260 = CARTESIAN_POINT('',(0.651951293458,1.02888341752,75.));
#261 = CARTESIAN_POINT('',(0.639282660206,0.725881714489,
    1.42108547152E-13));
#262 = CARTESIAN_POINT('',(0.365309135041,1.233836858307,225.));
#263 = CARTESIAN_POINT('',(0.343774219622,0.926053459427,150.));
#264 = CARTESIAN_POINT('',(0.33029929799,0.617706175127,75.));
#265 = CARTESIAN_POINT('',(0.324902834158,0.309217518307,
    1.989519660128E-13));
#266 = CARTESIAN_POINT('',(0.131468201859,0.827262199993,225.));
#267 = CARTESIAN_POINT('',(0.117029347789,0.515397497585,150.));
#268 = CARTESIAN_POINT('',(0.110757364232,0.203154736556,75.));
#269 = CARTESIAN_POINT('',(0.112660845375,-0.109038232414,
    5.684341886081E-14));
#270 = CARTESIAN_POINT('',(2.610739939513E-03,0.413566537933,225.));
#271 = CARTESIAN_POINT('',(-4.607765440527E-03,9.945283912024E-02,150.)
  );
#272 = CARTESIAN_POINT('',(-3.600506622844E-03,-0.214849837095,75.));
#273 = CARTESIAN_POINT('',(5.631136196037E-03,-0.528910817436,
    1.705302565824E-13));
#274 = CARTESIAN_POINT('',(-1.738517016726E-02,-1.394771597038E-03,225.)
  );
#275 = CARTESIAN_POINT('',(-1.736123467684E-02,-0.315857474281,150.));
#276 = CARTESIAN_POINT('',(-9.102396820849E-03,-0.630319494952,75.));
#277 = CARTESIAN_POINT('',(7.380026727183E-03,-0.944349941989,
    1.136868377216E-13));
#278 = CARTESIAN_POINT('',(6.829918958043E-02,-0.407775947084,225.));
#279 = CARTESIAN_POINT('',(7.541581674013E-02,-0.72074318473,150.));
#280 = CARTESIAN_POINT('',(9.072818295581E-02,-1.033524002785,75.));
#281 = CARTESIAN_POINT('',(0.114215306456,-1.345689813296,
    1.705302565824E-13));
#282 = CARTESIAN_POINT('',(0.260163279901,-0.795684499761,225.));
#283 = CARTESIAN_POINT('',(0.274050193035,-1.105303086002,150.));
#284 = CARTESIAN_POINT('',(0.296045152182,-1.414557958306,75.));
#285 = CARTESIAN_POINT('',(0.326118018748,-1.723025360148,
    1.42108547152E-13));
#286 = CARTESIAN_POINT('',(0.552677478468,-1.16056237707,225.));
#287 = CARTESIAN_POINT('',(0.57293271873,-1.465075635554,150.));
#288 = CARTESIAN_POINT('',(0.601162309571,-1.769058412246,75.));
#289 = CARTESIAN_POINT('',(0.637327569393,-2.072094174711,
    1.42108547152E-13));
#290 = CARTESIAN_POINT('',(0.94223482932,-1.503746075605,225.));
#291 = CARTESIAN_POINT('',(0.968479764047,-1.801460283269,150.));
#292 = CARTESIAN_POINT('',(1.002521000098,-2.098487156918,75.));
#293 = CARTESIAN_POINT('',(1.044311892464,-2.394419695445,
    1.136868377216E-13));
#294 = CARTESIAN_POINT('',(1.42693129528,-1.826544639829,225.));
#295 = CARTESIAN_POINT('',(1.458810138904,-2.115799305359,150.));
#296 = CARTESIAN_POINT('',(1.498263751015,-2.404219101976,75.));
#297 = CARTESIAN_POINT('',(1.545238070296,-2.691408822422,
    1.989519660128E-13));
#298 = CARTESIAN_POINT('',(2.005382684217,-2.129588407527,225.));
#299 = CARTESIAN_POINT('',(2.042550652608,-2.408747198334,150.));
#300 = CARTESIAN_POINT('',(2.087029005716,-2.686932614554,75.));
#301 = CARTESIAN_POINT('',(2.138756797074,-2.963763472589,
    8.526512829121E-14));
#302 = CARTESIAN_POINT('',(2.676096088126,-2.412959003937,225.));
#303 = CARTESIAN_POINT('',(2.71820982175,-2.680411643595,150.));
#304 = CARTESIAN_POINT('',(2.767327387727,-2.946761394904,75.));
#305 = CARTESIAN_POINT('',(2.823381482708,-3.211643292087,
    1.705302565824E-13));
#306 = CARTESIAN_POINT('',(3.437272195287,-2.676464537771,225.));
#307 = CARTESIAN_POINT('',(3.483984985433,-2.930632153762,150.));
#308 = CARTESIAN_POINT('',(3.537353709356,-3.183576447257,75.));
#309 = CARTESIAN_POINT('',(3.597305238556,-3.434950821306,
    8.526512829121E-14));
#310 = CARTESIAN_POINT('',(4.286793748968,-2.919814692745,225.));
#311 = CARTESIAN_POINT('',(4.337753819904,-3.159155365651,150.));
#312 = CARTESIAN_POINT('',(4.394981547527,-3.397161494207,75.));
#313 = CARTESIAN_POINT('',(4.458398515535,-3.63350695049,
    2.273736754432E-13));
#314 = CARTESIAN_POINT('',(5.222258667982,-3.142725113897,225.));
#315 = CARTESIAN_POINT('',(5.27710928099,-3.365738848516,150.));
#316 = CARTESIAN_POINT('',(5.33779999296,-3.587316159192,75.));
#317 = CARTESIAN_POINT('',(5.404247642437,-3.807153429588,
    5.684341886081E-14));
#318 = CARTESIAN_POINT('',(6.241017835581,-3.344978185654,225.));
#319 = CARTESIAN_POINT('',(6.299398453775,-3.550211222593,150.));
#320 = CARTESIAN_POINT('',(6.36315354336,-3.753915397705,75.));
#321 = CARTESIAN_POINT('',(6.432195743917,-3.955811585322,
    1.705302565824E-13));
#322 = CARTESIAN_POINT('',(7.340206603373,-3.526462444201,225.));
#323 = CARTESIAN_POINT('',(7.401754744391,-3.71251102161,150.));
#324 = CARTESIAN_POINT('',(7.468174968679,-3.896947791961,75.));
#325 = CARTESIAN_POINT('',(7.539376263918,-4.079520030746,
    1.136868377216E-13));
#326 = CARTESIAN_POINT('',(8.5167695597,-3.687200044661,225.));
#327 = CARTESIAN_POINT('',(8.581123127791,-3.852713727688,150.));
#328 = CARTESIAN_POINT('',(8.649811026968,-4.016542140939,75.));
#329 = CARTESIAN_POINT('',(8.72273913763,-4.178460798512,
    1.705302565824E-13));
#330 = CARTESIAN_POINT('',(9.767479696412,-3.827366816078,225.));
#331 = CARTESIAN_POINT('',(9.834279664547,-3.971051491791,150.));
#332 = CARTESIAN_POINT('',(9.904842322434,-4.112986837157,75.));
#333 = CARTESIAN_POINT('',(9.979070981582,-4.252978365253,
    1.42108547152E-13));
#334 = CARTESIAN_POINT('',(11.088953242726,-3.947306150594,225.));
#335 = CARTESIAN_POINT('',(11.157846577125,-4.067926764013,150.));
#336 = CARTESIAN_POINT('',(11.229898617352,-4.186743231702,75.));
#337 = CARTESIAN_POINT('',(11.305010634091,-4.303592745383,
    1.705302565824E-13));
#338 = CARTESIAN_POINT('',(12.477661100695,-4.047538451046,225.));
#339 = CARTESIAN_POINT('',(12.54830385024,-4.143921541583,150.));
#340 = CARTESIAN_POINT('',(12.621470592085,-4.238454678335,75.));
#341 = CARTESIAN_POINT('',(12.697061069495,-4.331008327262,
    1.42108547152E-13));
#342 = CARTESIAN_POINT('',(13.92993754996,-4.128761120489,225.));
#343 = CARTESIAN_POINT('',(14.001997935429,-4.199797206464,150.));
#344 = CARTESIAN_POINT('',(14.075918545495,-4.268946219168,75.));
#345 = CARTESIAN_POINT('',(14.151598090434,-4.336113407158,
    1.136868377216E-13));
#346 = CARTESIAN_POINT('',(15.441986825862,-4.191859164571,225.));
#347 = CARTESIAN_POINT('',(15.515148514212,-4.236505012916,150.));
#348 = CARTESIAN_POINT('',(15.589479340142,-4.279234952568,75.));
#349 = CARTESIAN_POINT('',(15.664877451828,-4.319990432823,
    1.42108547152E-13));
#350 = CARTESIAN_POINT('',(17.009887746114,-4.237846668392,225.));
#351 = CARTESIAN_POINT('',(17.083852103336,-4.255127483606,150.));
#352 = CARTESIAN_POINT('',(17.158268983994,-4.27047137527,75.));
#353 = CARTESIAN_POINT('',(17.233036418349,-4.283857318413,
    1.42108547152E-13));
#354 = CARTESIAN_POINT('',(18.62959794615,-4.268053801604,225.));
#355 = CARTESIAN_POINT('',(18.704089553985,-4.257065340789,150.));
#356 = CARTESIAN_POINT('',(18.778293391557,-4.244126154161,75.));
#357 = CARTESIAN_POINT('',(18.85210778105,-4.229253971643,
    1.989519660128E-13));
#358 = CARTESIAN_POINT('',(20.299040865283,-4.283345889857,225.));
#359 = CARTESIAN_POINT('',(20.373799408207,-4.243220152956,150.));
#360 = CARTESIAN_POINT('',(20.447507156711,-4.201136705072,75.));
#361 = CARTESIAN_POINT('',(20.520063112744,-4.157153211054,
    1.136868377216E-13));
#362 = CARTESIAN_POINT('',(22.021096248957,-4.28707202398,225.));
#363 = CARTESIAN_POINT('',(22.095919864174,-4.216890749972,150.));
#364 = CARTESIAN_POINT('',(22.168905614151,-4.144750066197,75.));
#365 = CARTESIAN_POINT('',(22.239953490156,-4.070748823432,
    1.136868377216E-13));
#366 = CARTESIAN_POINT('',(23.791437774365,-4.271576827279,225.));
#367 = CARTESIAN_POINT('',(23.86599098745,-4.17049726355,150.));
#368 = CARTESIAN_POINT('',(23.93789719519,-4.067465376556,75.));
#369 = CARTESIAN_POINT('',(24.007057868095,-3.962622345751,
    1.705302565824E-13));
#370 = CARTESIAN_POINT('',(25.603275541446,-4.235908060803,225.));
#371 = CARTESIAN_POINT('',(25.677206258114,-4.103205960831,150.));
#372 = CARTESIAN_POINT('',(25.747661863394,-3.968567844593,75.));
#373 = CARTESIAN_POINT('',(25.814545815484,-3.832178199983,
    1.705302565824E-13));
#374 = CARTESIAN_POINT('',(27.444603572539,-4.181768453595,225.));
#375 = CARTESIAN_POINT('',(27.517589416462,-4.016929114743,150.));
#376 = CARTESIAN_POINT('',(27.586258564382,-3.850178508852,75.));
#377 = CARTESIAN_POINT('',(27.650516922391,-3.681745125961,
    1.42108547152E-13));
#378 = CARTESIAN_POINT('',(29.310279645288,-4.110292365638,225.));
#379 = CARTESIAN_POINT('',(29.382018038339,-3.912890834008,150.));
#380 = CARTESIAN_POINT('',(29.448587022466,-3.713610708321,75.));
#381 = CARTESIAN_POINT('',(29.509895381512,-3.512725052191,
    1.42108547152E-13));
#382 = CARTESIAN_POINT('',(31.195090426146,-4.022857699733,225.));
#383 = CARTESIAN_POINT('',(31.26530283902,-3.792560011296,150.));
#384 = CARTESIAN_POINT('',(31.329484384512,-3.560423695749,75.));
#385 = CARTESIAN_POINT('',(31.387547117851,-3.326766837904,
    1.989519660128E-13));
#386 = CARTESIAN_POINT('',(33.093761288318,-3.920848366804,225.));
#387 = CARTESIAN_POINT('',(33.162193345396,-3.65741261717,150.));
#388 = CARTESIAN_POINT('',(33.223726741875,-3.392184868804,75.));
#389 = CARTESIAN_POINT('',(33.27827716161,-3.125528550057,
    1.136868377216E-13));
#390 = CARTESIAN_POINT('',(35.000971321861,-3.805689393895,225.));
#391 = CARTESIAN_POINT('',(35.067393518816,-3.508966546108,150.));
#392 = CARTESIAN_POINT('',(35.126045359133,-3.21050433807,75.));
#393 = CARTESIAN_POINT('',(35.176846475119,-2.910711737657,
    1.136868377216E-13));
#394 = CARTESIAN_POINT('',(36.911367383716,-3.67880963187,225.));
#395 = CARTESIAN_POINT('',(36.975575154254,-3.348744078977,150.));
#396 = CARTESIAN_POINT('',(37.031139415958,-3.016997161348,75.));
#397 = CARTESIAN_POINT('',(37.077984031893,-2.684023455236,
    1.136868377216E-13));
#398 = CARTESIAN_POINT('',(38.819578817645,-3.541627171072,225.));
#399 = CARTESIAN_POINT('',(38.881392345696,-3.178257041792,150.));
#400 = CARTESIAN_POINT('',(38.933690211234,-2.813268252166,75.));
#401 = CARTESIAN_POINT('',(38.976400753105,-2.447160928125,
    1.989519660128E-13));
#402 = CARTESIAN_POINT('',(40.720232333618,-3.395532264355,225.));
#403 = CARTESIAN_POINT('',(40.77949606748,-2.998989469042,150.));
#404 = CARTESIAN_POINT('',(40.828375439545,-2.600894791216,75.));
#405 = CARTESIAN_POINT('',(40.866803472845,-2.201793720155,
    1.705302565824E-13));
#406 = CARTESIAN_POINT('',(42.607967104931,-3.241875052125,225.));
#407 = CARTESIAN_POINT('',(42.664549057179,-2.812385065245,150.));
#408 = CARTESIAN_POINT('',(42.709883852914,-2.381413430027,75.));
#409 = CARTESIAN_POINT('',(42.743909372126,-1.949550685404,
    1.42108547152E-13));
#410 = CARTESIAN_POINT('',(44.47744997845,-3.081956377888,225.));
#411 = CARTESIAN_POINT('',(44.531240865539,-2.619837755019,150.));
#412 = CARTESIAN_POINT('',(44.572930143502,-2.156310579763,75.));
#413 = CARTESIAN_POINT('',(44.602460687603,-1.692010000287,
    1.136868377216E-13));
#414 = CARTESIAN_POINT('',(46.323390732583,-2.917022194364,225.));
#415 = CARTESIAN_POINT('',(46.374303016827,-2.4226858229,150.));
#416 = CARTESIAN_POINT('',(46.412269999345,-1.927016287297,75.));
#417 = CARTESIAN_POINT('',(46.437239655876,-1.430692778795,
    1.42108547152E-13));
#418 = CARTESIAN_POINT('',(48.140557306602,-2.748261258569,225.));
#419 = CARTESIAN_POINT('',(48.188524197921,-2.22220934262,150.));
#420 = CARTESIAN_POINT('',(48.222715246252,-1.694901399738,75.));
#421 = CARTESIAN_POINT('',(48.243083601309,-1.167059973693,
    1.705302565824E-13));
#422 = CARTESIAN_POINT('',(49.923790931247,-2.576805836658,225.));
#423 = CARTESIAN_POINT('',(49.968765401217,-2.019630617871,150.));
#424 = CARTESIAN_POINT('',(49.999148996105,-1.461277740796,75.));
#425 = CARTESIAN_POINT('',(50.014900082788,-0.902512288528,
    1.705302565824E-13));
#426 = CARTESIAN_POINT('',(51.668021095523,-2.403734966215,225.));
#427 = CARTESIAN_POINT('',(51.709974948364,-1.816117183375,150.));
#428 = CARTESIAN_POINT('',(51.736540720687,-1.227400849143,75.));
#429 = CARTESIAN_POINT('',(51.74768201074,-0.638392652142,
    1.42108547152E-13));
#430 = CARTESIAN_POINT('',(53.368280292221,-2.230079734248,225.));
#431 = CARTESIAN_POINT('',(53.407203327905,-1.612786825524,150.));
#432 = CARTESIAN_POINT('',(53.429961174705,-0.994474739277,75.));
#433 = CARTESIAN_POINT('',(53.436522648679,-0.375990717715,
    8.526512829121E-14));
#434 = CARTESIAN_POINT('',(55.019718493165,-2.056829954088,225.));
#435 = CARTESIAN_POINT('',(55.055617787057,-1.410714006633,150.));
#436 = CARTESIAN_POINT('',(55.074597097486,-0.763658070091,75.));
#437 = CARTESIAN_POINT('',(55.076630418051,-0.116548772936,
    1.989519660128E-13));
#438 = CARTESIAN_POINT('',(56.617617313285,-1.884941587949,225.));
#439 = CARTESIAN_POINT('',(56.65051662533,-1.210937040295,150.));
#440 = CARTESIAN_POINT('',(56.665765629673,-0.53607106962,75.));
#441 = CARTESIAN_POINT('',(56.663343431364,0.138731588901,
    1.42108547152E-13));
#442 = CARTESIAN_POINT('',(58.157403831731,-1.715344251079,225.));
#443 = CARTESIAN_POINT('',(58.187343146618,-1.014465354306,150.));
#444 = CARTESIAN_POINT('',(58.198928389968,-0.312802553312,75.));
#445 = CARTESIAN_POINT('',(58.192143687099,0.388682698368,
    8.526512829121E-14));
#446 = CARTESIAN_POINT('',(59.634664039927,-1.548948180758,225.));
#447 = CARTESIAN_POINT('',(59.661699228885,-0.822286224952,150.));
#448 = CARTESIAN_POINT('',(59.669705160307,-9.491642042178E-02,75.));
#449 = CARTESIAN_POINT('',(59.658670864066,0.632164554274,
    1.705302565824E-13));
#450 = CARTESIAN_POINT('',(61.045155907475,-1.386650043945,225.));
#451 = CARTESIAN_POINT('',(61.069358491426,-0.635370356612,150.));
#452 = CARTESIAN_POINT('',(61.073887148513,0.116542997087,75.));
#453 = CARTESIAN_POINT('',(61.058735673344,0.868059707792,
    1.136868377216E-13));
#454 = CARTESIAN_POINT('',(62.384822001187,-1.22933728181,225.));
#455 = CARTESIAN_POINT('',(62.406278989732,-0.454676006047,150.));
#456 = CARTESIAN_POINT('',(62.407449753216,0.320547032481,75.));
#457 = CARTESIAN_POINT('',(62.388332687398,1.095269584314,
    1.989519660128E-13));
#458 = CARTESIAN_POINT('',(63.649801793049,-1.077889970978,225.));
#459 = CARTESIAN_POINT('',(63.668615555939,-0.281150628826,150.));
#460 = CARTESIAN_POINT('',(63.666564931162,0.516081253494,75.));
#461 = CARTESIAN_POINT('',(63.643652728587,1.312713268906,
    8.526512829121E-14));
#462 = CARTESIAN_POINT('',(64.83644310017,-0.933182151163,225.));
#463 = CARTESIAN_POINT('',(64.852731261942,-0.115732007305,150.));
#464 = CARTESIAN_POINT('',(64.847612678276,0.702144534627,75.));
#465 = CARTESIAN_POINT('',(64.821094362912,1.519326779208,
    1.705302565824E-13));
#466 = CARTESIAN_POINT('',(65.941314448473,-0.79607500775,225.));
#467 = CARTESIAN_POINT('',(65.955209664108,4.065878259231E-02,150.));
#468 = CARTESIAN_POINT('',(65.947193149732,0.877756303028,75.));
#469 = CARTESIAN_POINT('',(65.917275889973,1.714070520585,
    1.42108547152E-13));
#470 = CARTESIAN_POINT('',(66.961212208529,-0.667427144719,225.));
#471 = CARTESIAN_POINT('',(66.972862118403,0.187107222983,150.));
#472 = CARTESIAN_POINT('',(66.962134151116,1.041946519348,75.));
#473 = CARTESIAN_POINT('',(66.929043006664,1.895919400734,
    8.526512829121E-14));
#474 = CARTESIAN_POINT('',(67.893182803223,-0.548038291829,225.));
#475 = CARTESIAN_POINT('',(67.902749005564,0.322762034441,150.));
#476 = CARTESIAN_POINT('',(67.889511370955,1.193812720022,75.));
#477 = CARTESIAN_POINT('',(67.853488038268,2.063920207613,
    1.136868377216E-13));
#478 = CARTESIAN_POINT('',(68.734493301065,-0.438801330191,225.));
#479 = CARTESIAN_POINT('',(68.742152977751,0.446682637183,150.));
#480 = CARTESIAN_POINT('',(68.726624294159,1.332367034694,75.));
#481 = CARTESIAN_POINT('',(68.687928528467,2.217038253194,
    1.42108547152E-13));
#482 = CARTESIAN_POINT('',(69.482764991227,-0.340178516421,225.));
#483 = CARTESIAN_POINT('',(69.488703391987,0.558365258246,150.));
#484 = CARTESIAN_POINT('',(69.471111432789,1.457064385334,75.));
#485 = CARTESIAN_POINT('',(69.430013219019,2.35468742226,
    1.136868377216E-13));
#486 = CARTESIAN_POINT('',(70.135592687438,-0.253792908359,225.));
#487 = CARTESIAN_POINT('',(70.140023389647,0.656144861331,150.));
#488 = CARTESIAN_POINT('',(70.120625355166,1.566198499015,75.));
#489 = CARTESIAN_POINT('',(70.077425164157,2.475121003591,
    1.42108547152E-13));
#490 = CARTESIAN_POINT('',(70.69173157278,-0.177556711613,225.));
#491 = CARTESIAN_POINT('',(70.694831714898,0.742087514723,150.));
#492 = CARTESIAN_POINT('',(70.673848935495,1.661812763686,75.));
#493 = CARTESIAN_POINT('',(70.628811986228,2.580358781648,
    1.705302565824E-13));
#494 = CARTESIAN_POINT('',(71.147661585336,-0.119844099973,225.));
#495 = CARTESIAN_POINT('',(71.149754462654,0.80775760777,150.));
#496 = CARTESIAN_POINT('',(71.127556034352,1.735413959283,75.));
#497 = CARTESIAN_POINT('',(71.08109671783,2.661853833345,
    8.526512829121E-14));
#498 = CARTESIAN_POINT('',(71.507124345386,-6.020478222092E-02,225.));
#499 = CARTESIAN_POINT('',(71.508176328354,0.87367073575,150.));
#500 = CARTESIAN_POINT('',(71.484772712268,1.807573638265,75.));
#501 = CARTESIAN_POINT('',(71.436945565936,2.740224244767,
    1.705302565824E-13));
#502 = CARTESIAN_POINT('',(71.756716317728,-4.994749829778E-02,225.));
#503 = CARTESIAN_POINT('',(71.757589282964,0.888284221731,150.));
#504 = CARTESIAN_POINT('',(71.733892572378,1.826538637565,75.));
#505 = CARTESIAN_POINT('',(71.685658656391,2.763530105982,
    1.42108547152E-13));
#506 = CARTESIAN_POINT('',(71.9248400037,1.63721775793E-02,225.));
#507 = CARTESIAN_POINT('',(71.924555476006,0.957538211063,150.));
#508 = CARTESIAN_POINT('',(71.899624431197,1.89869662832,75.));
#509 = CARTESIAN_POINT('',(71.85008103104,2.83855780692,
    1.989519660128E-13));
#510 = CARTESIAN_POINT('',(71.984408918449,-2.490967936307E-02,225.));
#511 = CARTESIAN_POINT('',(71.984844896449,0.91729602691,150.));
#512 = CARTESIAN_POINT('',(71.960607131073,1.85951298481,75.));
#513 = CARTESIAN_POINT('',(71.911728834121,2.800450121444,
    1.136868377216E-13));
#514 = CARTESIAN_POINT('',(72.,-4.32E-02,225.));
#515 = CARTESIAN_POINT('',(72.000755204678,0.899277821573,150.));
#516 = CARTESIAN_POINT('',(71.976829539982,1.841775254384,75.));
#517 = CARTESIAN_POINT('',(71.928255790057,2.783000841218,
    1.42108547152E-13));
#518 = DEFINITIONAL_REPRESENTATION('',(#519),#523);
#519 = LINE('',#520,#521);
#520 = CARTESIAN_POINT('',(0.,0.));
#521 = VECTOR('',#522,1.);
#522 = DIRECTION('',(0.,1.));
#523 = ( GEOMETRIC_REPRESENTATION_CONTEXT(2) 
PARAMETRIC_REPRESENTATION_CONTEXT() REPRESENTATION_CONTEXT('2D SPACE',''
  ) );
#524 = PCURVE('',#525,#542);
#525 = ( BOUNDED_SURFACE() B_SPLINE_SURFACE(3,3,(
    (#526,#527,#528,#529)
    ,(#530,#531,#532,#533)
    ,(#534,#535,#536,#537)
    ,(#538,#539,#540,#541
)),.UNSPECIFIED.,.F.,.F.,.F.) B_SPLINE_SURFACE_WITH_KNOTS((4,4),(4,4),(
    1.,2.),(0.,1.),.PIECEWISE_BEZIER_KNOTS.) 
GEOMETRIC_REPRESENTATION_ITEM() RATIONAL_B_SPLINE_SURFACE((
    (1.,1.,1.,1.)
    ,(1.,1.,1.,1.)
    ,(1.,1.,1.,1.)
,(1.,1.,1.,1.))) REPRESENTATION_ITEM('') SURFACE() );
#526 = CARTESIAN_POINT('',(72.,-4.32E-02,225.));
#527 = CARTESIAN_POINT('',(72.000755204678,0.899277821573,150.));
#528 = CARTESIAN_POINT('',(71.976829539982,1.841775254384,75.));
#529 = CARTESIAN_POINT('',(71.928255790057,2.783000841218,
    1.42108547152E-13));
#530 = CARTESIAN_POINT('',(72.,-1.44E-02,225.));
#531 = CARTESIAN_POINT('',(72.00025254984,0.928077822225,150.));
#532 = CARTESIAN_POINT('',(71.975824230376,1.870562092558,75.));
#533 = CARTESIAN_POINT('',(71.926748514517,2.811761371819,
    1.42108547152E-13));
#534 = CARTESIAN_POINT('',(72.,1.44E-02,225.));
#535 = CARTESIAN_POINT('',(71.999749895001,0.956877822877,150.));
#536 = CARTESIAN_POINT('',(71.97481892077,1.899348930731,75.));
#537 = CARTESIAN_POINT('',(71.925241238977,2.840521902419,
    1.42108547152E-13));
#538 = CARTESIAN_POINT('',(72.,4.32E-02,225.));
#539 = CARTESIAN_POINT('',(71.999247240162,0.985677823529,150.));
#540 = CARTESIAN_POINT('',(71.973813611164,1.928135768905,75.));
#541 = CARTESIAN_POINT('',(71.923733963437,2.86928243302,
    1.42108547152E-13));
#542 = DEFINITIONAL_REPRESENTATION('',(#543),#547);
#543 = LINE('',#544,#545);
#544 = CARTESIAN_POINT('',(2.,0.));
#545 = VECTOR('',#546,1.);
#546 = DIRECTION('',(0.,1.));
#547 = ( GEOMETRIC_REPRESENTATION_CONTEXT(2) 
PARAMETRIC_REPRESENTATION_CONTEXT() REPRESENTATION_CONTEXT('2D SPACE',''
  ) );
#548 = ORIENTED_EDGE('',*,*,#549,.T.);
#549 = EDGE_CURVE('',#22,#550,#552,.T.);
#550 = VERTEX_POINT('',#551);
#551 = CARTESIAN_POINT('',(20.7,6.008235883314,225.));
#552 = SURFACE_CURVE('',#553,(#675,#682),.PCURVE_S1.);
#553 = B_SPLINE_CURVE_WITH_KNOTS('',3,(#554,#555,#556,#557,#558,#559,
    #560,#561,#562,#563,#564,#565,#566,#567,#568,#569,#570,#571,#572,
    #573,#574,#575,#576,#577,#578,#579,#580,#581,#582,#583,#584,#585,
    #586,#587,#588,#589,#590,#591,#592,#593,#594,#595,#596,#597,#598,
    #599,#600,#601,#602,#603,#604,#605,#606,#607,#608,#609,#610,#611,
    #612,#613,#614,#615,#616,#617,#618,#619,#620,#621,#622,#623,#624,
    #625,#626,#627,#628,#629,#630,#631,#632,#633,#634,#635,#636,#637,
    #638,#639,#640,#641,#642,#643,#644,#645,#646,#647,#648,#649,#650,
    #651,#652,#653,#654,#655,#656,#657,#658,#659,#660,#661,#662,#663,
    #664,#665,#666,#667,#668,#669,#670,#671,#672,#673,#674),
  .UNSPECIFIED.,.F.,.F.,(4,1,1,1,1,1,1,1,1,1,1,1,1,1,1,1,1,1,1,1,1,1,1,1
    ,1,1,1,1,1,1,1,1,1,1,1,1,1,1,1,1,1,1,1,1,1,1,1,1,1,1,1,1,1,1,1,1,1,1
    ,1,1,1,1,1,1,1,1,1,1,1,1,1,1,1,1,1,1,1,1,1,1,1,1,1,1,1,1,1,1,1,1,1,1
    ,1,1,1,1,1,1,1,1,1,1,1,1,1,1,1,1,1,1,1,1,1,1,1,1,1,1,4),(0.,
    4.078407677411E-04,1.457980549597E-03,3.204753366262E-03,
    5.642985368529E-03,8.765465479536E-03,1.256297669321E-02,
    1.702433495068E-02,2.213643470887E-02,2.788430025551E-02,
    3.425114182613E-02,4.121841563833E-02,4.876588706683E-02,
    5.687169632928E-02,6.551242622383E-02,7.466317164093E-02,
    8.429761075195E-02,9.438807794483E-02,0.104905638724,0.115820166915,
    0.1271004246,0.138714145282,0.1506281208,0.1628082925,0.175219847173
    ,0.187827318137,0.200594691796,0.213485519815,0.22646303689,
    0.239490283867,0.252530235719,0.265545933618,0.278500620098,
    0.291357876051,0.304081758111,0.316636934886,0.328988820492,
    0.341103703964,0.353090161194,0.364812648141,0.376197519167,
    0.38721480852,0.397836016232,0.408034235542,0.417784287292,
    0.427062868614,0.435848726665,0.444122873021,0.451868861729,
    0.459073165549,0.465725703577,0.471820604191,0.477357338614,
    0.482342444921,0.486792194201,0.490736722153,0.49422623504,
    0.4973393663,0.500191267412,0.502933737755,0.505676143618,
    0.508526386493,0.511632585991,0.515105416054,0.519019187057,
    0.523420263997,0.528335467762,0.533778262572,0.539752873742,
    0.546256953268,0.553283311049,0.560821057132,0.568856370053,
    0.577373023458,0.586352753065,0.595775516221,0.605619678387,
    0.615862149932,0.626478489749,0.637442987668,0.648728734495,
    0.660350032239,0.672380507178,0.684646833505,0.697115935464,
    0.709753854552,0.722525869195,0.73539661944,0.748330235365,
    0.761290467738,0.774240819394,0.787144675907,0.799965434253,
    0.812666628411,0.825212051079,0.837565870937,0.849692745131,
    0.86155792689,0.873127368371,0.884367818963,0.89524691945,
    0.905733292442,0.915796629611,0.925407776187,0.934538813214,
    0.943163137948,0.951255542705,0.958792292319,0.965751200209,
    0.972111702872,0.977854932419,0.982963786569,0.987422995334,
    0.991219183478,0.994340927712,0.996778807537,0.998525448648,
    0.999575557896,1.),.UNSPECIFIED.);
#554 = CARTESIAN_POINT('',(72.,4.32E-02,225.));
#555 = CARTESIAN_POINT('',(71.984221714961,2.623174440698E-02,225.));
#556 = CARTESIAN_POINT('',(71.923696633015,-1.218274920545E-02,225.));
#557 = CARTESIAN_POINT('',(71.760293358299,6.733077767122E-02,225.));
#558 = CARTESIAN_POINT('',(71.512524417189,9.328244997454E-02,225.));
#559 = CARTESIAN_POINT('',(71.157609566969,0.17765836874,225.));
#560 = CARTESIAN_POINT('',(70.706551334166,0.265612266985,225.));
#561 = CARTESIAN_POINT('',(70.156458687307,0.378693366691,225.));
#562 = CARTESIAN_POINT('',(69.510376771845,0.507691612558,225.));
#563 = CARTESIAN_POINT('',(68.769539766247,0.654499335452,225.));
#564 = CARTESIAN_POINT('',(67.936164468403,0.817011226542,225.));
#565 = CARTESIAN_POINT('',(67.012487343922,0.994320394971,225.));
#566 = CARTESIAN_POINT('',(66.001075595555,1.185025913379,225.));
#567 = CARTESIAN_POINT('',(64.904719943764,1.387795900227,225.));
#568 = CARTESIAN_POINT('',(63.726459691867,1.601210355375,225.));
#569 = CARTESIAN_POINT('',(62.469565504084,1.823826596577,225.));
#570 = CARTESIAN_POINT('',(61.137534111024,2.054174014452,225.));
#571 = CARTESIAN_POINT('',(59.734078408345,2.290767357714,225.));
#572 = CARTESIAN_POINT('',(58.263117956895,2.532111544605,225.));
#573 = CARTESIAN_POINT('',(56.728768440869,2.776706051106,225.));
#574 = CARTESIAN_POINT('',(55.13533056472,3.023046707263,225.));
#575 = CARTESIAN_POINT('',(53.487278312768,3.269625897995,225.));
#576 = CARTESIAN_POINT('',(51.789246662024,3.514931391247,225.));
#577 = CARTESIAN_POINT('',(50.046018792095,3.757444359741,225.));
#578 = CARTESIAN_POINT('',(48.262512847574,3.995637151547,225.));
#579 = CARTESIAN_POINT('',(46.44376830058,4.227971417123,225.));
#580 = CARTESIAN_POINT('',(44.594931956635,4.452897194186,225.));
#581 = CARTESIAN_POINT('',(42.721243640298,4.668853518835,225.));
#582 = CARTESIAN_POINT('',(40.82802159035,4.874271068255,225.));
#583 = CARTESIAN_POINT('',(38.920647587523,5.06757723267,225.));
#584 = CARTESIAN_POINT('',(37.004551833703,5.247203939495,225.));
#585 = CARTESIAN_POINT('',(35.085197592638,5.411598236145,225.));
#586 = CARTESIAN_POINT('',(33.168065619131,5.55923613728,225.));
#587 = CARTESIAN_POINT('',(31.258638334192,5.688637638146,225.));
#588 = CARTESIAN_POINT('',(29.362383966368,5.798389696803,225.));
#589 = CARTESIAN_POINT('',(27.484739924304,5.887150335506,225.));
#590 = CARTESIAN_POINT('',(25.631098208209,5.953730164934,225.));
#591 = CARTESIAN_POINT('',(23.806782721962,5.996895716649,225.));
#592 = CARTESIAN_POINT('',(22.010091894409,6.016262315207,225.));
#593 = CARTESIAN_POINT('',(20.244284666721,6.008912886959,225.));
#594 = CARTESIAN_POINT('',(18.514956979868,5.965446857909,225.));
#595 = CARTESIAN_POINT('',(16.834636840278,5.888113808741,225.));
#596 = CARTESIAN_POINT('',(15.210590663863,5.77714453907,225.));
#597 = CARTESIAN_POINT('',(13.647812736416,5.633647085709,225.));
#598 = CARTESIAN_POINT('',(12.151082171681,5.458844263779,225.));
#599 = CARTESIAN_POINT('',(10.724941257141,5.254261736029,225.));
#600 = CARTESIAN_POINT('',(9.373673707815,5.021652437276,225.));
#601 = CARTESIAN_POINT('',(8.101285073661,4.762980266356,225.));
#602 = CARTESIAN_POINT('',(6.911484780904,4.48038155269,225.));
#603 = CARTESIAN_POINT('',(5.807669717899,4.176125231313,225.));
#604 = CARTESIAN_POINT('',(4.792908805104,3.852566790786,225.));
#605 = CARTESIAN_POINT('',(3.869927685777,3.512096971921,225.));
#606 = CARTESIAN_POINT('',(3.041092331994,3.157083399423,225.));
#607 = CARTESIAN_POINT('',(2.308390850751,2.789800753784,225.));
#608 = CARTESIAN_POINT('',(1.673415139218,2.412340106554,225.));
#609 = CARTESIAN_POINT('',(1.137357047989,2.026476856156,225.));
#610 = CARTESIAN_POINT('',(0.701064633603,1.633476661869,225.));
#611 = CARTESIAN_POINT('',(0.365309135041,1.233836858307,225.));
#612 = CARTESIAN_POINT('',(0.131468201859,0.827262199993,225.));
#613 = CARTESIAN_POINT('',(2.610739939513E-03,0.413566537933,225.));
#614 = CARTESIAN_POINT('',(-1.738517016726E-02,-1.394771597038E-03,225.)
  );
#615 = CARTESIAN_POINT('',(6.829918958043E-02,-0.407775947084,225.));
#616 = CARTESIAN_POINT('',(0.260163279901,-0.795684499761,225.));
#617 = CARTESIAN_POINT('',(0.552677478468,-1.16056237707,225.));
#618 = CARTESIAN_POINT('',(0.94223482932,-1.503746075605,225.));
#619 = CARTESIAN_POINT('',(1.42693129528,-1.826544639829,225.));
#620 = CARTESIAN_POINT('',(2.005382684217,-2.129588407527,225.));
#621 = CARTESIAN_POINT('',(2.676096088126,-2.412959003937,225.));
#622 = CARTESIAN_POINT('',(3.437272195287,-2.676464537771,225.));
#623 = CARTESIAN_POINT('',(4.286793748968,-2.919814692745,225.));
#624 = CARTESIAN_POINT('',(5.222258667982,-3.142725113897,225.));
#625 = CARTESIAN_POINT('',(6.241017835581,-3.344978185654,225.));
#626 = CARTESIAN_POINT('',(7.340206603373,-3.526462444201,225.));
#627 = CARTESIAN_POINT('',(8.5167695597,-3.687200044661,225.));
#628 = CARTESIAN_POINT('',(9.767479696412,-3.827366816078,225.));
#629 = CARTESIAN_POINT('',(11.088953242726,-3.947306150594,225.));
#630 = CARTESIAN_POINT('',(12.477661100695,-4.047538451046,225.));
#631 = CARTESIAN_POINT('',(13.92993754996,-4.128761120489,225.));
#632 = CARTESIAN_POINT('',(15.441986825862,-4.191859164571,225.));
#633 = CARTESIAN_POINT('',(17.009887746114,-4.237846668392,225.));
#634 = CARTESIAN_POINT('',(18.62959794615,-4.268053801604,225.));
#635 = CARTESIAN_POINT('',(20.299040865283,-4.283345889857,225.));
#636 = CARTESIAN_POINT('',(22.021096248957,-4.28707202398,225.));
#637 = CARTESIAN_POINT('',(23.791437774365,-4.271576827279,225.));
#638 = CARTESIAN_POINT('',(25.603275541446,-4.235908060803,225.));
#639 = CARTESIAN_POINT('',(27.444603572539,-4.181768453595,225.));
#640 = CARTESIAN_POINT('',(29.310279645288,-4.110292365638,225.));
#641 = CARTESIAN_POINT('',(31.195090426146,-4.022857699733,225.));
#642 = CARTESIAN_POINT('',(33.093761288318,-3.920848366804,225.));
#643 = CARTESIAN_POINT('',(35.000971321861,-3.805689393895,225.));
#644 = CARTESIAN_POINT('',(36.911367383716,-3.67880963187,225.));
#645 = CARTESIAN_POINT('',(38.819578817645,-3.541627171072,225.));
#646 = CARTESIAN_POINT('',(40.720232333618,-3.395532264355,225.));
#647 = CARTESIAN_POINT('',(42.607967104931,-3.241875052125,225.));
#648 = CARTESIAN_POINT('',(44.47744997845,-3.081956377888,225.));
#649 = CARTESIAN_POINT('',(46.323390732583,-2.917022194364,225.));
#650 = CARTESIAN_POINT('',(48.140557306602,-2.748261258569,225.));
#651 = CARTESIAN_POINT('',(49.923790931247,-2.576805836658,225.));
#652 = CARTESIAN_POINT('',(51.668021095523,-2.403734966215,225.));
#653 = CARTESIAN_POINT('',(53.368280292221,-2.230079734248,225.));
#654 = CARTESIAN_POINT('',(55.019718493165,-2.056829954088,225.));
#655 = CARTESIAN_POINT('',(56.617617313285,-1.884941587949,225.));
#656 = CARTESIAN_POINT('',(58.157403831731,-1.715344251079,225.));
#657 = CARTESIAN_POINT('',(59.634664039927,-1.548948180758,225.));
#658 = CARTESIAN_POINT('',(61.045155907475,-1.386650043945,225.));
#659 = CARTESIAN_POINT('',(62.384822001187,-1.22933728181,225.));
#660 = CARTESIAN_POINT('',(63.649801793049,-1.077889970978,225.));
#661 = CARTESIAN_POINT('',(64.83644310017,-0.933182151163,225.));
#662 = CARTESIAN_POINT('',(65.941314448473,-0.79607500775,225.));
#663 = CARTESIAN_POINT('',(66.961212208529,-0.667427144719,225.));
#664 = CARTESIAN_POINT('',(67.893182803223,-0.548038291829,225.));
#665 = CARTESIAN_POINT('',(68.734493301065,-0.438801330191,225.));
#666 = CARTESIAN_POINT('',(69.482764991227,-0.340178516421,225.));
#667 = CARTESIAN_POINT('',(70.135592687438,-0.253792908359,225.));
#668 = CARTESIAN_POINT('',(70.69173157278,-0.177556711613,225.));
#669 = CARTESIAN_POINT('',(71.147661585336,-0.119844099973,225.));
#670 = CARTESIAN_POINT('',(71.507124345386,-6.020478222092E-02,225.));
#671 = CARTESIAN_POINT('',(71.756716317728,-4.994749829778E-02,225.));
#672 = CARTESIAN_POINT('',(71.9248400037,1.63721775793E-02,225.));
#673 = CARTESIAN_POINT('',(71.984408918449,-2.490967936307E-02,225.));
#674 = CARTESIAN_POINT('',(72.,-4.32E-02,225.));
#675 = PCURVE('',#33,#676);
#676 = DEFINITIONAL_REPRESENTATION('',(#677),#681);
#677 = LINE('',#678,#679);
#678 = CARTESIAN_POINT('',(0.,0.));
#679 = VECTOR('',#680,1.);
#680 = DIRECTION('',(1.,0.));
#681 = ( GEOMETRIC_REPRESENTATION_CONTEXT(2) 
PARAMETRIC_REPRESENTATION_CONTEXT() REPRESENTATION_CONTEXT('2D SPACE',''
  ) );
#682 = PCURVE('',#683,#688);
#683 = PLANE('',#684);
#684 = AXIS2_PLACEMENT_3D('',#685,#686,#687);
#685 = CARTESIAN_POINT('',(72.,4.32E-02,225.));
#686 = DIRECTION('',(-0.,-0.,1.));
#687 = DIRECTION('',(0.999985338877,-5.414982084736E-03,0.));
#688 = DEFINITIONAL_REPRESENTATION('',(#689),#811);
#689 = B_SPLINE_CURVE_WITH_KNOTS('',3,(#690,#691,#692,#693,#694,#695,
    #696,#697,#698,#699,#700,#701,#702,#703,#704,#705,#706,#707,#708,
    #709,#710,#711,#712,#713,#714,#715,#716,#717,#718,#719,#720,#721,
    #722,#723,#724,#725,#726,#727,#728,#729,#730,#731,#732,#733,#734,
    #735,#736,#737,#738,#739,#740,#741,#742,#743,#744,#745,#746,#747,
    #748,#749,#750,#751,#752,#753,#754,#755,#756,#757,#758,#759,#760,
    #761,#762,#763,#764,#765,#766,#767,#768,#769,#770,#771,#772,#773,
    #774,#775,#776,#777,#778,#779,#780,#781,#782,#783,#784,#785,#786,
    #787,#788,#789,#790,#791,#792,#793,#794,#795,#796,#797,#798,#799,
    #800,#801,#802,#803,#804,#805,#806,#807,#808,#809,#810),
  .UNSPECIFIED.,.F.,.F.,(4,1,1,1,1,1,1,1,1,1,1,1,1,1,1,1,1,1,1,1,1,1,1,1
    ,1,1,1,1,1,1,1,1,1,1,1,1,1,1,1,1,1,1,1,1,1,1,1,1,1,1,1,1,1,1,1,1,1,1
    ,1,1,1,1,1,1,1,1,1,1,1,1,1,1,1,1,1,1,1,1,1,1,1,1,1,1,1,1,1,1,1,1,1,1
    ,1,1,1,1,1,1,1,1,1,1,1,1,1,1,1,1,1,1,1,1,1,1,1,1,1,1,4),(0.,
    4.078407677411E-04,1.457980549597E-03,3.204753366262E-03,
    5.642985368529E-03,8.765465479536E-03,1.256297669321E-02,
    1.702433495068E-02,2.213643470887E-02,2.788430025551E-02,
    3.425114182613E-02,4.121841563833E-02,4.876588706683E-02,
    5.687169632928E-02,6.551242622383E-02,7.466317164093E-02,
    8.429761075195E-02,9.438807794483E-02,0.104905638724,0.115820166915,
    0.1271004246,0.138714145282,0.1506281208,0.1628082925,0.175219847173
    ,0.187827318137,0.200594691796,0.213485519815,0.22646303689,
    0.239490283867,0.252530235719,0.265545933618,0.278500620098,
    0.291357876051,0.304081758111,0.316636934886,0.328988820492,
    0.341103703964,0.353090161194,0.364812648141,0.376197519167,
    0.38721480852,0.397836016232,0.408034235542,0.417784287292,
    0.427062868614,0.435848726665,0.444122873021,0.451868861729,
    0.459073165549,0.465725703577,0.471820604191,0.477357338614,
    0.482342444921,0.486792194201,0.490736722153,0.49422623504,
    0.4973393663,0.500191267412,0.502933737755,0.505676143618,
    0.508526386493,0.511632585991,0.515105416054,0.519019187057,
    0.523420263997,0.528335467762,0.533778262572,0.539752873742,
    0.546256953268,0.553283311049,0.560821057132,0.568856370053,
    0.577373023458,0.586352753065,0.595775516221,0.605619678387,
    0.615862149932,0.626478489749,0.637442987668,0.648728734495,
    0.660350032239,0.672380507178,0.684646833505,0.697115935464,
    0.709753854552,0.722525869195,0.73539661944,0.748330235365,
    0.761290467738,0.774240819394,0.787144675907,0.799965434253,
    0.812666628411,0.825212051079,0.837565870937,0.849692745131,
    0.86155792689,0.873127368371,0.884367818963,0.89524691945,
    0.905733292442,0.915796629611,0.925407776187,0.934538813214,
    0.943163137948,0.951255542705,0.958792292319,0.965751200209,
    0.972111702872,0.977854932419,0.982963786569,0.987422995334,
    0.991219183478,0.994340927712,0.996778807537,0.998525448648,
    0.999575557896,1.),.UNSPECIFIED.);
#690 = CARTESIAN_POINT('',(0.,0.));
#691 = CARTESIAN_POINT('',(-1.568617091179E-02,-1.705344595016E-02));
#692 = CARTESIAN_POINT('',(-7.600235169693E-02,-5.579511859738E-02));
#693 = CARTESIAN_POINT('',(-0.239833795062,2.283241671652E-02));
#694 = CARTESIAN_POINT('',(-0.487739631441,4.744204416191E-02));
#695 = CARTESIAN_POINT('',(-0.843106172299,0.129894868326));
#696 = CARTESIAN_POINT('',(-1.294634060865,0.215405004818));
#697 = CARTESIAN_POINT('',(-1.845330974877,0.325505704801));
#698 = CARTESIAN_POINT('',(-2.492101941244,0.451003537411));
#699 = CARTESIAN_POINT('',(-3.233723046529,0.593797488826));
#700 = CARTESIAN_POINT('',(-4.067966125134,0.751794285001));
#701 = CARTESIAN_POINT('',(-4.992589833441,0.924099158798));
#702 = CARTESIAN_POINT('',(-6.005019420341,1.109325104751));
#703 = CARTESIAN_POINT('',(-7.102456994174,1.306155372551));
#704 = CARTESIAN_POINT('',(-8.281855606904,1.513186440647));
#705 = CARTESIAN_POINT('',(-9.539936830164,1.728993358536));
#706 = CARTESIAN_POINT('',(-10.87319602128,1.95212447313));
#707 = CARTESIAN_POINT('',(-12.27791229644,2.181114660181));
#708 = CARTESIAN_POINT('',(-13.75015805641,2.414490084204));
#709 = CARTESIAN_POINT('',(-15.28580955202,2.650772529533));
#710 = CARTESIAN_POINT('',(-16.88055799682,2.888481136507));
#711 = CARTESIAN_POINT('',(-18.52992130837,3.126132538692));
#712 = CARTESIAN_POINT('',(-20.22925638892,3.362239624522));
#713 = CARTESIAN_POINT('',(-21.97377190455,3.595309489818));
#714 = CARTESIAN_POINT('',(-23.75854151057,3.823841136713));
#715 = CARTESIAN_POINT('',(-25.57851747861,4.046323526869));
#716 = CARTESIAN_POINT('',(-27.42854468559,4.261234590588));
#717 = CARTESIAN_POINT('',(-29.30337493118,4.467041760408));
#718 = CARTESIAN_POINT('',(-31.19768155672,4.662204534694));
#719 = CARTESIAN_POINT('',(-33.10607434472,4.845179468969));
#720 = CARTESIAN_POINT('',(-35.02311468182,5.014427918086));
#721 = CARTESIAN_POINT('',(-36.94333097517,5.168426535701));
#722 = CARTESIAN_POINT('',(-38.86123429796,5.305681037008));
#723 = CARTESIAN_POINT('',(-40.77133429536,5.424741126163));
#724 = CARTESIAN_POINT('',(-42.6681551674,5.524223392302));
#725 = CARTESIAN_POINT('',(-44.54625231836,5.602815320825));
#726 = CARTESIAN_POINT('',(-46.40022738657,5.659356737433));
#727 = CARTESIAN_POINT('',(-48.22474986699,5.692643020617));
#728 = CARTESIAN_POINT('',(-50.02151922282,5.702280286596));
#729 = CARTESIAN_POINT('',(-51.78726076477,5.685369151596));
#730 = CARTESIAN_POINT('',(-53.51632772997,5.632539481364));
#731 = CARTESIAN_POINT('',(-55.19620447711,5.546108662533));
#732 = CARTESIAN_POINT('',(-56.81962594657,5.426346838846));
#733 = CARTESIAN_POINT('',(-58.3816039258,5.274389074839));
#734 = CARTESIAN_POINT('',(-59.87736599264,5.091484046521));
#735 = CARTESIAN_POINT('',(-61.30237818763,4.879181990679));
#736 = CARTESIAN_POINT('',(-62.65236635067,4.639259012667));
#737 = CARTESIAN_POINT('',(-63.923335625,4.373700672513));
#738 = CARTESIAN_POINT('',(-65.11158820698,4.084663354792));
#739 = CARTESIAN_POINT('',(-66.21373954429,3.774434355364));
#740 = CARTESIAN_POINT('',(-67.22673351639,3.445385746404));
#741 = CARTESIAN_POINT('',(-68.14785746581,3.099922992982));
#742 = CARTESIAN_POINT('',(-68.9747582758,2.74042649679));
#743 = CARTESIAN_POINT('',(-69.70546018587,2.369181670533));
#744 = CARTESIAN_POINT('',(-70.3383826453,1.988288175198));
#745 = CARTESIAN_POINT('',(-70.87234343473,1.599527837028));
#746 = CARTESIAN_POINT('',(-71.30650136357,1.204170888957));
#747 = CARTESIAN_POINT('',(-71.6400878972,0.802718834554));
#748 = CARTESIAN_POINT('',(-71.87172380752,0.394883892618));
#749 = CARTESIAN_POINT('',(-71.99833922565,-1.950346504759E-02));
#750 = CARTESIAN_POINT('',(-72.01608783453,-0.434566968274));
#751 = CARTESIAN_POINT('',(-71.92820418423,-0.840478206483));
#752 = CARTESIAN_POINT('',(-71.73424238899,-1.227342131373));
#753 = CARTESIAN_POINT('',(-71.43975667184,-1.590630700019));
#754 = CARTESIAN_POINT('',(-71.04834669876,-1.931699921019));
#755 = CARTESIAN_POINT('',(-70.56190939055,-2.251869129974));
#756 = CARTESIAN_POINT('',(-69.98182550579,-2.551776150802));
#757 = CARTESIAN_POINT('',(-69.30958748859,-2.831510691615));
#758 = CARTESIAN_POINT('',(-68.54699566338,-3.090890607178));
#759 = CARTESIAN_POINT('',(-67.69616882791,-3.329637050372));
#760 = CARTESIAN_POINT('',(-66.75951056792,-3.547478677629));
#761 = CARTESIAN_POINT('',(-65.73967113972,-3.744212221488));
#762 = CARTESIAN_POINT('',(-64.63951575326,-3.919741731786));
#763 = CARTESIAN_POINT('',(-63.46209965544,-4.074105908323));
#764 = CARTESIAN_POINT('',(-62.21064885498,-4.207498051754));
#765 = CARTESIAN_POINT('',(-60.88854521361,-4.320279872246));
#766 = CARTESIAN_POINT('',(-59.49931495955,-4.412990875008));
#767 = CARTESIAN_POINT('',(-58.04661998298,-4.486348302681));
#768 = CARTESIAN_POINT('',(-56.53425120064,-4.541257701934));
#769 = CARTESIAN_POINT('',(-54.96612424607,-4.578754376133));
#770 = CARTESIAN_POINT('',(-53.34627422172,-4.600190364758));
#771 = CARTESIAN_POINT('',(-51.67677297211,-4.606442225314));
#772 = CARTESIAN_POINT('',(-49.95472265875,-4.600843405756));
#773 = CARTESIAN_POINT('',(-48.18449099475,-4.575762068588));
#774 = CARTESIAN_POINT('',(-46.37287293698,-4.530282756007));
#775 = CARTESIAN_POINT('',(-44.53186506683,-4.466173184246));
#776 = CARTESIAN_POINT('',(-42.66660338872,-4.384595541699));
#777 = CARTESIAN_POINT('',(-40.78229369845,-4.286955941073));
#778 = CARTESIAN_POINT('',(-38.88420305164,-4.174666835011));
#779 = CARTESIAN_POINT('',(-36.97764456371,-4.049182042299));
#780 = CARTESIAN_POINT('',(-35.06796356205,-3.911959380024));
#781 = CARTESIAN_POINT('',(-33.16052294521,-3.764445999746));
#782 = CARTESIAN_POINT('',(-31.26068839625,-3.608061230206));
#783 = CARTESIAN_POINT('',(-29.3738133523,-3.444184220796));
#784 = CARTESIAN_POINT('',(-27.50522384426,-3.274144674879));
#785 = CARTESIAN_POINT('',(-25.66020326934,-3.099217173363));
#786 = CARTESIAN_POINT('',(-23.84397717446,-2.920618787349));
#787 = CARTESIAN_POINT('',(-22.06169812207,-2.739509701037));
#788 = CARTESIAN_POINT('',(-20.31843070583,-2.556996392915));
#789 = CARTESIAN_POINT('',(-18.61913677681,-2.374136833839));
#790 = CARTESIAN_POINT('',(-16.96866093226,-2.191947085444));
#791 = CARTESIAN_POINT('',(-15.37171631155,-2.011408645898));
#792 = CARTESIAN_POINT('',(-13.83287073464,-1.833475879103));
#793 = CARTESIAN_POINT('',(-12.35653321648,-1.659082910773));
#794 = CARTESIAN_POINT('',(-10.94694086983,-1.48914936524));
#795 = CARTESIAN_POINT('',(-9.608146262923,-1.32458464159));
#796 = CARTESIAN_POINT('',(-8.34400510156,-1.166289708235));
#797 = CARTESIAN_POINT('',(-7.158164782185,-1.01515836858));
#798 = CARTESIAN_POINT('',(-6.054052065262,-0.872070376755));
#799 = CARTESIAN_POINT('',(-5.034865883927,-0.737901671747));
#800 = CARTESIAN_POINT('',(-4.103555441467,-0.613467965158));
#801 = CARTESIAN_POINT('',(-3.262848794372,-0.499676923783));
#802 = CARTESIAN_POINT('',(-2.515122115482,-0.397003678137));
#803 = CARTESIAN_POINT('',(-1.862771766979,-0.307084286305));
#804 = CARTESIAN_POINT('',(-1.307053852897,-0.227837725167));
#805 = CARTESIAN_POINT('',(-0.851443037545,-0.167657106809));
#806 = CARTESIAN_POINT('',(-0.49230849346,-0.10607217903));
#807 = CARTESIAN_POINT('',(-0.242775723426,-9.446350943187E-02));
#808 = CARTESIAN_POINT('',(-7.501362219273E-02,-2.723441912816E-02));
#809 = CARTESIAN_POINT('',(-1.522204027459E-02,-6.819310622597E-02));
#810 = CARTESIAN_POINT('',(4.678544521255E-04,-8.639873327898E-02));
#811 = ( GEOMETRIC_REPRESENTATION_CONTEXT(2) 
PARAMETRIC_REPRESENTATION_CONTEXT() REPRESENTATION_CONTEXT('2D SPACE',''
  ) );
#812 = ORIENTED_EDGE('',*,*,#813,.T.);
#813 = EDGE_CURVE('',#550,#814,#816,.T.);
#814 = VERTEX_POINT('',#815);
#815 = CARTESIAN_POINT('',(20.7,6.01466548283,215.));
#816 = SURFACE_CURVE('',#817,(#823,#832),.PCURVE_S1.);
#817 = B_SPLINE_CURVE_WITH_KNOTS('',4,(#818,#819,#820,#821,#822),
  .UNSPECIFIED.,.F.,.F.,(5,5),(0.,1.),.PIECEWISE_BEZIER_KNOTS.);
#818 = CARTESIAN_POINT('',(20.7,6.008235883314,225.));
#819 = CARTESIAN_POINT('',(20.7,6.009839465552,222.49999999754));
#820 = CARTESIAN_POINT('',(20.7,6.011445590881,219.99999999672));
#821 = CARTESIAN_POINT('',(20.7,6.013054262299,217.49999999754));
#822 = CARTESIAN_POINT('',(20.7,6.01466548283,215.));
#823 = PCURVE('',#33,#824);
#824 = DEFINITIONAL_REPRESENTATION('',(#825),#831);
#825 = B_SPLINE_CURVE_WITH_KNOTS('',4,(#826,#827,#828,#829,#830),
  .UNSPECIFIED.,.F.,.F.,(5,5),(0.,1.),.PIECEWISE_BEZIER_KNOTS.);
#826 = CARTESIAN_POINT('',(0.349920622734,0.));
#827 = CARTESIAN_POINT('',(0.349896982839,1.111111112201E-02));
#828 = CARTESIAN_POINT('',(0.349873334377,2.222222223677E-02));
#829 = CARTESIAN_POINT('',(0.34984967728,3.333333334426E-02));
#830 = CARTESIAN_POINT('',(0.349826011545,4.444444444444E-02));
#831 = ( GEOMETRIC_REPRESENTATION_CONTEXT(2) 
PARAMETRIC_REPRESENTATION_CONTEXT() REPRESENTATION_CONTEXT('2D SPACE',''
  ) );
#832 = PCURVE('',#833,#838);
#833 = PLANE('',#834);
#834 = AXIS2_PLACEMENT_3D('',#835,#836,#837);
#835 = CARTESIAN_POINT('',(20.7,-20.,226.));
#836 = DIRECTION('',(-1.,-0.,-0.));
#837 = DIRECTION('',(0.,-1.,0.));
#838 = DEFINITIONAL_REPRESENTATION('',(#839),#845);
#839 = B_SPLINE_CURVE_WITH_KNOTS('',4,(#840,#841,#842,#843,#844),
  .UNSPECIFIED.,.F.,.F.,(5,5),(0.,1.),.PIECEWISE_BEZIER_KNOTS.);
#840 = CARTESIAN_POINT('',(-26.00823588331,-1.));
#841 = CARTESIAN_POINT('',(-26.00983946555,-3.500000002453));
#842 = CARTESIAN_POINT('',(-26.01144559088,-6.000000003274));
#843 = CARTESIAN_POINT('',(-26.01305426229,-8.500000002459));
#844 = CARTESIAN_POINT('',(-26.01466548283,-11.));
#845 = ( GEOMETRIC_REPRESENTATION_CONTEXT(2) 
PARAMETRIC_REPRESENTATION_CONTEXT() REPRESENTATION_CONTEXT('2D SPACE',''
  ) );
#846 = ORIENTED_EDGE('',*,*,#847,.F.);
#847 = EDGE_CURVE('',#848,#814,#850,.T.);
#848 = VERTEX_POINT('',#849);
#849 = CARTESIAN_POINT('',(15.3,5.772782446923,215.));
#850 = SURFACE_CURVE('',#851,(#869,#890),.PCURVE_S1.);
#851 = B_SPLINE_CURVE_WITH_KNOTS('',6,(#852,#853,#854,#855,#856,#857,
    #858,#859,#860,#861,#862,#863,#864,#865,#866,#867,#868),
  .UNSPECIFIED.,.F.,.F.,(7,5,5,7),(0.,0.480429929634,0.726728585895,1.),
  .UNSPECIFIED.);
#852 = CARTESIAN_POINT('',(15.3,5.772782446923,215.));
#853 = CARTESIAN_POINT('',(15.731246957672,5.807641245751,215.));
#854 = CARTESIAN_POINT('',(16.162756357627,5.839253010941,215.));
#855 = CARTESIAN_POINT('',(16.594489335561,5.867719181482,215.));
#856 = CARTESIAN_POINT('',(17.026410698265,5.893142078044,215.));
#857 = CARTESIAN_POINT('',(17.458488923625,5.91562490297,215.));
#858 = CARTESIAN_POINT('',(18.112272825876,5.945343947137,215.));
#859 = CARTESIAN_POINT('',(18.333883353398,5.954668786589,215.));
#860 = CARTESIAN_POINT('',(18.555523893377,5.963267677379,215.));
#861 = CARTESIAN_POINT('',(18.77719102755,5.971149273986,215.));
#862 = CARTESIAN_POINT('',(18.998881743861,5.978315243493,215.));
#863 = CARTESIAN_POINT('',(19.466585255955,5.991923283932,215.));
#864 = CARTESIAN_POINT('',(19.713611869477,5.99822748982,215.));
#865 = CARTESIAN_POINT('',(19.960126224426,6.003639293886,215.));
#866 = CARTESIAN_POINT('',(20.205838612395,6.008151049892,215.));
#867 = CARTESIAN_POINT('',(20.451720426385,6.011797425741,215.));
#868 = CARTESIAN_POINT('',(20.7,6.01466548283,215.));
#869 = PCURVE('',#33,#870);
#870 = DEFINITIONAL_REPRESENTATION('',(#871),#889);
#871 = B_SPLINE_CURVE_WITH_KNOTS('',6,(#872,#873,#874,#875,#876,#877,
    #878,#879,#880,#881,#882,#883,#884,#885,#886,#887,#888),
  .UNSPECIFIED.,.F.,.F.,(7,5,5,7),(0.,0.480429929634,0.726728585895,1.),
  .UNSPECIFIED.);
#872 = CARTESIAN_POINT('',(0.386388411877,4.444444444444E-02));
#873 = CARTESIAN_POINT('',(0.383462517888,4.444444444444E-02));
#874 = CARTESIAN_POINT('',(0.380536625659,4.444444444444E-02));
#875 = CARTESIAN_POINT('',(0.377610726839,4.444444444444E-02));
#876 = CARTESIAN_POINT('',(0.374684819777,4.444444444444E-02));
#877 = CARTESIAN_POINT('',(0.371758909519,4.444444444444E-02));
#878 = CARTESIAN_POINT('',(0.367333006222,4.444444444444E-02));
#879 = CARTESIAN_POINT('',(0.365833007558,4.444444444444E-02));
#880 = CARTESIAN_POINT('',(0.364333008776,4.444444444444E-02));
#881 = CARTESIAN_POINT('',(0.362833009552,4.444444444444E-02));
#882 = CARTESIAN_POINT('',(0.361333009903,4.444444444444E-02));
#883 = CARTESIAN_POINT('',(0.358168736887,4.444444444444E-02));
#884 = CARTESIAN_POINT('',(0.356497635698,4.444444444444E-02));
#885 = CARTESIAN_POINT('',(0.35483014743,4.444444444444E-02));
#886 = CARTESIAN_POINT('',(0.353168193259,4.444444444444E-02));
#887 = CARTESIAN_POINT('',(0.351505177233,4.444444444444E-02));
#888 = CARTESIAN_POINT('',(0.349826011616,4.444444444444E-02));
#889 = ( GEOMETRIC_REPRESENTATION_CONTEXT(2) 
PARAMETRIC_REPRESENTATION_CONTEXT() REPRESENTATION_CONTEXT('2D SPACE',''
  ) );
#890 = PCURVE('',#891,#896);
#891 = PLANE('',#892);
#892 = AXIS2_PLACEMENT_3D('',#893,#894,#895);
#893 = CARTESIAN_POINT('',(18.,0.,215.));
#894 = DIRECTION('',(-0.,-0.,-1.));
#895 = DIRECTION('',(-1.,0.,0.));
#896 = DEFINITIONAL_REPRESENTATION('',(#897),#915);
#897 = B_SPLINE_CURVE_WITH_KNOTS('',6,(#898,#899,#900,#901,#902,#903,
    #904,#905,#906,#907,#908,#909,#910,#911,#912,#913,#914),
  .UNSPECIFIED.,.F.,.F.,(7,5,5,7),(0.,0.480429929634,0.726728585895,1.),
  .UNSPECIFIED.);
#898 = CARTESIAN_POINT('',(2.7,5.772782446923));
#899 = CARTESIAN_POINT('',(2.268753042328,5.807641245751));
#900 = CARTESIAN_POINT('',(1.837243642373,5.839253010941));
#901 = CARTESIAN_POINT('',(1.405510664439,5.867719181482));
#902 = CARTESIAN_POINT('',(0.973589301735,5.893142078044));
#903 = CARTESIAN_POINT('',(0.541511076375,5.91562490297));
#904 = CARTESIAN_POINT('',(-0.112272825876,5.945343947137));
#905 = CARTESIAN_POINT('',(-0.333883353398,5.954668786589));
#906 = CARTESIAN_POINT('',(-0.555523893377,5.963267677379));
#907 = CARTESIAN_POINT('',(-0.77719102755,5.971149273986));
#908 = CARTESIAN_POINT('',(-0.998881743861,5.978315243493));
#909 = CARTESIAN_POINT('',(-1.466585255955,5.991923283932));
#910 = CARTESIAN_POINT('',(-1.713611869477,5.99822748982));
#911 = CARTESIAN_POINT('',(-1.960126224426,6.003639293886));
#912 = CARTESIAN_POINT('',(-2.205838612395,6.008151049892));
#913 = CARTESIAN_POINT('',(-2.451720426385,6.011797425741));
#914 = CARTESIAN_POINT('',(-2.7,6.01466548283));
#915 = ( GEOMETRIC_REPRESENTATION_CONTEXT(2) 
PARAMETRIC_REPRESENTATION_CONTEXT() REPRESENTATION_CONTEXT('2D SPACE',''
  ) );
#916 = ORIENTED_EDGE('',*,*,#917,.F.);
#917 = EDGE_CURVE('',#918,#848,#920,.T.);
#918 = VERTEX_POINT('',#919);
#919 = CARTESIAN_POINT('',(15.3,5.777993652176,225.));
#920 = SURFACE_CURVE('',#921,(#929,#940),.PCURVE_S1.);
#921 = B_SPLINE_CURVE_WITH_KNOTS('',3,(#922,#923,#924,#925,#926,#927,
    #928),.UNSPECIFIED.,.F.,.F.,(4,1,1,1,4),(0.,0.270000000153,
    0.540000000199,0.81000000014,1.),.UNSPECIFIED.);
#922 = CARTESIAN_POINT('',(15.3,5.777993652176,225.));
#923 = CARTESIAN_POINT('',(15.3,5.777523390026,224.10000000014));
#924 = CARTESIAN_POINT('',(15.3,5.776583542969,222.30000000043));
#925 = CARTESIAN_POINT('',(15.3,5.775175803483,219.60000000034));
#926 = CARTESIAN_POINT('',(15.3,5.773908929935,217.16666666689));
#927 = CARTESIAN_POINT('',(15.3,5.773111608038,215.63333333332));
#928 = CARTESIAN_POINT('',(15.3,5.772782446923,215.));
#929 = PCURVE('',#33,#930);
#930 = DEFINITIONAL_REPRESENTATION('',(#931),#939);
#931 = B_SPLINE_CURVE_WITH_KNOTS('',3,(#932,#933,#934,#935,#936,#937,
    #938),.UNSPECIFIED.,.F.,.F.,(4,1,1,1,4),(0.,0.270000000153,
    0.540000000199,0.81000000014,1.),.UNSPECIFIED.);
#932 = CARTESIAN_POINT('',(0.386479590441,0.));
#933 = CARTESIAN_POINT('',(0.386471381358,3.999999999353E-03));
#934 = CARTESIAN_POINT('',(0.386454964826,1.199999999806E-02));
#935 = CARTESIAN_POINT('',(0.386430344912,2.399999999848E-02));
#936 = CARTESIAN_POINT('',(0.386408160976,3.481481481379E-02));
#937 = CARTESIAN_POINT('',(0.386394184413,4.162962962966E-02));
#938 = CARTESIAN_POINT('',(0.386388411881,4.444444444444E-02));
#939 = ( GEOMETRIC_REPRESENTATION_CONTEXT(2) 
PARAMETRIC_REPRESENTATION_CONTEXT() REPRESENTATION_CONTEXT('2D SPACE',''
  ) );
#940 = PCURVE('',#941,#946);
#941 = PLANE('',#942);
#942 = AXIS2_PLACEMENT_3D('',#943,#944,#945);
#943 = CARTESIAN_POINT('',(15.3,20.,226.));
#944 = DIRECTION('',(1.,-0.,-0.));
#945 = DIRECTION('',(0.,1.,0.));
#946 = DEFINITIONAL_REPRESENTATION('',(#947),#955);
#947 = B_SPLINE_CURVE_WITH_KNOTS('',3,(#948,#949,#950,#951,#952,#953,
    #954),.UNSPECIFIED.,.F.,.F.,(4,1,1,1,4),(0.,0.270000000153,
    0.540000000199,0.81000000014,1.),.UNSPECIFIED.);
#948 = CARTESIAN_POINT('',(-14.22200634782,-1.));
#949 = CARTESIAN_POINT('',(-14.22247660997,-1.899999999855));
#950 = CARTESIAN_POINT('',(-14.22341645703,-3.699999999564));
#951 = CARTESIAN_POINT('',(-14.22482419651,-6.399999999659));
#952 = CARTESIAN_POINT('',(-14.22609107006,-8.833333333103));
#953 = CARTESIAN_POINT('',(-14.22688839196,-10.36666666667));
#954 = CARTESIAN_POINT('',(-14.22721755307,-11.));
#955 = ( GEOMETRIC_REPRESENTATION_CONTEXT(2) 
PARAMETRIC_REPRESENTATION_CONTEXT() REPRESENTATION_CONTEXT('2D SPACE',''
  ) );
#956 = ORIENTED_EDGE('',*,*,#957,.T.);
#957 = EDGE_CURVE('',#918,#958,#960,.T.);
#958 = VERTEX_POINT('',#959);
#959 = CARTESIAN_POINT('',(15.3,-4.183552852892,225.));
#960 = SURFACE_CURVE('',#961,(#1083,#1090),.PCURVE_S1.);
#961 = B_SPLINE_CURVE_WITH_KNOTS('',3,(#962,#963,#964,#965,#966,#967,
    #968,#969,#970,#971,#972,#973,#974,#975,#976,#977,#978,#979,#980,
    #981,#982,#983,#984,#985,#986,#987,#988,#989,#990,#991,#992,#993,
    #994,#995,#996,#997,#998,#999,#1000,#1001,#1002,#1003,#1004,#1005,
    #1006,#1007,#1008,#1009,#1010,#1011,#1012,#1013,#1014,#1015,#1016,
    #1017,#1018,#1019,#1020,#1021,#1022,#1023,#1024,#1025,#1026,#1027,
    #1028,#1029,#1030,#1031,#1032,#1033,#1034,#1035,#1036,#1037,#1038,
    #1039,#1040,#1041,#1042,#1043,#1044,#1045,#1046,#1047,#1048,#1049,
    #1050,#1051,#1052,#1053,#1054,#1055,#1056,#1057,#1058,#1059,#1060,
    #1061,#1062,#1063,#1064,#1065,#1066,#1067,#1068,#1069,#1070,#1071,
    #1072,#1073,#1074,#1075,#1076,#1077,#1078,#1079,#1080,#1081,#1082),
  .UNSPECIFIED.,.F.,.F.,(4,1,1,1,1,1,1,1,1,1,1,1,1,1,1,1,1,1,1,1,1,1,1,1
    ,1,1,1,1,1,1,1,1,1,1,1,1,1,1,1,1,1,1,1,1,1,1,1,1,1,1,1,1,1,1,1,1,1,1
    ,1,1,1,1,1,1,1,1,1,1,1,1,1,1,1,1,1,1,1,1,1,1,1,1,1,1,1,1,1,1,1,1,1,1
    ,1,1,1,1,1,1,1,1,1,1,1,1,1,1,1,1,1,1,1,1,1,1,1,1,1,1,4),(0.,
    4.078407677411E-04,1.457980549597E-03,3.204753366262E-03,
    5.642985368529E-03,8.765465479536E-03,1.256297669321E-02,
    1.702433495068E-02,2.213643470887E-02,2.788430025551E-02,
    3.425114182613E-02,4.121841563833E-02,4.876588706683E-02,
    5.687169632928E-02,6.551242622383E-02,7.466317164093E-02,
    8.429761075195E-02,9.438807794483E-02,0.104905638724,0.115820166915,
    0.1271004246,0.138714145282,0.1506281208,0.1628082925,0.175219847173
    ,0.187827318137,0.200594691796,0.213485519815,0.22646303689,
    0.239490283867,0.252530235719,0.265545933618,0.278500620098,
    0.291357876051,0.304081758111,0.316636934886,0.328988820492,
    0.341103703964,0.353090161194,0.364812648141,0.376197519167,
    0.38721480852,0.397836016232,0.408034235542,0.417784287292,
    0.427062868614,0.435848726665,0.444122873021,0.451868861729,
    0.459073165549,0.465725703577,0.471820604191,0.477357338614,
    0.482342444921,0.486792194201,0.490736722153,0.49422623504,
    0.4973393663,0.500191267412,0.502933737755,0.505676143618,
    0.508526386493,0.511632585991,0.515105416054,0.519019187057,
    0.523420263997,0.528335467762,0.533778262572,0.539752873742,
    0.546256953268,0.553283311049,0.560821057132,0.568856370053,
    0.577373023458,0.586352753065,0.595775516221,0.605619678387,
    0.615862149932,0.626478489749,0.637442987668,0.648728734495,
    0.660350032239,0.672380507178,0.684646833505,0.697115935464,
    0.709753854552,0.722525869195,0.73539661944,0.748330235365,
    0.761290467738,0.774240819394,0.787144675907,0.799965434253,
    0.812666628411,0.825212051079,0.837565870937,0.849692745131,
    0.86155792689,0.873127368371,0.884367818963,0.89524691945,
    0.905733292442,0.915796629611,0.925407776187,0.934538813214,
    0.943163137948,0.951255542705,0.958792292319,0.965751200209,
    0.972111702872,0.977854932419,0.982963786569,0.987422995334,
    0.991219183478,0.994340927712,0.996778807537,0.998525448648,
    0.999575557896,1.),.UNSPECIFIED.);
#962 = CARTESIAN_POINT('',(72.,4.32E-02,225.));
#963 = CARTESIAN_POINT('',(71.984221714961,2.623174440698E-02,225.));
#964 = CARTESIAN_POINT('',(71.923696633015,-1.218274920545E-02,225.));
#965 = CARTESIAN_POINT('',(71.760293358299,6.733077767122E-02,225.));
#966 = CARTESIAN_POINT('',(71.512524417189,9.328244997454E-02,225.));
#967 = CARTESIAN_POINT('',(71.157609566969,0.17765836874,225.));
#968 = CARTESIAN_POINT('',(70.706551334166,0.265612266985,225.));
#969 = CARTESIAN_POINT('',(70.156458687307,0.378693366691,225.));
#970 = CARTESIAN_POINT('',(69.510376771845,0.507691612558,225.));
#971 = CARTESIAN_POINT('',(68.769539766247,0.654499335452,225.));
#972 = CARTESIAN_POINT('',(67.936164468403,0.817011226542,225.));
#973 = CARTESIAN_POINT('',(67.012487343922,0.994320394971,225.));
#974 = CARTESIAN_POINT('',(66.001075595555,1.185025913379,225.));
#975 = CARTESIAN_POINT('',(64.904719943764,1.387795900227,225.));
#976 = CARTESIAN_POINT('',(63.726459691867,1.601210355375,225.));
#977 = CARTESIAN_POINT('',(62.469565504084,1.823826596577,225.));
#978 = CARTESIAN_POINT('',(61.137534111024,2.054174014452,225.));
#979 = CARTESIAN_POINT('',(59.734078408345,2.290767357714,225.));
#980 = CARTESIAN_POINT('',(58.263117956895,2.532111544605,225.));
#981 = CARTESIAN_POINT('',(56.728768440869,2.776706051106,225.));
#982 = CARTESIAN_POINT('',(55.13533056472,3.023046707263,225.));
#983 = CARTESIAN_POINT('',(53.487278312768,3.269625897995,225.));
#984 = CARTESIAN_POINT('',(51.789246662024,3.514931391247,225.));
#985 = CARTESIAN_POINT('',(50.046018792095,3.757444359741,225.));
#986 = CARTESIAN_POINT('',(48.262512847574,3.995637151547,225.));
#987 = CARTESIAN_POINT('',(46.44376830058,4.227971417123,225.));
#988 = CARTESIAN_POINT('',(44.594931956635,4.452897194186,225.));
#989 = CARTESIAN_POINT('',(42.721243640298,4.668853518835,225.));
#990 = CARTESIAN_POINT('',(40.82802159035,4.874271068255,225.));
#991 = CARTESIAN_POINT('',(38.920647587523,5.06757723267,225.));
#992 = CARTESIAN_POINT('',(37.004551833703,5.247203939495,225.));
#993 = CARTESIAN_POINT('',(35.085197592638,5.411598236145,225.));
#994 = CARTESIAN_POINT('',(33.168065619131,5.55923613728,225.));
#995 = CARTESIAN_POINT('',(31.258638334192,5.688637638146,225.));
#996 = CARTESIAN_POINT('',(29.362383966368,5.798389696803,225.));
#997 = CARTESIAN_POINT('',(27.484739924304,5.887150335506,225.));
#998 = CARTESIAN_POINT('',(25.631098208209,5.953730164934,225.));
#999 = CARTESIAN_POINT('',(23.806782721962,5.996895716649,225.));
#1000 = CARTESIAN_POINT('',(22.010091894409,6.016262315207,225.));
#1001 = CARTESIAN_POINT('',(20.244284666721,6.008912886959,225.));
#1002 = CARTESIAN_POINT('',(18.514956979868,5.965446857909,225.));
#1003 = CARTESIAN_POINT('',(16.834636840278,5.888113808741,225.));
#1004 = CARTESIAN_POINT('',(15.210590663863,5.77714453907,225.));
#1005 = CARTESIAN_POINT('',(13.647812736416,5.633647085709,225.));
#1006 = CARTESIAN_POINT('',(12.151082171681,5.458844263779,225.));
#1007 = CARTESIAN_POINT('',(10.724941257141,5.254261736029,225.));
#1008 = CARTESIAN_POINT('',(9.373673707815,5.021652437276,225.));
#1009 = CARTESIAN_POINT('',(8.101285073661,4.762980266356,225.));
#1010 = CARTESIAN_POINT('',(6.911484780904,4.48038155269,225.));
#1011 = CARTESIAN_POINT('',(5.807669717899,4.176125231313,225.));
#1012 = CARTESIAN_POINT('',(4.792908805104,3.852566790786,225.));
#1013 = CARTESIAN_POINT('',(3.869927685777,3.512096971921,225.));
#1014 = CARTESIAN_POINT('',(3.041092331994,3.157083399423,225.));
#1015 = CARTESIAN_POINT('',(2.308390850751,2.789800753784,225.));
#1016 = CARTESIAN_POINT('',(1.673415139218,2.412340106554,225.));
#1017 = CARTESIAN_POINT('',(1.137357047989,2.026476856156,225.));
#1018 = CARTESIAN_POINT('',(0.701064633603,1.633476661869,225.));
#1019 = CARTESIAN_POINT('',(0.365309135041,1.233836858307,225.));
#1020 = CARTESIAN_POINT('',(0.131468201859,0.827262199993,225.));
#1021 = CARTESIAN_POINT('',(2.610739939513E-03,0.413566537933,225.));
#1022 = CARTESIAN_POINT('',(-1.738517016726E-02,-1.394771597038E-03,225.
    ));
#1023 = CARTESIAN_POINT('',(6.829918958043E-02,-0.407775947084,225.));
#1024 = CARTESIAN_POINT('',(0.260163279901,-0.795684499761,225.));
#1025 = CARTESIAN_POINT('',(0.552677478468,-1.16056237707,225.));
#1026 = CARTESIAN_POINT('',(0.94223482932,-1.503746075605,225.));
#1027 = CARTESIAN_POINT('',(1.42693129528,-1.826544639829,225.));
#1028 = CARTESIAN_POINT('',(2.005382684217,-2.129588407527,225.));
#1029 = CARTESIAN_POINT('',(2.676096088126,-2.412959003937,225.));
#1030 = CARTESIAN_POINT('',(3.437272195287,-2.676464537771,225.));
#1031 = CARTESIAN_POINT('',(4.286793748968,-2.919814692745,225.));
#1032 = CARTESIAN_POINT('',(5.222258667982,-3.142725113897,225.));
#1033 = CARTESIAN_POINT('',(6.241017835581,-3.344978185654,225.));
#1034 = CARTESIAN_POINT('',(7.340206603373,-3.526462444201,225.));
#1035 = CARTESIAN_POINT('',(8.5167695597,-3.687200044661,225.));
#1036 = CARTESIAN_POINT('',(9.767479696412,-3.827366816078,225.));
#1037 = CARTESIAN_POINT('',(11.088953242726,-3.947306150594,225.));
#1038 = CARTESIAN_POINT('',(12.477661100695,-4.047538451046,225.));
#1039 = CARTESIAN_POINT('',(13.92993754996,-4.128761120489,225.));
#1040 = CARTESIAN_POINT('',(15.441986825862,-4.191859164571,225.));
#1041 = CARTESIAN_POINT('',(17.009887746114,-4.237846668392,225.));
#1042 = CARTESIAN_POINT('',(18.62959794615,-4.268053801604,225.));
#1043 = CARTESIAN_POINT('',(20.299040865283,-4.283345889857,225.));
#1044 = CARTESIAN_POINT('',(22.021096248957,-4.28707202398,225.));
#1045 = CARTESIAN_POINT('',(23.791437774365,-4.271576827279,225.));
#1046 = CARTESIAN_POINT('',(25.603275541446,-4.235908060803,225.));
#1047 = CARTESIAN_POINT('',(27.444603572539,-4.181768453595,225.));
#1048 = CARTESIAN_POINT('',(29.310279645288,-4.110292365638,225.));
#1049 = CARTESIAN_POINT('',(31.195090426146,-4.022857699733,225.));
#1050 = CARTESIAN_POINT('',(33.093761288318,-3.920848366804,225.));
#1051 = CARTESIAN_POINT('',(35.000971321861,-3.805689393895,225.));
#1052 = CARTESIAN_POINT('',(36.911367383716,-3.67880963187,225.));
#1053 = CARTESIAN_POINT('',(38.819578817645,-3.541627171072,225.));
#1054 = CARTESIAN_POINT('',(40.720232333618,-3.395532264355,225.));
#1055 = CARTESIAN_POINT('',(42.607967104931,-3.241875052125,225.));
#1056 = CARTESIAN_POINT('',(44.47744997845,-3.081956377888,225.));
#1057 = CARTESIAN_POINT('',(46.323390732583,-2.917022194364,225.));
#1058 = CARTESIAN_POINT('',(48.140557306602,-2.748261258569,225.));
#1059 = CARTESIAN_POINT('',(49.923790931247,-2.576805836658,225.));
#1060 = CARTESIAN_POINT('',(51.668021095523,-2.403734966215,225.));
#1061 = CARTESIAN_POINT('',(53.368280292221,-2.230079734248,225.));
#1062 = CARTESIAN_POINT('',(55.019718493165,-2.056829954088,225.));
#1063 = CARTESIAN_POINT('',(56.617617313285,-1.884941587949,225.));
#1064 = CARTESIAN_POINT('',(58.157403831731,-1.715344251079,225.));
#1065 = CARTESIAN_POINT('',(59.634664039927,-1.548948180758,225.));
#1066 = CARTESIAN_POINT('',(61.045155907475,-1.386650043945,225.));
#1067 = CARTESIAN_POINT('',(62.384822001187,-1.22933728181,225.));
#1068 = CARTESIAN_POINT('',(63.649801793049,-1.077889970978,225.));
#1069 = CARTESIAN_POINT('',(64.83644310017,-0.933182151163,225.));
#1070 = CARTESIAN_POINT('',(65.941314448473,-0.79607500775,225.));
#1071 = CARTESIAN_POINT('',(66.961212208529,-0.667427144719,225.));
#1072 = CARTESIAN_POINT('',(67.893182803223,-0.548038291829,225.));
#1073 = CARTESIAN_POINT('',(68.734493301065,-0.438801330191,225.));
#1074 = CARTESIAN_POINT('',(69.482764991227,-0.340178516421,225.));
#1075 = CARTESIAN_POINT('',(70.135592687438,-0.253792908359,225.));
#1076 = CARTESIAN_POINT('',(70.69173157278,-0.177556711613,225.));
#1077 = CARTESIAN_POINT('',(71.147661585336,-0.119844099973,225.));
#1078 = CARTESIAN_POINT('',(71.507124345386,-6.020478222092E-02,225.));
#1079 = CARTESIAN_POINT('',(71.756716317728,-4.994749829778E-02,225.));
#1080 = CARTESIAN_POINT('',(71.9248400037,1.63721775793E-02,225.));
#1081 = CARTESIAN_POINT('',(71.984408918449,-2.490967936307E-02,225.));
#1082 = CARTESIAN_POINT('',(72.,-4.32E-02,225.));
#1083 = PCURVE('',#33,#1084);
#1084 = DEFINITIONAL_REPRESENTATION('',(#1085),#1089);
#1085 = LINE('',#1086,#1087);
#1086 = CARTESIAN_POINT('',(0.,0.));
#1087 = VECTOR('',#1088,1.);
#1088 = DIRECTION('',(1.,0.));
#1089 = ( GEOMETRIC_REPRESENTATION_CONTEXT(2) 
PARAMETRIC_REPRESENTATION_CONTEXT() REPRESENTATION_CONTEXT('2D SPACE',''
  ) );
#1090 = PCURVE('',#1091,#1096);
#1091 = PLANE('',#1092);
#1092 = AXIS2_PLACEMENT_3D('',#1093,#1094,#1095);
#1093 = CARTESIAN_POINT('',(72.,4.32E-02,225.));
#1094 = DIRECTION('',(-0.,-0.,1.));
#1095 = DIRECTION('',(0.999985338877,-5.414982084736E-03,0.));
#1096 = DEFINITIONAL_REPRESENTATION('',(#1097),#1219);
#1097 = B_SPLINE_CURVE_WITH_KNOTS('',3,(#1098,#1099,#1100,#1101,#1102,
    #1103,#1104,#1105,#1106,#1107,#1108,#1109,#1110,#1111,#1112,#1113,
    #1114,#1115,#1116,#1117,#1118,#1119,#1120,#1121,#1122,#1123,#1124,
    #1125,#1126,#1127,#1128,#1129,#1130,#1131,#1132,#1133,#1134,#1135,
    #1136,#1137,#1138,#1139,#1140,#1141,#1142,#1143,#1144,#1145,#1146,
    #1147,#1148,#1149,#1150,#1151,#1152,#1153,#1154,#1155,#1156,#1157,
    #1158,#1159,#1160,#1161,#1162,#1163,#1164,#1165,#1166,#1167,#1168,
    #1169,#1170,#1171,#1172,#1173,#1174,#1175,#1176,#1177,#1178,#1179,
    #1180,#1181,#1182,#1183,#1184,#1185,#1186,#1187,#1188,#1189,#1190,
    #1191,#1192,#1193,#1194,#1195,#1196,#1197,#1198,#1199,#1200,#1201,
    #1202,#1203,#1204,#1205,#1206,#1207,#1208,#1209,#1210,#1211,#1212,
    #1213,#1214,#1215,#1216,#1217,#1218),.UNSPECIFIED.,.F.,.F.,(4,1,1,1,
    1,1,1,1,1,1,1,1,1,1,1,1,1,1,1,1,1,1,1,1,1,1,1,1,1,1,1,1,1,1,1,1,1,1,
    1,1,1,1,1,1,1,1,1,1,1,1,1,1,1,1,1,1,1,1,1,1,1,1,1,1,1,1,1,1,1,1,1,1,
    1,1,1,1,1,1,1,1,1,1,1,1,1,1,1,1,1,1,1,1,1,1,1,1,1,1,1,1,1,1,1,1,1,1,
    1,1,1,1,1,1,1,1,1,1,1,1,4),(0.,4.078407677411E-04,1.457980549597E-03
    ,3.204753366262E-03,5.642985368529E-03,8.765465479536E-03,
    1.256297669321E-02,1.702433495068E-02,2.213643470887E-02,
    2.788430025551E-02,3.425114182613E-02,4.121841563833E-02,
    4.876588706683E-02,5.687169632928E-02,6.551242622383E-02,
    7.466317164093E-02,8.429761075195E-02,9.438807794483E-02,
    0.104905638724,0.115820166915,0.1271004246,0.138714145282,
    0.1506281208,0.1628082925,0.175219847173,0.187827318137,
    0.200594691796,0.213485519815,0.22646303689,0.239490283867,
    0.252530235719,0.265545933618,0.278500620098,0.291357876051,
    0.304081758111,0.316636934886,0.328988820492,0.341103703964,
    0.353090161194,0.364812648141,0.376197519167,0.38721480852,
    0.397836016232,0.408034235542,0.417784287292,0.427062868614,
    0.435848726665,0.444122873021,0.451868861729,0.459073165549,
    0.465725703577,0.471820604191,0.477357338614,0.482342444921,
    0.486792194201,0.490736722153,0.49422623504,0.4973393663,
    0.500191267412,0.502933737755,0.505676143618,0.508526386493,
    0.511632585991,0.515105416054,0.519019187057,0.523420263997,
    0.528335467762,0.533778262572,0.539752873742,0.546256953268,
    0.553283311049,0.560821057132,0.568856370053,0.577373023458,
    0.586352753065,0.595775516221,0.605619678387,0.615862149932,
    0.626478489749,0.637442987668,0.648728734495,0.660350032239,
    0.672380507178,0.684646833505,0.697115935464,0.709753854552,
    0.722525869195,0.73539661944,0.748330235365,0.761290467738,
    0.774240819394,0.787144675907,0.799965434253,0.812666628411,
    0.825212051079,0.837565870937,0.849692745131,0.86155792689,
    0.873127368371,0.884367818963,0.89524691945,0.905733292442,
    0.915796629611,0.925407776187,0.934538813214,0.943163137948,
    0.951255542705,0.958792292319,0.965751200209,0.972111702872,
    0.977854932419,0.982963786569,0.987422995334,0.991219183478,
    0.994340927712,0.996778807537,0.998525448648,0.999575557896,1.),
  .UNSPECIFIED.);
#1098 = CARTESIAN_POINT('',(0.,0.));
#1099 = CARTESIAN_POINT('',(-1.568617091179E-02,-1.705344595016E-02));
#1100 = CARTESIAN_POINT('',(-7.600235169693E-02,-5.579511859738E-02));
#1101 = CARTESIAN_POINT('',(-0.239833795062,2.283241671652E-02));
#1102 = CARTESIAN_POINT('',(-0.487739631441,4.744204416191E-02));
#1103 = CARTESIAN_POINT('',(-0.843106172299,0.129894868326));
#1104 = CARTESIAN_POINT('',(-1.294634060865,0.215405004818));
#1105 = CARTESIAN_POINT('',(-1.845330974877,0.325505704801));
#1106 = CARTESIAN_POINT('',(-2.492101941244,0.451003537411));
#1107 = CARTESIAN_POINT('',(-3.233723046529,0.593797488826));
#1108 = CARTESIAN_POINT('',(-4.067966125134,0.751794285001));
#1109 = CARTESIAN_POINT('',(-4.992589833441,0.924099158798));
#1110 = CARTESIAN_POINT('',(-6.005019420341,1.109325104751));
#1111 = CARTESIAN_POINT('',(-7.102456994174,1.306155372551));
#1112 = CARTESIAN_POINT('',(-8.281855606904,1.513186440647));
#1113 = CARTESIAN_POINT('',(-9.539936830164,1.728993358536));
#1114 = CARTESIAN_POINT('',(-10.87319602128,1.95212447313));
#1115 = CARTESIAN_POINT('',(-12.27791229644,2.181114660181));
#1116 = CARTESIAN_POINT('',(-13.75015805641,2.414490084204));
#1117 = CARTESIAN_POINT('',(-15.28580955202,2.650772529533));
#1118 = CARTESIAN_POINT('',(-16.88055799682,2.888481136507));
#1119 = CARTESIAN_POINT('',(-18.52992130837,3.126132538692));
#1120 = CARTESIAN_POINT('',(-20.22925638892,3.362239624522));
#1121 = CARTESIAN_POINT('',(-21.97377190455,3.595309489818));
#1122 = CARTESIAN_POINT('',(-23.75854151057,3.823841136713));
#1123 = CARTESIAN_POINT('',(-25.57851747861,4.046323526869));
#1124 = CARTESIAN_POINT('',(-27.42854468559,4.261234590588));
#1125 = CARTESIAN_POINT('',(-29.30337493118,4.467041760408));
#1126 = CARTESIAN_POINT('',(-31.19768155672,4.662204534694));
#1127 = CARTESIAN_POINT('',(-33.10607434472,4.845179468969));
#1128 = CARTESIAN_POINT('',(-35.02311468182,5.014427918086));
#1129 = CARTESIAN_POINT('',(-36.94333097517,5.168426535701));
#1130 = CARTESIAN_POINT('',(-38.86123429796,5.305681037008));
#1131 = CARTESIAN_POINT('',(-40.77133429536,5.424741126163));
#1132 = CARTESIAN_POINT('',(-42.6681551674,5.524223392302));
#1133 = CARTESIAN_POINT('',(-44.54625231836,5.602815320825));
#1134 = CARTESIAN_POINT('',(-46.40022738657,5.659356737433));
#1135 = CARTESIAN_POINT('',(-48.22474986699,5.692643020617));
#1136 = CARTESIAN_POINT('',(-50.02151922282,5.702280286596));
#1137 = CARTESIAN_POINT('',(-51.78726076477,5.685369151596));
#1138 = CARTESIAN_POINT('',(-53.51632772997,5.632539481364));
#1139 = CARTESIAN_POINT('',(-55.19620447711,5.546108662533));
#1140 = CARTESIAN_POINT('',(-56.81962594657,5.426346838846));
#1141 = CARTESIAN_POINT('',(-58.3816039258,5.274389074839));
#1142 = CARTESIAN_POINT('',(-59.87736599264,5.091484046521));
#1143 = CARTESIAN_POINT('',(-61.30237818763,4.879181990679));
#1144 = CARTESIAN_POINT('',(-62.65236635067,4.639259012667));
#1145 = CARTESIAN_POINT('',(-63.923335625,4.373700672513));
#1146 = CARTESIAN_POINT('',(-65.11158820698,4.084663354792));
#1147 = CARTESIAN_POINT('',(-66.21373954429,3.774434355364));
#1148 = CARTESIAN_POINT('',(-67.22673351639,3.445385746404));
#1149 = CARTESIAN_POINT('',(-68.14785746581,3.099922992982));
#1150 = CARTESIAN_POINT('',(-68.9747582758,2.74042649679));
#1151 = CARTESIAN_POINT('',(-69.70546018587,2.369181670533));
#1152 = CARTESIAN_POINT('',(-70.3383826453,1.988288175198));
#1153 = CARTESIAN_POINT('',(-70.87234343473,1.599527837028));
#1154 = CARTESIAN_POINT('',(-71.30650136357,1.204170888957));
#1155 = CARTESIAN_POINT('',(-71.6400878972,0.802718834554));
#1156 = CARTESIAN_POINT('',(-71.87172380752,0.394883892618));
#1157 = CARTESIAN_POINT('',(-71.99833922565,-1.950346504759E-02));
#1158 = CARTESIAN_POINT('',(-72.01608783453,-0.434566968274));
#1159 = CARTESIAN_POINT('',(-71.92820418423,-0.840478206483));
#1160 = CARTESIAN_POINT('',(-71.73424238899,-1.227342131373));
#1161 = CARTESIAN_POINT('',(-71.43975667184,-1.590630700019));
#1162 = CARTESIAN_POINT('',(-71.04834669876,-1.931699921019));
#1163 = CARTESIAN_POINT('',(-70.56190939055,-2.251869129974));
#1164 = CARTESIAN_POINT('',(-69.98182550579,-2.551776150802));
#1165 = CARTESIAN_POINT('',(-69.30958748859,-2.831510691615));
#1166 = CARTESIAN_POINT('',(-68.54699566338,-3.090890607178));
#1167 = CARTESIAN_POINT('',(-67.69616882791,-3.329637050372));
#1168 = CARTESIAN_POINT('',(-66.75951056792,-3.547478677629));
#1169 = CARTESIAN_POINT('',(-65.73967113972,-3.744212221488));
#1170 = CARTESIAN_POINT('',(-64.63951575326,-3.919741731786));
#1171 = CARTESIAN_POINT('',(-63.46209965544,-4.074105908323));
#1172 = CARTESIAN_POINT('',(-62.21064885498,-4.207498051754));
#1173 = CARTESIAN_POINT('',(-60.88854521361,-4.320279872246));
#1174 = CARTESIAN_POINT('',(-59.49931495955,-4.412990875008));
#1175 = CARTESIAN_POINT('',(-58.04661998298,-4.486348302681));
#1176 = CARTESIAN_POINT('',(-56.53425120064,-4.541257701934));
#1177 = CARTESIAN_POINT('',(-54.96612424607,-4.578754376133));
#1178 = CARTESIAN_POINT('',(-53.34627422172,-4.600190364758));
#1179 = CARTESIAN_POINT('',(-51.67677297211,-4.606442225314));
#1180 = CARTESIAN_POINT('',(-49.95472265875,-4.600843405756));
#1181 = CARTESIAN_POINT('',(-48.18449099475,-4.575762068588));
#1182 = CARTESIAN_POINT('',(-46.37287293698,-4.530282756007));
#1183 = CARTESIAN_POINT('',(-44.53186506683,-4.466173184246));
#1184 = CARTESIAN_POINT('',(-42.66660338872,-4.384595541699));
#1185 = CARTESIAN_POINT('',(-40.78229369845,-4.286955941073));
#1186 = CARTESIAN_POINT('',(-38.88420305164,-4.174666835011));
#1187 = CARTESIAN_POINT('',(-36.97764456371,-4.049182042299));
#1188 = CARTESIAN_POINT('',(-35.06796356205,-3.911959380024));
#1189 = CARTESIAN_POINT('',(-33.16052294521,-3.764445999746));
#1190 = CARTESIAN_POINT('',(-31.26068839625,-3.608061230206));
#1191 = CARTESIAN_POINT('',(-29.3738133523,-3.444184220796));
#1192 = CARTESIAN_POINT('',(-27.50522384426,-3.274144674879));
#1193 = CARTESIAN_POINT('',(-25.66020326934,-3.099217173363));
#1194 = CARTESIAN_POINT('',(-23.84397717446,-2.920618787349));
#1195 = CARTESIAN_POINT('',(-22.06169812207,-2.739509701037));
#1196 = CARTESIAN_POINT('',(-20.31843070583,-2.556996392915));
#1197 = CARTESIAN_POINT('',(-18.61913677681,-2.374136833839));
#1198 = CARTESIAN_POINT('',(-16.96866093226,-2.191947085444));
#1199 = CARTESIAN_POINT('',(-15.37171631155,-2.011408645898));
#1200 = CARTESIAN_POINT('',(-13.83287073464,-1.833475879103));
#1201 = CARTESIAN_POINT('',(-12.35653321648,-1.659082910773));
#1202 = CARTESIAN_POINT('',(-10.94694086983,-1.48914936524));
#1203 = CARTESIAN_POINT('',(-9.608146262923,-1.32458464159));
#1204 = CARTESIAN_POINT('',(-8.34400510156,-1.166289708235));
#1205 = CARTESIAN_POINT('',(-7.158164782185,-1.01515836858));
#1206 = CARTESIAN_POINT('',(-6.054052065262,-0.872070376755));
#1207 = CARTESIAN_POINT('',(-5.034865883927,-0.737901671747));
#1208 = CARTESIAN_POINT('',(-4.103555441467,-0.613467965158));
#1209 = CARTESIAN_POINT('',(-3.262848794372,-0.499676923783));
#1210 = CARTESIAN_POINT('',(-2.515122115482,-0.397003678137));
#1211 = CARTESIAN_POINT('',(-1.862771766979,-0.307084286305));
#1212 = CARTESIAN_POINT('',(-1.307053852897,-0.227837725167));
#1213 = CARTESIAN_POINT('',(-0.851443037545,-0.167657106809));
#1214 = CARTESIAN_POINT('',(-0.49230849346,-0.10607217903));
#1215 = CARTESIAN_POINT('',(-0.242775723426,-9.446350943187E-02));
#1216 = CARTESIAN_POINT('',(-7.501362219273E-02,-2.723441912816E-02));
#1217 = CARTESIAN_POINT('',(-1.522204027459E-02,-6.819310622597E-02));
#1218 = CARTESIAN_POINT('',(4.678544521255E-04,-8.639873327898E-02));
#1219 = ( GEOMETRIC_REPRESENTATION_CONTEXT(2) 
PARAMETRIC_REPRESENTATION_CONTEXT() REPRESENTATION_CONTEXT('2D SPACE',''
  ) );
#1220 = ORIENTED_EDGE('',*,*,#1221,.T.);
#1221 = EDGE_CURVE('',#958,#1222,#1224,.T.);
#1222 = VERTEX_POINT('',#1223);
#1223 = CARTESIAN_POINT('',(15.3,-4.189490020863,215.));
#1224 = SURFACE_CURVE('',#1225,(#1233,#1244),.PCURVE_S1.);
#1225 = B_SPLINE_CURVE_WITH_KNOTS('',3,(#1226,#1227,#1228,#1229,#1230,
    #1231,#1232),.UNSPECIFIED.,.F.,.F.,(4,1,1,1,4),(0.,0.247499999873,
    0.494999999825,0.742499999854,1.),.UNSPECIFIED.);
#1226 = CARTESIAN_POINT('',(15.3,-4.183552852892,225.));
#1227 = CARTESIAN_POINT('',(15.3,-4.184041785732,224.17499999989));
#1228 = CARTESIAN_POINT('',(15.3,-4.18502008837,222.52499999969));
#1229 = CARTESIAN_POINT('',(15.3,-4.186488854054,220.04999999977));
#1230 = CARTESIAN_POINT('',(15.3,-4.187978731353,217.54166666639));
#1231 = CARTESIAN_POINT('',(15.3,-4.188979493923,215.85833333327));
#1232 = CARTESIAN_POINT('',(15.3,-4.189490020863,215.));
#1233 = PCURVE('',#33,#1234);
#1234 = DEFINITIONAL_REPRESENTATION('',(#1235),#1243);
#1235 = B_SPLINE_CURVE_WITH_KNOTS('',3,(#1236,#1237,#1238,#1239,#1240,
    #1241,#1242),.UNSPECIFIED.,.F.,.F.,(4,1,1,1,4),(0.,0.247499999873,
    0.494999999825,0.742499999854,1.),.UNSPECIFIED.);
#1236 = CARTESIAN_POINT('',(0.61502517104,0.));
#1237 = CARTESIAN_POINT('',(0.615019735641,3.666666667121E-03));
#1238 = CARTESIAN_POINT('',(0.615008863047,1.100000000137E-02));
#1239 = CARTESIAN_POINT('',(0.614992548759,2.2000000001E-02));
#1240 = CARTESIAN_POINT('',(0.614976009275,3.314814814935E-02));
#1241 = CARTESIAN_POINT('',(0.61496490592,4.062962962989E-02));
#1242 = CARTESIAN_POINT('',(0.614959243334,4.444444444444E-02));
#1243 = ( GEOMETRIC_REPRESENTATION_CONTEXT(2) 
PARAMETRIC_REPRESENTATION_CONTEXT() REPRESENTATION_CONTEXT('2D SPACE',''
  ) );
#1244 = PCURVE('',#941,#1245);
#1245 = DEFINITIONAL_REPRESENTATION('',(#1246),#1254);
#1246 = B_SPLINE_CURVE_WITH_KNOTS('',3,(#1247,#1248,#1249,#1250,#1251,
    #1252,#1253),.UNSPECIFIED.,.F.,.F.,(4,1,1,1,4),(0.,0.247499999873,
    0.494999999825,0.742499999854,1.),.UNSPECIFIED.);
#1247 = CARTESIAN_POINT('',(-24.18355285289,-1.));
#1248 = CARTESIAN_POINT('',(-24.18404178573,-1.825000000102));
#1249 = CARTESIAN_POINT('',(-24.18502008837,-3.475000000307));
#1250 = CARTESIAN_POINT('',(-24.18648885405,-5.950000000226));
#1251 = CARTESIAN_POINT('',(-24.18797873135,-8.458333333603));
#1252 = CARTESIAN_POINT('',(-24.18897949392,-10.14166666672));
#1253 = CARTESIAN_POINT('',(-24.18949002086,-11.));
#1254 = ( GEOMETRIC_REPRESENTATION_CONTEXT(2) 
PARAMETRIC_REPRESENTATION_CONTEXT() REPRESENTATION_CONTEXT('2D SPACE',''
  ) );
#1255 = ORIENTED_EDGE('',*,*,#1256,.F.);
#1256 = EDGE_CURVE('',#1257,#1222,#1259,.T.);
#1257 = VERTEX_POINT('',#1258);
#1258 = CARTESIAN_POINT('',(20.7,-4.276976847578,215.));
#1259 = SURFACE_CURVE('',#1260,(#1287,#1317),.PCURVE_S1.);
#1260 = B_SPLINE_CURVE_WITH_KNOTS('',7,(#1261,#1262,#1263,#1264,#1265,
    #1266,#1267,#1268,#1269,#1270,#1271,#1272,#1273,#1274,#1275,#1276,
    #1277,#1278,#1279,#1280,#1281,#1282,#1283,#1284,#1285,#1286),
  .UNSPECIFIED.,.F.,.F.,(8,6,6,6,8),(0.,0.234342963278,0.423945476063,
    0.694806148445,1.),.UNSPECIFIED.);
#1261 = CARTESIAN_POINT('',(20.7,-4.276976847578,215.));
#1262 = CARTESIAN_POINT('',(20.517240480569,-4.27668435829,215.));
#1263 = CARTESIAN_POINT('',(20.334481257202,-4.27620759484,215.));
#1264 = CARTESIAN_POINT('',(20.151722433112,-4.275574675201,215.));
#1265 = CARTESIAN_POINT('',(19.968964220562,-4.274784642203,215.));
#1266 = CARTESIAN_POINT('',(19.786206884263,-4.273821650781,215.));
#1267 = CARTESIAN_POINT('',(19.603450684787,-4.272669155233,215.));
#1268 = CARTESIAN_POINT('',(19.272832277318,-4.270235834553,215.));
#1269 = CARTESIAN_POINT('',(19.124969765643,-4.269020786084,215.));
#1270 = CARTESIAN_POINT('',(18.97710841048,-4.267673061869,215.));
#1271 = CARTESIAN_POINT('',(18.8292483507,-4.266187274365,215.));
#1272 = CARTESIAN_POINT('',(18.681389740504,-4.264558537674,215.));
#1273 = CARTESIAN_POINT('',(18.533532749426,-4.262782467548,215.));
#1274 = CARTESIAN_POINT('',(18.174455913405,-4.258101916046,215.));
#1275 = CARTESIAN_POINT('',(17.963238101872,-4.255041477963,215.));
#1276 = CARTESIAN_POINT('',(17.75202490183,-4.251664786244,215.));
#1277 = CARTESIAN_POINT('',(17.54081706934,-4.247963272237,215.));
#1278 = CARTESIAN_POINT('',(17.329615357918,-4.243928464366,215.));
#1279 = CARTESIAN_POINT('',(17.118420534032,-4.239551572971,215.));
#1280 = CARTESIAN_POINT('',(16.669277042102,-4.229495212482,215.));
#1281 = CARTESIAN_POINT('',(16.444713044895,-4.224020475927,215.));
#1282 = CARTESIAN_POINT('',(16.217234062905,-4.218098699015,215.));
#1283 = CARTESIAN_POINT('',(15.98046492008,-4.211501030923,215.));
#1284 = CARTESIAN_POINT('',(15.73798149697,-4.204159951818,215.));
#1285 = CARTESIAN_POINT('',(15.503321026178,-4.196482741778,215.));
#1286 = CARTESIAN_POINT('',(15.3,-4.189490020863,215.));
#1287 = PCURVE('',#33,#1288);
#1288 = DEFINITIONAL_REPRESENTATION('',(#1289),#1316);
#1289 = B_SPLINE_CURVE_WITH_KNOTS('',7,(#1290,#1291,#1292,#1293,#1294,
    #1295,#1296,#1297,#1298,#1299,#1300,#1301,#1302,#1303,#1304,#1305,
    #1306,#1307,#1308,#1309,#1310,#1311,#1312,#1313,#1314,#1315),
  .UNSPECIFIED.,.F.,.F.,(8,6,6,6,8),(0.,0.234342963278,0.423945476063,
    0.694806148445,1.),.UNSPECIFIED.);
#1290 = CARTESIAN_POINT('',(0.651484778011,4.444444444444E-02));
#1291 = CARTESIAN_POINT('',(0.650248811594,4.444444444444E-02));
#1292 = CARTESIAN_POINT('',(0.649012846039,4.444444444444E-02));
#1293 = CARTESIAN_POINT('',(0.647776880086,4.444444444444E-02));
#1294 = CARTESIAN_POINT('',(0.646540913362,4.444444444444E-02));
#1295 = CARTESIAN_POINT('',(0.645304945891,4.444444444444E-02));
#1296 = CARTESIAN_POINT('',(0.644068977596,4.444444444444E-02));
#1297 = CARTESIAN_POINT('',(0.641833007755,4.444444444444E-02));
#1298 = CARTESIAN_POINT('',(0.640833007685,4.444444444444E-02));
#1299 = CARTESIAN_POINT('',(0.639833007697,4.444444444444E-02));
#1300 = CARTESIAN_POINT('',(0.63883300781,4.444444444444E-02));
#1301 = CARTESIAN_POINT('',(0.637833007967,4.444444444444E-02));
#1302 = CARTESIAN_POINT('',(0.636833008037,4.444444444444E-02));
#1303 = CARTESIAN_POINT('',(0.634404436381,4.444444444444E-02));
#1304 = CARTESIAN_POINT('',(0.632975864998,4.444444444444E-02));
#1305 = CARTESIAN_POINT('',(0.631547293531,4.444444444444E-02));
#1306 = CARTESIAN_POINT('',(0.630118722042,4.444444444444E-02));
#1307 = CARTESIAN_POINT('',(0.62869015064,4.444444444444E-02));
#1308 = CARTESIAN_POINT('',(0.627261579321,4.444444444444E-02));
#1309 = CARTESIAN_POINT('',(0.624223356485,4.444444444444E-02));
#1310 = CARTESIAN_POINT('',(0.622704230924,4.444444444444E-02));
#1311 = CARTESIAN_POINT('',(0.621165320438,4.444444444444E-02));
#1312 = CARTESIAN_POINT('',(0.619563486682,4.444444444444E-02));
#1313 = CARTESIAN_POINT('',(0.617922875874,4.444444444444E-02));
#1314 = CARTESIAN_POINT('',(0.616335071191,4.444444444444E-02));
#1315 = CARTESIAN_POINT('',(0.614959243339,4.444444444444E-02));
#1316 = ( GEOMETRIC_REPRESENTATION_CONTEXT(2) 
PARAMETRIC_REPRESENTATION_CONTEXT() REPRESENTATION_CONTEXT('2D SPACE',''
  ) );
#1317 = PCURVE('',#891,#1318);
#1318 = DEFINITIONAL_REPRESENTATION('',(#1319),#1346);
#1319 = B_SPLINE_CURVE_WITH_KNOTS('',7,(#1320,#1321,#1322,#1323,#1324,
    #1325,#1326,#1327,#1328,#1329,#1330,#1331,#1332,#1333,#1334,#1335,
    #1336,#1337,#1338,#1339,#1340,#1341,#1342,#1343,#1344,#1345),
  .UNSPECIFIED.,.F.,.F.,(8,6,6,6,8),(0.,0.234342963278,0.423945476063,
    0.694806148445,1.),.UNSPECIFIED.);
#1320 = CARTESIAN_POINT('',(-2.7,-4.276976847578));
#1321 = CARTESIAN_POINT('',(-2.517240480569,-4.27668435829));
#1322 = CARTESIAN_POINT('',(-2.334481257202,-4.27620759484));
#1323 = CARTESIAN_POINT('',(-2.151722433112,-4.275574675201));
#1324 = CARTESIAN_POINT('',(-1.968964220562,-4.274784642203));
#1325 = CARTESIAN_POINT('',(-1.786206884263,-4.273821650781));
#1326 = CARTESIAN_POINT('',(-1.603450684787,-4.272669155233));
#1327 = CARTESIAN_POINT('',(-1.272832277318,-4.270235834553));
#1328 = CARTESIAN_POINT('',(-1.124969765643,-4.269020786084));
#1329 = CARTESIAN_POINT('',(-0.97710841048,-4.267673061869));
#1330 = CARTESIAN_POINT('',(-0.8292483507,-4.266187274365));
#1331 = CARTESIAN_POINT('',(-0.681389740504,-4.264558537674));
#1332 = CARTESIAN_POINT('',(-0.533532749426,-4.262782467548));
#1333 = CARTESIAN_POINT('',(-0.174455913405,-4.258101916046));
#1334 = CARTESIAN_POINT('',(3.67618981279E-02,-4.255041477963));
#1335 = CARTESIAN_POINT('',(0.24797509817,-4.251664786244));
#1336 = CARTESIAN_POINT('',(0.45918293066,-4.247963272237));
#1337 = CARTESIAN_POINT('',(0.670384642082,-4.243928464366));
#1338 = CARTESIAN_POINT('',(0.881579465968,-4.239551572971));
#1339 = CARTESIAN_POINT('',(1.330722957898,-4.229495212482));
#1340 = CARTESIAN_POINT('',(1.555286955105,-4.224020475927));
#1341 = CARTESIAN_POINT('',(1.782765937095,-4.218098699015));
#1342 = CARTESIAN_POINT('',(2.01953507992,-4.211501030923));
#1343 = CARTESIAN_POINT('',(2.26201850303,-4.204159951818));
#1344 = CARTESIAN_POINT('',(2.496678973822,-4.196482741778));
#1345 = CARTESIAN_POINT('',(2.7,-4.189490020863));
#1346 = ( GEOMETRIC_REPRESENTATION_CONTEXT(2) 
PARAMETRIC_REPRESENTATION_CONTEXT() REPRESENTATION_CONTEXT('2D SPACE',''
  ) );
#1347 = ORIENTED_EDGE('',*,*,#1348,.F.);
#1348 = EDGE_CURVE('',#1349,#1257,#1351,.T.);
#1349 = VERTEX_POINT('',#1350);
#1350 = CARTESIAN_POINT('',(20.7,-4.283287325958,225.));
#1351 = SURFACE_CURVE('',#1352,(#1358,#1367),.PCURVE_S1.);
#1352 = B_SPLINE_CURVE_WITH_KNOTS('',4,(#1353,#1354,#1355,#1356,#1357),
  .UNSPECIFIED.,.F.,.F.,(5,5),(0.,1.),.PIECEWISE_BEZIER_KNOTS.);
#1353 = CARTESIAN_POINT('',(20.7,-4.283287325958,225.));
#1354 = CARTESIAN_POINT('',(20.7,-4.281706860851,222.50000000179));
#1355 = CARTESIAN_POINT('',(20.7,-4.280128294539,220.00000000239));
#1356 = CARTESIAN_POINT('',(20.7,-4.278551624338,217.50000000179));
#1357 = CARTESIAN_POINT('',(20.7,-4.276976847578,215.));
#1358 = PCURVE('',#33,#1359);
#1359 = DEFINITIONAL_REPRESENTATION('',(#1360),#1366);
#1360 = B_SPLINE_CURVE_WITH_KNOTS('',4,(#1361,#1362,#1363,#1364,#1365),
  .UNSPECIFIED.,.F.,.F.,(5,5),(0.,1.),.PIECEWISE_BEZIER_KNOTS.);
#1361 = CARTESIAN_POINT('',(0.651552137962,0.));
#1362 = CARTESIAN_POINT('',(0.651535285511,1.111111110313E-02));
#1363 = CARTESIAN_POINT('',(0.651518441396,2.222222221159E-02));
#1364 = CARTESIAN_POINT('',(0.651501605615,3.333333332536E-02));
#1365 = CARTESIAN_POINT('',(0.651484778104,4.444444444444E-02));
#1366 = ( GEOMETRIC_REPRESENTATION_CONTEXT(2) 
PARAMETRIC_REPRESENTATION_CONTEXT() REPRESENTATION_CONTEXT('2D SPACE',''
  ) );
#1367 = PCURVE('',#833,#1368);
#1368 = DEFINITIONAL_REPRESENTATION('',(#1369),#1375);
#1369 = B_SPLINE_CURVE_WITH_KNOTS('',4,(#1370,#1371,#1372,#1373,#1374),
  .UNSPECIFIED.,.F.,.F.,(5,5),(0.,1.),.PIECEWISE_BEZIER_KNOTS.);
#1370 = CARTESIAN_POINT('',(-15.71671267404,-1.));
#1371 = CARTESIAN_POINT('',(-15.71829313914,-3.499999998203));
#1372 = CARTESIAN_POINT('',(-15.71987170546,-5.999999997607));
#1373 = CARTESIAN_POINT('',(-15.72144837566,-8.499999998207));
#1374 = CARTESIAN_POINT('',(-15.72302315242,-11.));
#1375 = ( GEOMETRIC_REPRESENTATION_CONTEXT(2) 
PARAMETRIC_REPRESENTATION_CONTEXT() REPRESENTATION_CONTEXT('2D SPACE',''
  ) );
#1376 = ORIENTED_EDGE('',*,*,#1377,.T.);
#1377 = EDGE_CURVE('',#1349,#1378,#1380,.T.);
#1378 = VERTEX_POINT('',#1379);
#1379 = CARTESIAN_POINT('',(72.,-4.32E-02,225.));
#1380 = SURFACE_CURVE('',#1381,(#1503,#1510),.PCURVE_S1.);
#1381 = B_SPLINE_CURVE_WITH_KNOTS('',3,(#1382,#1383,#1384,#1385,#1386,
    #1387,#1388,#1389,#1390,#1391,#1392,#1393,#1394,#1395,#1396,#1397,
    #1398,#1399,#1400,#1401,#1402,#1403,#1404,#1405,#1406,#1407,#1408,
    #1409,#1410,#1411,#1412,#1413,#1414,#1415,#1416,#1417,#1418,#1419,
    #1420,#1421,#1422,#1423,#1424,#1425,#1426,#1427,#1428,#1429,#1430,
    #1431,#1432,#1433,#1434,#1435,#1436,#1437,#1438,#1439,#1440,#1441,
    #1442,#1443,#1444,#1445,#1446,#1447,#1448,#1449,#1450,#1451,#1452,
    #1453,#1454,#1455,#1456,#1457,#1458,#1459,#1460,#1461,#1462,#1463,
    #1464,#1465,#1466,#1467,#1468,#1469,#1470,#1471,#1472,#1473,#1474,
    #1475,#1476,#1477,#1478,#1479,#1480,#1481,#1482,#1483,#1484,#1485,
    #1486,#1487,#1488,#1489,#1490,#1491,#1492,#1493,#1494,#1495,#1496,
    #1497,#1498,#1499,#1500,#1501,#1502),.UNSPECIFIED.,.F.,.F.,(4,1,1,1,
    1,1,1,1,1,1,1,1,1,1,1,1,1,1,1,1,1,1,1,1,1,1,1,1,1,1,1,1,1,1,1,1,1,1,
    1,1,1,1,1,1,1,1,1,1,1,1,1,1,1,1,1,1,1,1,1,1,1,1,1,1,1,1,1,1,1,1,1,1,
    1,1,1,1,1,1,1,1,1,1,1,1,1,1,1,1,1,1,1,1,1,1,1,1,1,1,1,1,1,1,1,1,1,1,
    1,1,1,1,1,1,1,1,1,1,1,1,4),(0.,4.078407677411E-04,1.457980549597E-03
    ,3.204753366262E-03,5.642985368529E-03,8.765465479536E-03,
    1.256297669321E-02,1.702433495068E-02,2.213643470887E-02,
    2.788430025551E-02,3.425114182613E-02,4.121841563833E-02,
    4.876588706683E-02,5.687169632928E-02,6.551242622383E-02,
    7.466317164093E-02,8.429761075195E-02,9.438807794483E-02,
    0.104905638724,0.115820166915,0.1271004246,0.138714145282,
    0.1506281208,0.1628082925,0.175219847173,0.187827318137,
    0.200594691796,0.213485519815,0.22646303689,0.239490283867,
    0.252530235719,0.265545933618,0.278500620098,0.291357876051,
    0.304081758111,0.316636934886,0.328988820492,0.341103703964,
    0.353090161194,0.364812648141,0.376197519167,0.38721480852,
    0.397836016232,0.408034235542,0.417784287292,0.427062868614,
    0.435848726665,0.444122873021,0.451868861729,0.459073165549,
    0.465725703577,0.471820604191,0.477357338614,0.482342444921,
    0.486792194201,0.490736722153,0.49422623504,0.4973393663,
    0.500191267412,0.502933737755,0.505676143618,0.508526386493,
    0.511632585991,0.515105416054,0.519019187057,0.523420263997,
    0.528335467762,0.533778262572,0.539752873742,0.546256953268,
    0.553283311049,0.560821057132,0.568856370053,0.577373023458,
    0.586352753065,0.595775516221,0.605619678387,0.615862149932,
    0.626478489749,0.637442987668,0.648728734495,0.660350032239,
    0.672380507178,0.684646833505,0.697115935464,0.709753854552,
    0.722525869195,0.73539661944,0.748330235365,0.761290467738,
    0.774240819394,0.787144675907,0.799965434253,0.812666628411,
    0.825212051079,0.837565870937,0.849692745131,0.86155792689,
    0.873127368371,0.884367818963,0.89524691945,0.905733292442,
    0.915796629611,0.925407776187,0.934538813214,0.943163137948,
    0.951255542705,0.958792292319,0.965751200209,0.972111702872,
    0.977854932419,0.982963786569,0.987422995334,0.991219183478,
    0.994340927712,0.996778807537,0.998525448648,0.999575557896,1.),
  .UNSPECIFIED.);
#1382 = CARTESIAN_POINT('',(72.,4.32E-02,225.));
#1383 = CARTESIAN_POINT('',(71.984221714961,2.623174440698E-02,225.));
#1384 = CARTESIAN_POINT('',(71.923696633015,-1.218274920545E-02,225.));
#1385 = CARTESIAN_POINT('',(71.760293358299,6.733077767122E-02,225.));
#1386 = CARTESIAN_POINT('',(71.512524417189,9.328244997454E-02,225.));
#1387 = CARTESIAN_POINT('',(71.157609566969,0.17765836874,225.));
#1388 = CARTESIAN_POINT('',(70.706551334166,0.265612266985,225.));
#1389 = CARTESIAN_POINT('',(70.156458687307,0.378693366691,225.));
#1390 = CARTESIAN_POINT('',(69.510376771845,0.507691612558,225.));
#1391 = CARTESIAN_POINT('',(68.769539766247,0.654499335452,225.));
#1392 = CARTESIAN_POINT('',(67.936164468403,0.817011226542,225.));
#1393 = CARTESIAN_POINT('',(67.012487343922,0.994320394971,225.));
#1394 = CARTESIAN_POINT('',(66.001075595555,1.185025913379,225.));
#1395 = CARTESIAN_POINT('',(64.904719943764,1.387795900227,225.));
#1396 = CARTESIAN_POINT('',(63.726459691867,1.601210355375,225.));
#1397 = CARTESIAN_POINT('',(62.469565504084,1.823826596577,225.));
#1398 = CARTESIAN_POINT('',(61.137534111024,2.054174014452,225.));
#1399 = CARTESIAN_POINT('',(59.734078408345,2.290767357714,225.));
#1400 = CARTESIAN_POINT('',(58.263117956895,2.532111544605,225.));
#1401 = CARTESIAN_POINT('',(56.728768440869,2.776706051106,225.));
#1402 = CARTESIAN_POINT('',(55.13533056472,3.023046707263,225.));
#1403 = CARTESIAN_POINT('',(53.487278312768,3.269625897995,225.));
#1404 = CARTESIAN_POINT('',(51.789246662024,3.514931391247,225.));
#1405 = CARTESIAN_POINT('',(50.046018792095,3.757444359741,225.));
#1406 = CARTESIAN_POINT('',(48.262512847574,3.995637151547,225.));
#1407 = CARTESIAN_POINT('',(46.44376830058,4.227971417123,225.));
#1408 = CARTESIAN_POINT('',(44.594931956635,4.452897194186,225.));
#1409 = CARTESIAN_POINT('',(42.721243640298,4.668853518835,225.));
#1410 = CARTESIAN_POINT('',(40.82802159035,4.874271068255,225.));
#1411 = CARTESIAN_POINT('',(38.920647587523,5.06757723267,225.));
#1412 = CARTESIAN_POINT('',(37.004551833703,5.247203939495,225.));
#1413 = CARTESIAN_POINT('',(35.085197592638,5.411598236145,225.));
#1414 = CARTESIAN_POINT('',(33.168065619131,5.55923613728,225.));
#1415 = CARTESIAN_POINT('',(31.258638334192,5.688637638146,225.));
#1416 = CARTESIAN_POINT('',(29.362383966368,5.798389696803,225.));
#1417 = CARTESIAN_POINT('',(27.484739924304,5.887150335506,225.));
#1418 = CARTESIAN_POINT('',(25.631098208209,5.953730164934,225.));
#1419 = CARTESIAN_POINT('',(23.806782721962,5.996895716649,225.));
#1420 = CARTESIAN_POINT('',(22.010091894409,6.016262315207,225.));
#1421 = CARTESIAN_POINT('',(20.244284666721,6.008912886959,225.));
#1422 = CARTESIAN_POINT('',(18.514956979868,5.965446857909,225.));
#1423 = CARTESIAN_POINT('',(16.834636840278,5.888113808741,225.));
#1424 = CARTESIAN_POINT('',(15.210590663863,5.77714453907,225.));
#1425 = CARTESIAN_POINT('',(13.647812736416,5.633647085709,225.));
#1426 = CARTESIAN_POINT('',(12.151082171681,5.458844263779,225.));
#1427 = CARTESIAN_POINT('',(10.724941257141,5.254261736029,225.));
#1428 = CARTESIAN_POINT('',(9.373673707815,5.021652437276,225.));
#1429 = CARTESIAN_POINT('',(8.101285073661,4.762980266356,225.));
#1430 = CARTESIAN_POINT('',(6.911484780904,4.48038155269,225.));
#1431 = CARTESIAN_POINT('',(5.807669717899,4.176125231313,225.));
#1432 = CARTESIAN_POINT('',(4.792908805104,3.852566790786,225.));
#1433 = CARTESIAN_POINT('',(3.869927685777,3.512096971921,225.));
#1434 = CARTESIAN_POINT('',(3.041092331994,3.157083399423,225.));
#1435 = CARTESIAN_POINT('',(2.308390850751,2.789800753784,225.));
#1436 = CARTESIAN_POINT('',(1.673415139218,2.412340106554,225.));
#1437 = CARTESIAN_POINT('',(1.137357047989,2.026476856156,225.));
#1438 = CARTESIAN_POINT('',(0.701064633603,1.633476661869,225.));
#1439 = CARTESIAN_POINT('',(0.365309135041,1.233836858307,225.));
#1440 = CARTESIAN_POINT('',(0.131468201859,0.827262199993,225.));
#1441 = CARTESIAN_POINT('',(2.610739939513E-03,0.413566537933,225.));
#1442 = CARTESIAN_POINT('',(-1.738517016726E-02,-1.394771597038E-03,225.
    ));
#1443 = CARTESIAN_POINT('',(6.829918958043E-02,-0.407775947084,225.));
#1444 = CARTESIAN_POINT('',(0.260163279901,-0.795684499761,225.));
#1445 = CARTESIAN_POINT('',(0.552677478468,-1.16056237707,225.));
#1446 = CARTESIAN_POINT('',(0.94223482932,-1.503746075605,225.));
#1447 = CARTESIAN_POINT('',(1.42693129528,-1.826544639829,225.));
#1448 = CARTESIAN_POINT('',(2.005382684217,-2.129588407527,225.));
#1449 = CARTESIAN_POINT('',(2.676096088126,-2.412959003937,225.));
#1450 = CARTESIAN_POINT('',(3.437272195287,-2.676464537771,225.));
#1451 = CARTESIAN_POINT('',(4.286793748968,-2.919814692745,225.));
#1452 = CARTESIAN_POINT('',(5.222258667982,-3.142725113897,225.));
#1453 = CARTESIAN_POINT('',(6.241017835581,-3.344978185654,225.));
#1454 = CARTESIAN_POINT('',(7.340206603373,-3.526462444201,225.));
#1455 = CARTESIAN_POINT('',(8.5167695597,-3.687200044661,225.));
#1456 = CARTESIAN_POINT('',(9.767479696412,-3.827366816078,225.));
#1457 = CARTESIAN_POINT('',(11.088953242726,-3.947306150594,225.));
#1458 = CARTESIAN_POINT('',(12.477661100695,-4.047538451046,225.));
#1459 = CARTESIAN_POINT('',(13.92993754996,-4.128761120489,225.));
#1460 = CARTESIAN_POINT('',(15.441986825862,-4.191859164571,225.));
#1461 = CARTESIAN_POINT('',(17.009887746114,-4.237846668392,225.));
#1462 = CARTESIAN_POINT('',(18.62959794615,-4.268053801604,225.));
#1463 = CARTESIAN_POINT('',(20.299040865283,-4.283345889857,225.));
#1464 = CARTESIAN_POINT('',(22.021096248957,-4.28707202398,225.));
#1465 = CARTESIAN_POINT('',(23.791437774365,-4.271576827279,225.));
#1466 = CARTESIAN_POINT('',(25.603275541446,-4.235908060803,225.));
#1467 = CARTESIAN_POINT('',(27.444603572539,-4.181768453595,225.));
#1468 = CARTESIAN_POINT('',(29.310279645288,-4.110292365638,225.));
#1469 = CARTESIAN_POINT('',(31.195090426146,-4.022857699733,225.));
#1470 = CARTESIAN_POINT('',(33.093761288318,-3.920848366804,225.));
#1471 = CARTESIAN_POINT('',(35.000971321861,-3.805689393895,225.));
#1472 = CARTESIAN_POINT('',(36.911367383716,-3.67880963187,225.));
#1473 = CARTESIAN_POINT('',(38.819578817645,-3.541627171072,225.));
#1474 = CARTESIAN_POINT('',(40.720232333618,-3.395532264355,225.));
#1475 = CARTESIAN_POINT('',(42.607967104931,-3.241875052125,225.));
#1476 = CARTESIAN_POINT('',(44.47744997845,-3.081956377888,225.));
#1477 = CARTESIAN_POINT('',(46.323390732583,-2.917022194364,225.));
#1478 = CARTESIAN_POINT('',(48.140557306602,-2.748261258569,225.));
#1479 = CARTESIAN_POINT('',(49.923790931247,-2.576805836658,225.));
#1480 = CARTESIAN_POINT('',(51.668021095523,-2.403734966215,225.));
#1481 = CARTESIAN_POINT('',(53.368280292221,-2.230079734248,225.));
#1482 = CARTESIAN_POINT('',(55.019718493165,-2.056829954088,225.));
#1483 = CARTESIAN_POINT('',(56.617617313285,-1.884941587949,225.));
#1484 = CARTESIAN_POINT('',(58.157403831731,-1.715344251079,225.));
#1485 = CARTESIAN_POINT('',(59.634664039927,-1.548948180758,225.));
#1486 = CARTESIAN_POINT('',(61.045155907475,-1.386650043945,225.));
#1487 = CARTESIAN_POINT('',(62.384822001187,-1.22933728181,225.));
#1488 = CARTESIAN_POINT('',(63.649801793049,-1.077889970978,225.));
#1489 = CARTESIAN_POINT('',(64.83644310017,-0.933182151163,225.));
#1490 = CARTESIAN_POINT('',(65.941314448473,-0.79607500775,225.));
#1491 = CARTESIAN_POINT('',(66.961212208529,-0.667427144719,225.));
#1492 = CARTESIAN_POINT('',(67.893182803223,-0.548038291829,225.));
#1493 = CARTESIAN_POINT('',(68.734493301065,-0.438801330191,225.));
#1494 = CARTESIAN_POINT('',(69.482764991227,-0.340178516421,225.));
#1495 = CARTESIAN_POINT('',(70.135592687438,-0.253792908359,225.));
#1496 = CARTESIAN_POINT('',(70.69173157278,-0.177556711613,225.));
#1497 = CARTESIAN_POINT('',(71.147661585336,-0.119844099973,225.));
#1498 = CARTESIAN_POINT('',(71.507124345386,-6.020478222092E-02,225.));
#1499 = CARTESIAN_POINT('',(71.756716317728,-4.994749829778E-02,225.));
#1500 = CARTESIAN_POINT('',(71.9248400037,1.63721775793E-02,225.));
#1501 = CARTESIAN_POINT('',(71.984408918449,-2.490967936307E-02,225.));
#1502 = CARTESIAN_POINT('',(72.,-4.32E-02,225.));
#1503 = PCURVE('',#33,#1504);
#1504 = DEFINITIONAL_REPRESENTATION('',(#1505),#1509);
#1505 = LINE('',#1506,#1507);
#1506 = CARTESIAN_POINT('',(0.,0.));
#1507 = VECTOR('',#1508,1.);
#1508 = DIRECTION('',(1.,0.));
#1509 = ( GEOMETRIC_REPRESENTATION_CONTEXT(2) 
PARAMETRIC_REPRESENTATION_CONTEXT() REPRESENTATION_CONTEXT('2D SPACE',''
  ) );
#1510 = PCURVE('',#683,#1511);
#1511 = DEFINITIONAL_REPRESENTATION('',(#1512),#1634);
#1512 = B_SPLINE_CURVE_WITH_KNOTS('',3,(#1513,#1514,#1515,#1516,#1517,
    #1518,#1519,#1520,#1521,#1522,#1523,#1524,#1525,#1526,#1527,#1528,
    #1529,#1530,#1531,#1532,#1533,#1534,#1535,#1536,#1537,#1538,#1539,
    #1540,#1541,#1542,#1543,#1544,#1545,#1546,#1547,#1548,#1549,#1550,
    #1551,#1552,#1553,#1554,#1555,#1556,#1557,#1558,#1559,#1560,#1561,
    #1562,#1563,#1564,#1565,#1566,#1567,#1568,#1569,#1570,#1571,#1572,
    #1573,#1574,#1575,#1576,#1577,#1578,#1579,#1580,#1581,#1582,#1583,
    #1584,#1585,#1586,#1587,#1588,#1589,#1590,#1591,#1592,#1593,#1594,
    #1595,#1596,#1597,#1598,#1599,#1600,#1601,#1602,#1603,#1604,#1605,
    #1606,#1607,#1608,#1609,#1610,#1611,#1612,#1613,#1614,#1615,#1616,
    #1617,#1618,#1619,#1620,#1621,#1622,#1623,#1624,#1625,#1626,#1627,
    #1628,#1629,#1630,#1631,#1632,#1633),.UNSPECIFIED.,.F.,.F.,(4,1,1,1,
    1,1,1,1,1,1,1,1,1,1,1,1,1,1,1,1,1,1,1,1,1,1,1,1,1,1,1,1,1,1,1,1,1,1,
    1,1,1,1,1,1,1,1,1,1,1,1,1,1,1,1,1,1,1,1,1,1,1,1,1,1,1,1,1,1,1,1,1,1,
    1,1,1,1,1,1,1,1,1,1,1,1,1,1,1,1,1,1,1,1,1,1,1,1,1,1,1,1,1,1,1,1,1,1,
    1,1,1,1,1,1,1,1,1,1,1,1,4),(0.,4.078407677411E-04,1.457980549597E-03
    ,3.204753366262E-03,5.642985368529E-03,8.765465479536E-03,
    1.256297669321E-02,1.702433495068E-02,2.213643470887E-02,
    2.788430025551E-02,3.425114182613E-02,4.121841563833E-02,
    4.876588706683E-02,5.687169632928E-02,6.551242622383E-02,
    7.466317164093E-02,8.429761075195E-02,9.438807794483E-02,
    0.104905638724,0.115820166915,0.1271004246,0.138714145282,
    0.1506281208,0.1628082925,0.175219847173,0.187827318137,
    0.200594691796,0.213485519815,0.22646303689,0.239490283867,
    0.252530235719,0.265545933618,0.278500620098,0.291357876051,
    0.304081758111,0.316636934886,0.328988820492,0.341103703964,
    0.353090161194,0.364812648141,0.376197519167,0.38721480852,
    0.397836016232,0.408034235542,0.417784287292,0.427062868614,
    0.435848726665,0.444122873021,0.451868861729,0.459073165549,
    0.465725703577,0.471820604191,0.477357338614,0.482342444921,
    0.486792194201,0.490736722153,0.49422623504,0.4973393663,
    0.500191267412,0.502933737755,0.505676143618,0.508526386493,
    0.511632585991,0.515105416054,0.519019187057,0.523420263997,
    0.528335467762,0.533778262572,0.539752873742,0.546256953268,
    0.553283311049,0.560821057132,0.568856370053,0.577373023458,
    0.586352753065,0.595775516221,0.605619678387,0.615862149932,
    0.626478489749,0.637442987668,0.648728734495,0.660350032239,
    0.672380507178,0.684646833505,0.697115935464,0.709753854552,
    0.722525869195,0.73539661944,0.748330235365,0.761290467738,
    0.774240819394,0.787144675907,0.799965434253,0.812666628411,
    0.825212051079,0.837565870937,0.849692745131,0.86155792689,
    0.873127368371,0.884367818963,0.89524691945,0.905733292442,
    0.915796629611,0.925407776187,0.934538813214,0.943163137948,
    0.951255542705,0.958792292319,0.965751200209,0.972111702872,
    0.977854932419,0.982963786569,0.987422995334,0.991219183478,
    0.994340927712,0.996778807537,0.998525448648,0.999575557896,1.),
  .UNSPECIFIED.);
#1513 = CARTESIAN_POINT('',(0.,0.));
#1514 = CARTESIAN_POINT('',(-1.568617091179E-02,-1.705344595016E-02));
#1515 = CARTESIAN_POINT('',(-7.600235169693E-02,-5.579511859738E-02));
#1516 = CARTESIAN_POINT('',(-0.239833795062,2.283241671652E-02));
#1517 = CARTESIAN_POINT('',(-0.487739631441,4.744204416191E-02));
#1518 = CARTESIAN_POINT('',(-0.843106172299,0.129894868326));
#1519 = CARTESIAN_POINT('',(-1.294634060865,0.215405004818));
#1520 = CARTESIAN_POINT('',(-1.845330974877,0.325505704801));
#1521 = CARTESIAN_POINT('',(-2.492101941244,0.451003537411));
#1522 = CARTESIAN_POINT('',(-3.233723046529,0.593797488826));
#1523 = CARTESIAN_POINT('',(-4.067966125134,0.751794285001));
#1524 = CARTESIAN_POINT('',(-4.992589833441,0.924099158798));
#1525 = CARTESIAN_POINT('',(-6.005019420341,1.109325104751));
#1526 = CARTESIAN_POINT('',(-7.102456994174,1.306155372551));
#1527 = CARTESIAN_POINT('',(-8.281855606904,1.513186440647));
#1528 = CARTESIAN_POINT('',(-9.539936830164,1.728993358536));
#1529 = CARTESIAN_POINT('',(-10.87319602128,1.95212447313));
#1530 = CARTESIAN_POINT('',(-12.27791229644,2.181114660181));
#1531 = CARTESIAN_POINT('',(-13.75015805641,2.414490084204));
#1532 = CARTESIAN_POINT('',(-15.28580955202,2.650772529533));
#1533 = CARTESIAN_POINT('',(-16.88055799682,2.888481136507));
#1534 = CARTESIAN_POINT('',(-18.52992130837,3.126132538692));
#1535 = CARTESIAN_POINT('',(-20.22925638892,3.362239624522));
#1536 = CARTESIAN_POINT('',(-21.97377190455,3.595309489818));
#1537 = CARTESIAN_POINT('',(-23.75854151057,3.823841136713));
#1538 = CARTESIAN_POINT('',(-25.57851747861,4.046323526869));
#1539 = CARTESIAN_POINT('',(-27.42854468559,4.261234590588));
#1540 = CARTESIAN_POINT('',(-29.30337493118,4.467041760408));
#1541 = CARTESIAN_POINT('',(-31.19768155672,4.662204534694));
#1542 = CARTESIAN_POINT('',(-33.10607434472,4.845179468969));
#1543 = CARTESIAN_POINT('',(-35.02311468182,5.014427918086));
#1544 = CARTESIAN_POINT('',(-36.94333097517,5.168426535701));
#1545 = CARTESIAN_POINT('',(-38.86123429796,5.305681037008));
#1546 = CARTESIAN_POINT('',(-40.77133429536,5.424741126163));
#1547 = CARTESIAN_POINT('',(-42.6681551674,5.524223392302));
#1548 = CARTESIAN_POINT('',(-44.54625231836,5.602815320825));
#1549 = CARTESIAN_POINT('',(-46.40022738657,5.659356737433));
#1550 = CARTESIAN_POINT('',(-48.22474986699,5.692643020617));
#1551 = CARTESIAN_POINT('',(-50.02151922282,5.702280286596));
#1552 = CARTESIAN_POINT('',(-51.78726076477,5.685369151596));
#1553 = CARTESIAN_POINT('',(-53.51632772997,5.632539481364));
#1554 = CARTESIAN_POINT('',(-55.19620447711,5.546108662533));
#1555 = CARTESIAN_POINT('',(-56.81962594657,5.426346838846));
#1556 = CARTESIAN_POINT('',(-58.3816039258,5.274389074839));
#1557 = CARTESIAN_POINT('',(-59.87736599264,5.091484046521));
#1558 = CARTESIAN_POINT('',(-61.30237818763,4.879181990679));
#1559 = CARTESIAN_POINT('',(-62.65236635067,4.639259012667));
#1560 = CARTESIAN_POINT('',(-63.923335625,4.373700672513));
#1561 = CARTESIAN_POINT('',(-65.11158820698,4.084663354792));
#1562 = CARTESIAN_POINT('',(-66.21373954429,3.774434355364));
#1563 = CARTESIAN_POINT('',(-67.22673351639,3.445385746404));
#1564 = CARTESIAN_POINT('',(-68.14785746581,3.099922992982));
#1565 = CARTESIAN_POINT('',(-68.9747582758,2.74042649679));
#1566 = CARTESIAN_POINT('',(-69.70546018587,2.369181670533));
#1567 = CARTESIAN_POINT('',(-70.3383826453,1.988288175198));
#1568 = CARTESIAN_POINT('',(-70.87234343473,1.599527837028));
#1569 = CARTESIAN_POINT('',(-71.30650136357,1.204170888957));
#1570 = CARTESIAN_POINT('',(-71.6400878972,0.802718834554));
#1571 = CARTESIAN_POINT('',(-71.87172380752,0.394883892618));
#1572 = CARTESIAN_POINT('',(-71.99833922565,-1.950346504759E-02));
#1573 = CARTESIAN_POINT('',(-72.01608783453,-0.434566968274));
#1574 = CARTESIAN_POINT('',(-71.92820418423,-0.840478206483));
#1575 = CARTESIAN_POINT('',(-71.73424238899,-1.227342131373));
#1576 = CARTESIAN_POINT('',(-71.43975667184,-1.590630700019));
#1577 = CARTESIAN_POINT('',(-71.04834669876,-1.931699921019));
#1578 = CARTESIAN_POINT('',(-70.56190939055,-2.251869129974));
#1579 = CARTESIAN_POINT('',(-69.98182550579,-2.551776150802));
#1580 = CARTESIAN_POINT('',(-69.30958748859,-2.831510691615));
#1581 = CARTESIAN_POINT('',(-68.54699566338,-3.090890607178));
#1582 = CARTESIAN_POINT('',(-67.69616882791,-3.329637050372));
#1583 = CARTESIAN_POINT('',(-66.75951056792,-3.547478677629));
#1584 = CARTESIAN_POINT('',(-65.73967113972,-3.744212221488));
#1585 = CARTESIAN_POINT('',(-64.63951575326,-3.919741731786));
#1586 = CARTESIAN_POINT('',(-63.46209965544,-4.074105908323));
#1587 = CARTESIAN_POINT('',(-62.21064885498,-4.207498051754));
#1588 = CARTESIAN_POINT('',(-60.88854521361,-4.320279872246));
#1589 = CARTESIAN_POINT('',(-59.49931495955,-4.412990875008));
#1590 = CARTESIAN_POINT('',(-58.04661998298,-4.486348302681));
#1591 = CARTESIAN_POINT('',(-56.53425120064,-4.541257701934));
#1592 = CARTESIAN_POINT('',(-54.96612424607,-4.578754376133));
#1593 = CARTESIAN_POINT('',(-53.34627422172,-4.600190364758));
#1594 = CARTESIAN_POINT('',(-51.67677297211,-4.606442225314));
#1595 = CARTESIAN_POINT('',(-49.95472265875,-4.600843405756));
#1596 = CARTESIAN_POINT('',(-48.18449099475,-4.575762068588));
#1597 = CARTESIAN_POINT('',(-46.37287293698,-4.530282756007));
#1598 = CARTESIAN_POINT('',(-44.53186506683,-4.466173184246));
#1599 = CARTESIAN_POINT('',(-42.66660338872,-4.384595541699));
#1600 = CARTESIAN_POINT('',(-40.78229369845,-4.286955941073));
#1601 = CARTESIAN_POINT('',(-38.88420305164,-4.174666835011));
#1602 = CARTESIAN_POINT('',(-36.97764456371,-4.049182042299));
#1603 = CARTESIAN_POINT('',(-35.06796356205,-3.911959380024));
#1604 = CARTESIAN_POINT('',(-33.16052294521,-3.764445999746));
#1605 = CARTESIAN_POINT('',(-31.26068839625,-3.608061230206));
#1606 = CARTESIAN_POINT('',(-29.3738133523,-3.444184220796));
#1607 = CARTESIAN_POINT('',(-27.50522384426,-3.274144674879));
#1608 = CARTESIAN_POINT('',(-25.66020326934,-3.099217173363));
#1609 = CARTESIAN_POINT('',(-23.84397717446,-2.920618787349));
#1610 = CARTESIAN_POINT('',(-22.06169812207,-2.739509701037));
#1611 = CARTESIAN_POINT('',(-20.31843070583,-2.556996392915));
#1612 = CARTESIAN_POINT('',(-18.61913677681,-2.374136833839));
#1613 = CARTESIAN_POINT('',(-16.96866093226,-2.191947085444));
#1614 = CARTESIAN_POINT('',(-15.37171631155,-2.011408645898));
#1615 = CARTESIAN_POINT('',(-13.83287073464,-1.833475879103));
#1616 = CARTESIAN_POINT('',(-12.35653321648,-1.659082910773));
#1617 = CARTESIAN_POINT('',(-10.94694086983,-1.48914936524));
#1618 = CARTESIAN_POINT('',(-9.608146262923,-1.32458464159));
#1619 = CARTESIAN_POINT('',(-8.34400510156,-1.166289708235));
#1620 = CARTESIAN_POINT('',(-7.158164782185,-1.01515836858));
#1621 = CARTESIAN_POINT('',(-6.054052065262,-0.872070376755));
#1622 = CARTESIAN_POINT('',(-5.034865883927,-0.737901671747));
#1623 = CARTESIAN_POINT('',(-4.103555441467,-0.613467965158));
#1624 = CARTESIAN_POINT('',(-3.262848794372,-0.499676923783));
#1625 = CARTESIAN_POINT('',(-2.515122115482,-0.397003678137));
#1626 = CARTESIAN_POINT('',(-1.862771766979,-0.307084286305));
#1627 = CARTESIAN_POINT('',(-1.307053852897,-0.227837725167));
#1628 = CARTESIAN_POINT('',(-0.851443037545,-0.167657106809));
#1629 = CARTESIAN_POINT('',(-0.49230849346,-0.10607217903));
#1630 = CARTESIAN_POINT('',(-0.242775723426,-9.446350943187E-02));
#1631 = CARTESIAN_POINT('',(-7.501362219273E-02,-2.723441912816E-02));
#1632 = CARTESIAN_POINT('',(-1.522204027459E-02,-6.819310622597E-02));
#1633 = CARTESIAN_POINT('',(4.678544521255E-04,-8.639873327898E-02));
#1634 = ( GEOMETRIC_REPRESENTATION_CONTEXT(2) 
PARAMETRIC_REPRESENTATION_CONTEXT() REPRESENTATION_CONTEXT('2D SPACE',''
  ) );
#1635 = ORIENTED_EDGE('',*,*,#1636,.T.);
#1636 = EDGE_CURVE('',#1378,#1637,#1639,.T.);
#1637 = VERTEX_POINT('',#1638);
#1638 = CARTESIAN_POINT('',(71.928255790057,2.783000841218,
    1.42108547152E-13));
#1639 = SURFACE_CURVE('',#1640,(#1645,#1652),.PCURVE_S1.);
#1640 = ( BOUNDED_CURVE() B_SPLINE_CURVE(3,(#1641,#1642,#1643,#1644),
.UNSPECIFIED.,.F.,.F.) B_SPLINE_CURVE_WITH_KNOTS((4,4),(0.,1.),
.PIECEWISE_BEZIER_KNOTS.) CURVE() GEOMETRIC_REPRESENTATION_ITEM() 
RATIONAL_B_SPLINE_CURVE((1.,1.,1.,1.)) REPRESENTATION_ITEM('') );
#1641 = CARTESIAN_POINT('',(72.,-4.32E-02,225.));
#1642 = CARTESIAN_POINT('',(72.000755204678,0.899277821573,150.));
#1643 = CARTESIAN_POINT('',(71.976829539982,1.841775254384,75.));
#1644 = CARTESIAN_POINT('',(71.928255790057,2.783000841218,
    1.42108547152E-13));
#1645 = PCURVE('',#33,#1646);
#1646 = DEFINITIONAL_REPRESENTATION('',(#1647),#1651);
#1647 = LINE('',#1648,#1649);
#1648 = CARTESIAN_POINT('',(1.,0.));
#1649 = VECTOR('',#1650,1.);
#1650 = DIRECTION('',(0.,1.));
#1651 = ( GEOMETRIC_REPRESENTATION_CONTEXT(2) 
PARAMETRIC_REPRESENTATION_CONTEXT() REPRESENTATION_CONTEXT('2D SPACE',''
  ) );
#1652 = PCURVE('',#525,#1653);
#1653 = DEFINITIONAL_REPRESENTATION('',(#1654),#1658);
#1654 = LINE('',#1655,#1656);
#1655 = CARTESIAN_POINT('',(1.,0.));
#1656 = VECTOR('',#1657,1.);
#1657 = DIRECTION('',(0.,1.));
#1658 = ( GEOMETRIC_REPRESENTATION_CONTEXT(2) 
PARAMETRIC_REPRESENTATION_CONTEXT() REPRESENTATION_CONTEXT('2D SPACE',''
  ) );
#1659 = ORIENTED_EDGE('',*,*,#1660,.F.);
#1660 = EDGE_CURVE('',#1661,#1637,#1663,.T.);
#1661 = VERTEX_POINT('',#1662);
#1662 = CARTESIAN_POINT('',(20.920469681905,-4.136110147685,
    1.136868377216E-13));
#1663 = SURFACE_CURVE('',#1664,(#1786,#1793),.PCURVE_S1.);
#1664 = B_SPLINE_CURVE_WITH_KNOTS('',3,(#1665,#1666,#1667,#1668,#1669,
    #1670,#1671,#1672,#1673,#1674,#1675,#1676,#1677,#1678,#1679,#1680,
    #1681,#1682,#1683,#1684,#1685,#1686,#1687,#1688,#1689,#1690,#1691,
    #1692,#1693,#1694,#1695,#1696,#1697,#1698,#1699,#1700,#1701,#1702,
    #1703,#1704,#1705,#1706,#1707,#1708,#1709,#1710,#1711,#1712,#1713,
    #1714,#1715,#1716,#1717,#1718,#1719,#1720,#1721,#1722,#1723,#1724,
    #1725,#1726,#1727,#1728,#1729,#1730,#1731,#1732,#1733,#1734,#1735,
    #1736,#1737,#1738,#1739,#1740,#1741,#1742,#1743,#1744,#1745,#1746,
    #1747,#1748,#1749,#1750,#1751,#1752,#1753,#1754,#1755,#1756,#1757,
    #1758,#1759,#1760,#1761,#1762,#1763,#1764,#1765,#1766,#1767,#1768,
    #1769,#1770,#1771,#1772,#1773,#1774,#1775,#1776,#1777,#1778,#1779,
    #1780,#1781,#1782,#1783,#1784,#1785),.UNSPECIFIED.,.F.,.F.,(4,1,1,1,
    1,1,1,1,1,1,1,1,1,1,1,1,1,1,1,1,1,1,1,1,1,1,1,1,1,1,1,1,1,1,1,1,1,1,
    1,1,1,1,1,1,1,1,1,1,1,1,1,1,1,1,1,1,1,1,1,1,1,1,1,1,1,1,1,1,1,1,1,1,
    1,1,1,1,1,1,1,1,1,1,1,1,1,1,1,1,1,1,1,1,1,1,1,1,1,1,1,1,1,1,1,1,1,1,
    1,1,1,1,1,1,1,1,1,1,1,1,4),(0.,4.078407677411E-04,1.457980549597E-03
    ,3.204753366262E-03,5.642985368529E-03,8.765465479536E-03,
    1.256297669321E-02,1.702433495068E-02,2.213643470887E-02,
    2.788430025551E-02,3.425114182613E-02,4.121841563833E-02,
    4.876588706683E-02,5.687169632928E-02,6.551242622383E-02,
    7.466317164093E-02,8.429761075195E-02,9.438807794483E-02,
    0.104905638724,0.115820166915,0.1271004246,0.138714145282,
    0.1506281208,0.1628082925,0.175219847173,0.187827318137,
    0.200594691796,0.213485519815,0.22646303689,0.239490283867,
    0.252530235719,0.265545933618,0.278500620098,0.291357876051,
    0.304081758111,0.316636934886,0.328988820492,0.341103703964,
    0.353090161194,0.364812648141,0.376197519167,0.38721480852,
    0.397836016232,0.408034235542,0.417784287292,0.427062868614,
    0.435848726665,0.444122873021,0.451868861729,0.459073165549,
    0.465725703577,0.471820604191,0.477357338614,0.482342444921,
    0.486792194201,0.490736722153,0.49422623504,0.4973393663,
    0.500191267412,0.502933737755,0.505676143618,0.508526386493,
    0.511632585991,0.515105416054,0.519019187057,0.523420263997,
    0.528335467762,0.533778262572,0.539752873742,0.546256953268,
    0.553283311049,0.560821057132,0.568856370053,0.577373023458,
    0.586352753065,0.595775516221,0.605619678387,0.615862149932,
    0.626478489749,0.637442987668,0.648728734495,0.660350032239,
    0.672380507178,0.684646833505,0.697115935464,0.709753854552,
    0.722525869195,0.73539661944,0.748330235365,0.761290467738,
    0.774240819394,0.787144675907,0.799965434253,0.812666628411,
    0.825212051079,0.837565870937,0.849692745131,0.86155792689,
    0.873127368371,0.884367818963,0.89524691945,0.905733292442,
    0.915796629611,0.925407776187,0.934538813214,0.943163137948,
    0.951255542705,0.958792292319,0.965751200209,0.972111702872,
    0.977854932419,0.982963786569,0.987422995334,0.991219183478,
    0.994340927712,0.996778807537,0.998525448648,0.999575557896,1.),
  .UNSPECIFIED.);
#1665 = CARTESIAN_POINT('',(71.923733963437,2.86928243302,
    1.42108547152E-13));
#1666 = CARTESIAN_POINT('',(71.908865351872,2.851511660197,
    1.42108547152E-13));
#1667 = CARTESIAN_POINT('',(71.850433676704,2.809982174272,
    1.136868377216E-13));
#1668 = CARTESIAN_POINT('',(71.683092924033,2.880834863988,
    1.989519660128E-13));
#1669 = CARTESIAN_POINT('',(71.434305336061,2.893783745966,
    8.526512829121E-14));
#1670 = CARTESIAN_POINT('',(71.075460989915,2.959469222397,
    1.42108547152E-13));
#1671 = CARTESIAN_POINT('',(70.620417765374,3.023696018945,
    1.705302565824E-13));
#1672 = CARTESIAN_POINT('',(70.065160793883,3.107832520239,
    1.42108547152E-13));
#1673 = CARTESIAN_POINT('',(69.41321306468,3.202840663636,
    1.705302565824E-13));
#1674 = CARTESIAN_POINT('',(68.665708027889,3.31067477854,
    1.705302565824E-13));
#1675 = CARTESIAN_POINT('',(67.824969626706,3.429348459609,
    1.42108547152E-13));
#1676 = CARTESIAN_POINT('',(66.893278724743,3.558073106416,
    1.136868377216E-13));
#1677 = CARTESIAN_POINT('',(65.873272325359,3.695584068533,
    1.705302565824E-13));
#1678 = CARTESIAN_POINT('',(64.767807029726,3.840697344742,
    1.136868377216E-13));
#1679 = CARTESIAN_POINT('',(63.579992292968,3.99215394581,
    1.705302565824E-13));
#1680 = CARTESIAN_POINT('',(62.313169801129,4.148684339977,
    1.42108547152E-13));
#1681 = CARTESIAN_POINT('',(60.970908458415,4.30900293802,
    8.526512829121E-14));
#1682 = CARTESIAN_POINT('',(59.55699380414,4.471820842084,
    8.526512829121E-14));
#1683 = CARTESIAN_POINT('',(58.075418274062,4.635850153332,
    1.42108547152E-13));
#1684 = CARTESIAN_POINT('',(56.530370443333,4.799807802431,
    1.136868377216E-13));
#1685 = CARTESIAN_POINT('',(54.926223844612,4.962416762318,
    1.705302565824E-13));
#1686 = CARTESIAN_POINT('',(53.267525233257,5.122405634294,
    1.42108547152E-13));
#1687 = CARTESIAN_POINT('',(51.558982378316,5.278506834721,
    1.989519660128E-13));
#1688 = CARTESIAN_POINT('',(49.805451393489,5.429453950098,
    1.136868377216E-13));
#1689 = CARTESIAN_POINT('',(48.011923634351,5.57397881789,
    1.705302565824E-13));
#1690 = CARTESIAN_POINT('',(46.183512177592,5.7108089424,
    1.42108547152E-13));
#1691 = CARTESIAN_POINT('',(44.325437893974,5.838665848507,
    1.42108547152E-13));
#1692 = CARTESIAN_POINT('',(42.443015121599,5.956264942781,
    1.136868377216E-13));
#1693 = CARTESIAN_POINT('',(40.541636942794,6.062317388224,
    1.989519660128E-13));
#1694 = CARTESIAN_POINT('',(38.626760066786,6.155534390909,
    1.42108547152E-13));
#1695 = CARTESIAN_POINT('',(36.703889320135,6.234634222046,
    1.42108547152E-13));
#1696 = CARTESIAN_POINT('',(34.778561754634,6.298351982451,
    1.42108547152E-13));
#1697 = CARTESIAN_POINT('',(32.856330373135,6.345452615896,
    1.42108547152E-13));
#1698 = CARTESIAN_POINT('',(30.942747540641,6.374745073669,
    1.136868377216E-13));
#1699 = CARTESIAN_POINT('',(29.043347944585,6.385104435324,
    1.136868377216E-13));
#1700 = CARTESIAN_POINT('',(27.163631775521,6.375475134231,
    1.705302565824E-13));
#1701 = CARTESIAN_POINT('',(25.309045891936,6.344951606572,
    1.42108547152E-13));
#1702 = CARTESIAN_POINT('',(23.484971456234,6.292580705938,
    1.42108547152E-13));
#1703 = CARTESIAN_POINT('',(21.689729361562,6.217889230712,
    1.136868377216E-13));
#1704 = CARTESIAN_POINT('',(19.926726750665,6.118134664799,
    1.989519660128E-13));
#1705 = CARTESIAN_POINT('',(18.202043883499,5.984222186282,
    1.42108547152E-13));
#1706 = CARTESIAN_POINT('',(16.528073863339,5.819053958071,
    1.136868377216E-13));
#1707 = CARTESIAN_POINT('',(14.912061068608,5.623240758302,
    1.42108547152E-13));
#1708 = CARTESIAN_POINT('',(13.358934950436,5.398150485985,
    1.42108547152E-13));
#1709 = CARTESIAN_POINT('',(11.873404075762,5.145254399904,
    1.136868377216E-13));
#1710 = CARTESIAN_POINT('',(10.459924660001,4.866313796899,
    1.989519660128E-13));
#1711 = CARTESIAN_POINT('',(9.12268280597,4.563303401771,
    1.705302565824E-13));
#1712 = CARTESIAN_POINT('',(7.865575791635,4.23839405619,
    1.42108547152E-13));
#1713 = CARTESIAN_POINT('',(6.692196152742,3.89391329818,
    1.42108547152E-13));
#1714 = CARTESIAN_POINT('',(5.605817375441,3.53230473268,
    1.136868377216E-13));
#1715 = CARTESIAN_POINT('',(4.609380897594,3.156081235021,
    1.42108547152E-13));
#1716 = CARTESIAN_POINT('',(3.705483505356,2.767772918735,
    1.705302565824E-13));
#1717 = CARTESIAN_POINT('',(2.896364016415,2.369867989192,
    8.526512829121E-14));
#1718 = CARTESIAN_POINT('',(2.183888765558,1.964742058992,
    1.989519660128E-13));
#1719 = CARTESIAN_POINT('',(1.569538030086,1.554566647408,
    1.42108547152E-13));
#1720 = CARTESIAN_POINT('',(1.05440911003,1.141177096377,
    1.136868377216E-13));
#1721 = CARTESIAN_POINT('',(0.639282660206,0.725881714489,
    1.42108547152E-13));
#1722 = CARTESIAN_POINT('',(0.324902834158,0.309217518307,
    1.989519660128E-13));
#1723 = CARTESIAN_POINT('',(0.112660845375,-0.109038232414,
    5.684341886081E-14));
#1724 = CARTESIAN_POINT('',(5.631136196037E-03,-0.528910817436,
    1.705302565824E-13));
#1725 = CARTESIAN_POINT('',(7.380026727183E-03,-0.944349941989,
    1.136868377216E-13));
#1726 = CARTESIAN_POINT('',(0.114215306456,-1.345689813296,
    1.705302565824E-13));
#1727 = CARTESIAN_POINT('',(0.326118018748,-1.723025360148,
    1.42108547152E-13));
#1728 = CARTESIAN_POINT('',(0.637327569393,-2.072094174711,
    1.42108547152E-13));
#1729 = CARTESIAN_POINT('',(1.044311892464,-2.394419695445,
    1.136868377216E-13));
#1730 = CARTESIAN_POINT('',(1.545238070296,-2.691408822422,
    1.989519660128E-13));
#1731 = CARTESIAN_POINT('',(2.138756797074,-2.963763472589,
    8.526512829121E-14));
#1732 = CARTESIAN_POINT('',(2.823381482708,-3.211643292087,
    1.705302565824E-13));
#1733 = CARTESIAN_POINT('',(3.597305238556,-3.434950821306,
    8.526512829121E-14));
#1734 = CARTESIAN_POINT('',(4.458398515535,-3.63350695049,
    2.273736754432E-13));
#1735 = CARTESIAN_POINT('',(5.404247642437,-3.807153429588,
    5.684341886081E-14));
#1736 = CARTESIAN_POINT('',(6.432195743917,-3.955811585322,
    1.705302565824E-13));
#1737 = CARTESIAN_POINT('',(7.539376263918,-4.079520030746,
    1.136868377216E-13));
#1738 = CARTESIAN_POINT('',(8.72273913763,-4.178460798512,
    1.705302565824E-13));
#1739 = CARTESIAN_POINT('',(9.979070981582,-4.252978365253,
    1.42108547152E-13));
#1740 = CARTESIAN_POINT('',(11.305010634091,-4.303592745383,
    1.705302565824E-13));
#1741 = CARTESIAN_POINT('',(12.697061069495,-4.331008327262,
    1.42108547152E-13));
#1742 = CARTESIAN_POINT('',(14.151598090434,-4.336113407158,
    1.136868377216E-13));
#1743 = CARTESIAN_POINT('',(15.664877451828,-4.319990432823,
    1.42108547152E-13));
#1744 = CARTESIAN_POINT('',(17.233036418349,-4.283857318413,
    1.42108547152E-13));
#1745 = CARTESIAN_POINT('',(18.85210778105,-4.229253971643,
    1.989519660128E-13));
#1746 = CARTESIAN_POINT('',(20.520063112744,-4.157153211054,
    1.136868377216E-13));
#1747 = CARTESIAN_POINT('',(22.239953490156,-4.070748823432,
    1.136868377216E-13));
#1748 = CARTESIAN_POINT('',(24.007057868095,-3.962622345751,
    1.705302565824E-13));
#1749 = CARTESIAN_POINT('',(25.814545815484,-3.832178199983,
    1.705302565824E-13));
#1750 = CARTESIAN_POINT('',(27.650516922391,-3.681745125961,
    1.42108547152E-13));
#1751 = CARTESIAN_POINT('',(29.509895381512,-3.512725052191,
    1.42108547152E-13));
#1752 = CARTESIAN_POINT('',(31.387547117851,-3.326766837904,
    1.989519660128E-13));
#1753 = CARTESIAN_POINT('',(33.27827716161,-3.125528550057,
    1.136868377216E-13));
#1754 = CARTESIAN_POINT('',(35.176846475119,-2.910711737657,
    1.136868377216E-13));
#1755 = CARTESIAN_POINT('',(37.077984031893,-2.684023455236,
    1.136868377216E-13));
#1756 = CARTESIAN_POINT('',(38.976400753105,-2.447160928125,
    1.989519660128E-13));
#1757 = CARTESIAN_POINT('',(40.866803472845,-2.201793720155,
    1.705302565824E-13));
#1758 = CARTESIAN_POINT('',(42.743909372126,-1.949550685404,
    1.42108547152E-13));
#1759 = CARTESIAN_POINT('',(44.602460687603,-1.692010000287,
    1.136868377216E-13));
#1760 = CARTESIAN_POINT('',(46.437239655876,-1.430692778795,
    1.42108547152E-13));
#1761 = CARTESIAN_POINT('',(48.243083601309,-1.167059973693,
    1.705302565824E-13));
#1762 = CARTESIAN_POINT('',(50.014900082788,-0.902512288528,
    1.705302565824E-13));
#1763 = CARTESIAN_POINT('',(51.74768201074,-0.638392652142,
    1.42108547152E-13));
#1764 = CARTESIAN_POINT('',(53.436522648679,-0.375990717715,
    8.526512829121E-14));
#1765 = CARTESIAN_POINT('',(55.076630418051,-0.116548772936,
    1.989519660128E-13));
#1766 = CARTESIAN_POINT('',(56.663343431364,0.138731588901,
    1.42108547152E-13));
#1767 = CARTESIAN_POINT('',(58.192143687099,0.388682698368,
    8.526512829121E-14));
#1768 = CARTESIAN_POINT('',(59.658670864066,0.632164554274,
    1.705302565824E-13));
#1769 = CARTESIAN_POINT('',(61.058735673344,0.868059707792,
    1.136868377216E-13));
#1770 = CARTESIAN_POINT('',(62.388332687398,1.095269584314,
    1.989519660128E-13));
#1771 = CARTESIAN_POINT('',(63.643652728587,1.312713268906,
    8.526512829121E-14));
#1772 = CARTESIAN_POINT('',(64.821094362912,1.519326779208,
    1.705302565824E-13));
#1773 = CARTESIAN_POINT('',(65.917275889973,1.714070520585,
    1.42108547152E-13));
#1774 = CARTESIAN_POINT('',(66.929043006664,1.895919400734,
    8.526512829121E-14));
#1775 = CARTESIAN_POINT('',(67.853488038268,2.063920207613,
    1.136868377216E-13));
#1776 = CARTESIAN_POINT('',(68.687928528467,2.217038253194,
    1.42108547152E-13));
#1777 = CARTESIAN_POINT('',(69.430013219019,2.35468742226,
    1.136868377216E-13));
#1778 = CARTESIAN_POINT('',(70.077425164157,2.475121003591,
    1.42108547152E-13));
#1779 = CARTESIAN_POINT('',(70.628811986228,2.580358781648,
    1.705302565824E-13));
#1780 = CARTESIAN_POINT('',(71.08109671783,2.661853833345,
    8.526512829121E-14));
#1781 = CARTESIAN_POINT('',(71.436945565936,2.740224244767,
    1.705302565824E-13));
#1782 = CARTESIAN_POINT('',(71.685658656391,2.763530105982,
    1.42108547152E-13));
#1783 = CARTESIAN_POINT('',(71.85008103104,2.83855780692,
    1.989519660128E-13));
#1784 = CARTESIAN_POINT('',(71.911728834121,2.800450121444,
    1.136868377216E-13));
#1785 = CARTESIAN_POINT('',(71.928255790057,2.783000841218,
    1.42108547152E-13));
#1786 = PCURVE('',#33,#1787);
#1787 = DEFINITIONAL_REPRESENTATION('',(#1788),#1792);
#1788 = LINE('',#1789,#1790);
#1789 = CARTESIAN_POINT('',(0.,1.));
#1790 = VECTOR('',#1791,1.);
#1791 = DIRECTION('',(1.,0.));
#1792 = ( GEOMETRIC_REPRESENTATION_CONTEXT(2) 
PARAMETRIC_REPRESENTATION_CONTEXT() REPRESENTATION_CONTEXT('2D SPACE',''
  ) );
#1793 = PCURVE('',#1794,#1799);
#1794 = PLANE('',#1795);
#1795 = AXIS2_PLACEMENT_3D('',#1796,#1797,#1798);
#1796 = CARTESIAN_POINT('',(71.923733963437,2.86928243302,
    1.42108547152E-13));
#1797 = DIRECTION('',(-2.630591557122E-18,8.470493778469E-15,1.));
#1798 = DIRECTION('',(0.99889829199,4.692762789907E-02,
    -3.94872486744E-16));
#1799 = DEFINITIONAL_REPRESENTATION('',(#1800),#1922);
#1800 = B_SPLINE_CURVE_WITH_KNOTS('',3,(#1801,#1802,#1803,#1804,#1805,
    #1806,#1807,#1808,#1809,#1810,#1811,#1812,#1813,#1814,#1815,#1816,
    #1817,#1818,#1819,#1820,#1821,#1822,#1823,#1824,#1825,#1826,#1827,
    #1828,#1829,#1830,#1831,#1832,#1833,#1834,#1835,#1836,#1837,#1838,
    #1839,#1840,#1841,#1842,#1843,#1844,#1845,#1846,#1847,#1848,#1849,
    #1850,#1851,#1852,#1853,#1854,#1855,#1856,#1857,#1858,#1859,#1860,
    #1861,#1862,#1863,#1864,#1865,#1866,#1867,#1868,#1869,#1870,#1871,
    #1872,#1873,#1874,#1875,#1876,#1877,#1878,#1879,#1880,#1881,#1882,
    #1883,#1884,#1885,#1886,#1887,#1888,#1889,#1890,#1891,#1892,#1893,
    #1894,#1895,#1896,#1897,#1898,#1899,#1900,#1901,#1902,#1903,#1904,
    #1905,#1906,#1907,#1908,#1909,#1910,#1911,#1912,#1913,#1914,#1915,
    #1916,#1917,#1918,#1919,#1920,#1921),.UNSPECIFIED.,.F.,.F.,(4,1,1,1,
    1,1,1,1,1,1,1,1,1,1,1,1,1,1,1,1,1,1,1,1,1,1,1,1,1,1,1,1,1,1,1,1,1,1,
    1,1,1,1,1,1,1,1,1,1,1,1,1,1,1,1,1,1,1,1,1,1,1,1,1,1,1,1,1,1,1,1,1,1,
    1,1,1,1,1,1,1,1,1,1,1,1,1,1,1,1,1,1,1,1,1,1,1,1,1,1,1,1,1,1,1,1,1,1,
    1,1,1,1,1,1,1,1,1,1,1,1,4),(0.,4.078407677411E-04,1.457980549597E-03
    ,3.204753366262E-03,5.642985368529E-03,8.765465479536E-03,
    1.256297669321E-02,1.702433495068E-02,2.213643470887E-02,
    2.788430025551E-02,3.425114182613E-02,4.121841563833E-02,
    4.876588706683E-02,5.687169632928E-02,6.551242622383E-02,
    7.466317164093E-02,8.429761075195E-02,9.438807794483E-02,
    0.104905638724,0.115820166915,0.1271004246,0.138714145282,
    0.1506281208,0.1628082925,0.175219847173,0.187827318137,
    0.200594691796,0.213485519815,0.22646303689,0.239490283867,
    0.252530235719,0.265545933618,0.278500620098,0.291357876051,
    0.304081758111,0.316636934886,0.328988820492,0.341103703964,
    0.353090161194,0.364812648141,0.376197519167,0.38721480852,
    0.397836016232,0.408034235542,0.417784287292,0.427062868614,
    0.435848726665,0.444122873021,0.451868861729,0.459073165549,
    0.465725703577,0.471820604191,0.477357338614,0.482342444921,
    0.486792194201,0.490736722153,0.49422623504,0.4973393663,
    0.500191267412,0.502933737755,0.505676143618,0.508526386493,
    0.511632585991,0.515105416054,0.519019187057,0.523420263997,
    0.528335467762,0.533778262572,0.539752873742,0.546256953268,
    0.553283311049,0.560821057132,0.568856370053,0.577373023458,
    0.586352753065,0.595775516221,0.605619678387,0.615862149932,
    0.626478489749,0.637442987668,0.648728734495,0.660350032239,
    0.672380507178,0.684646833505,0.697115935464,0.709753854552,
    0.722525869195,0.73539661944,0.748330235365,0.761290467738,
    0.774240819394,0.787144675907,0.799965434253,0.812666628411,
    0.825212051079,0.837565870937,0.849692745131,0.86155792689,
    0.873127368371,0.884367818963,0.89524691945,0.905733292442,
    0.915796629611,0.925407776187,0.934538813214,0.943163137948,
    0.951255542705,0.958792292319,0.965751200209,0.972111702872,
    0.977854932419,0.982963786569,0.987422995334,0.991219183478,
    0.994340927712,0.996778807537,0.998525448648,0.999575557896,1.),
  .UNSPECIFIED.);
#1801 = CARTESIAN_POINT('',(0.,0.));
#1802 = CARTESIAN_POINT('',(-1.568617091181E-02,-1.705344595016E-02));
#1803 = CARTESIAN_POINT('',(-7.600235169686E-02,-5.579511859738E-02));
#1804 = CARTESIAN_POINT('',(-0.239833795062,2.283241671652E-02));
#1805 = CARTESIAN_POINT('',(-0.48773963144,4.744204416191E-02));
#1806 = CARTESIAN_POINT('',(-0.843106172299,0.129894868326));
#1807 = CARTESIAN_POINT('',(-1.294634060865,0.215405004818));
#1808 = CARTESIAN_POINT('',(-1.845330974877,0.325505704801));
#1809 = CARTESIAN_POINT('',(-2.492101941244,0.451003537411));
#1810 = CARTESIAN_POINT('',(-3.233723046529,0.593797488826));
#1811 = CARTESIAN_POINT('',(-4.067966125134,0.751794285001));
#1812 = CARTESIAN_POINT('',(-4.992589833441,0.924099158798));
#1813 = CARTESIAN_POINT('',(-6.005019420341,1.109325104751));
#1814 = CARTESIAN_POINT('',(-7.102456994174,1.306155372551));
#1815 = CARTESIAN_POINT('',(-8.281855606904,1.513186440647));
#1816 = CARTESIAN_POINT('',(-9.539936830164,1.728993358536));
#1817 = CARTESIAN_POINT('',(-10.87319602128,1.95212447313));
#1818 = CARTESIAN_POINT('',(-12.27791229644,2.181114660181));
#1819 = CARTESIAN_POINT('',(-13.75015805641,2.414490084204));
#1820 = CARTESIAN_POINT('',(-15.28580955202,2.650772529533));
#1821 = CARTESIAN_POINT('',(-16.88055799682,2.888481136507));
#1822 = CARTESIAN_POINT('',(-18.52992130837,3.126132538692));
#1823 = CARTESIAN_POINT('',(-20.22925638892,3.362239624522));
#1824 = CARTESIAN_POINT('',(-21.97377190455,3.595309489818));
#1825 = CARTESIAN_POINT('',(-23.75854151057,3.823841136713));
#1826 = CARTESIAN_POINT('',(-25.57851747861,4.046323526869));
#1827 = CARTESIAN_POINT('',(-27.42854468559,4.261234590588));
#1828 = CARTESIAN_POINT('',(-29.30337493118,4.467041760408));
#1829 = CARTESIAN_POINT('',(-31.19768155672,4.662204534694));
#1830 = CARTESIAN_POINT('',(-33.10607434472,4.845179468969));
#1831 = CARTESIAN_POINT('',(-35.02311468182,5.014427918086));
#1832 = CARTESIAN_POINT('',(-36.94333097517,5.168426535701));
#1833 = CARTESIAN_POINT('',(-38.86123429796,5.305681037008));
#1834 = CARTESIAN_POINT('',(-40.77133429536,5.424741126163));
#1835 = CARTESIAN_POINT('',(-42.6681551674,5.524223392302));
#1836 = CARTESIAN_POINT('',(-44.54625231836,5.602815320825));
#1837 = CARTESIAN_POINT('',(-46.40022738657,5.659356737433));
#1838 = CARTESIAN_POINT('',(-48.22474986699,5.692643020617));
#1839 = CARTESIAN_POINT('',(-50.02151922282,5.702280286596));
#1840 = CARTESIAN_POINT('',(-51.78726076477,5.685369151596));
#1841 = CARTESIAN_POINT('',(-53.51632772997,5.632539481364));
#1842 = CARTESIAN_POINT('',(-55.19620447711,5.546108662533));
#1843 = CARTESIAN_POINT('',(-56.81962594657,5.426346838846));
#1844 = CARTESIAN_POINT('',(-58.3816039258,5.274389074839));
#1845 = CARTESIAN_POINT('',(-59.87736599264,5.091484046521));
#1846 = CARTESIAN_POINT('',(-61.30237818763,4.879181990679));
#1847 = CARTESIAN_POINT('',(-62.65236635067,4.639259012667));
#1848 = CARTESIAN_POINT('',(-63.923335625,4.373700672513));
#1849 = CARTESIAN_POINT('',(-65.11158820698,4.084663354792));
#1850 = CARTESIAN_POINT('',(-66.21373954429,3.774434355364));
#1851 = CARTESIAN_POINT('',(-67.22673351639,3.445385746404));
#1852 = CARTESIAN_POINT('',(-68.14785746581,3.099922992982));
#1853 = CARTESIAN_POINT('',(-68.9747582758,2.74042649679));
#1854 = CARTESIAN_POINT('',(-69.70546018587,2.369181670533));
#1855 = CARTESIAN_POINT('',(-70.3383826453,1.988288175198));
#1856 = CARTESIAN_POINT('',(-70.87234343473,1.599527837028));
#1857 = CARTESIAN_POINT('',(-71.30650136357,1.204170888957));
#1858 = CARTESIAN_POINT('',(-71.6400878972,0.802718834554));
#1859 = CARTESIAN_POINT('',(-71.87172380752,0.394883892618));
#1860 = CARTESIAN_POINT('',(-71.99833922565,-1.950346504759E-02));
#1861 = CARTESIAN_POINT('',(-72.01608783453,-0.434566968274));
#1862 = CARTESIAN_POINT('',(-71.92820418423,-0.840478206483));
#1863 = CARTESIAN_POINT('',(-71.73424238899,-1.227342131373));
#1864 = CARTESIAN_POINT('',(-71.43975667184,-1.590630700019));
#1865 = CARTESIAN_POINT('',(-71.04834669876,-1.931699921019));
#1866 = CARTESIAN_POINT('',(-70.56190939055,-2.251869129974));
#1867 = CARTESIAN_POINT('',(-69.98182550579,-2.551776150802));
#1868 = CARTESIAN_POINT('',(-69.30958748859,-2.831510691615));
#1869 = CARTESIAN_POINT('',(-68.54699566338,-3.090890607178));
#1870 = CARTESIAN_POINT('',(-67.69616882791,-3.329637050372));
#1871 = CARTESIAN_POINT('',(-66.75951056792,-3.547478677629));
#1872 = CARTESIAN_POINT('',(-65.73967113972,-3.744212221488));
#1873 = CARTESIAN_POINT('',(-64.63951575326,-3.919741731786));
#1874 = CARTESIAN_POINT('',(-63.46209965544,-4.074105908323));
#1875 = CARTESIAN_POINT('',(-62.21064885498,-4.207498051754));
#1876 = CARTESIAN_POINT('',(-60.88854521361,-4.320279872246));
#1877 = CARTESIAN_POINT('',(-59.49931495955,-4.412990875008));
#1878 = CARTESIAN_POINT('',(-58.04661998298,-4.486348302681));
#1879 = CARTESIAN_POINT('',(-56.53425120064,-4.541257701934));
#1880 = CARTESIAN_POINT('',(-54.96612424607,-4.578754376133));
#1881 = CARTESIAN_POINT('',(-53.34627422172,-4.600190364758));
#1882 = CARTESIAN_POINT('',(-51.67677297211,-4.606442225314));
#1883 = CARTESIAN_POINT('',(-49.95472265875,-4.600843405756));
#1884 = CARTESIAN_POINT('',(-48.18449099475,-4.575762068588));
#1885 = CARTESIAN_POINT('',(-46.37287293698,-4.530282756007));
#1886 = CARTESIAN_POINT('',(-44.53186506683,-4.466173184246));
#1887 = CARTESIAN_POINT('',(-42.66660338872,-4.384595541699));
#1888 = CARTESIAN_POINT('',(-40.78229369845,-4.286955941073));
#1889 = CARTESIAN_POINT('',(-38.88420305164,-4.174666835011));
#1890 = CARTESIAN_POINT('',(-36.97764456371,-4.049182042299));
#1891 = CARTESIAN_POINT('',(-35.06796356205,-3.911959380024));
#1892 = CARTESIAN_POINT('',(-33.16052294521,-3.764445999746));
#1893 = CARTESIAN_POINT('',(-31.26068839625,-3.608061230206));
#1894 = CARTESIAN_POINT('',(-29.3738133523,-3.444184220796));
#1895 = CARTESIAN_POINT('',(-27.50522384426,-3.274144674879));
#1896 = CARTESIAN_POINT('',(-25.66020326934,-3.099217173363));
#1897 = CARTESIAN_POINT('',(-23.84397717446,-2.920618787349));
#1898 = CARTESIAN_POINT('',(-22.06169812207,-2.739509701037));
#1899 = CARTESIAN_POINT('',(-20.31843070583,-2.556996392915));
#1900 = CARTESIAN_POINT('',(-18.61913677681,-2.374136833839));
#1901 = CARTESIAN_POINT('',(-16.96866093226,-2.191947085444));
#1902 = CARTESIAN_POINT('',(-15.37171631155,-2.011408645898));
#1903 = CARTESIAN_POINT('',(-13.83287073464,-1.833475879103));
#1904 = CARTESIAN_POINT('',(-12.35653321648,-1.659082910773));
#1905 = CARTESIAN_POINT('',(-10.94694086983,-1.48914936524));
#1906 = CARTESIAN_POINT('',(-9.608146262923,-1.32458464159));
#1907 = CARTESIAN_POINT('',(-8.34400510156,-1.166289708235));
#1908 = CARTESIAN_POINT('',(-7.158164782185,-1.01515836858));
#1909 = CARTESIAN_POINT('',(-6.054052065262,-0.872070376755));
#1910 = CARTESIAN_POINT('',(-5.034865883927,-0.737901671747));
#1911 = CARTESIAN_POINT('',(-4.103555441467,-0.613467965158));
#1912 = CARTESIAN_POINT('',(-3.262848794372,-0.499676923783));
#1913 = CARTESIAN_POINT('',(-2.515122115482,-0.397003678137));
#1914 = CARTESIAN_POINT('',(-1.862771766979,-0.307084286305));
#1915 = CARTESIAN_POINT('',(-1.307053852897,-0.227837725167));
#1916 = CARTESIAN_POINT('',(-0.851443037545,-0.167657106809));
#1917 = CARTESIAN_POINT('',(-0.49230849346,-0.10607217903));
#1918 = CARTESIAN_POINT('',(-0.242775723426,-9.446350943187E-02));
#1919 = CARTESIAN_POINT('',(-7.501362219274E-02,-2.723441912816E-02));
#1920 = CARTESIAN_POINT('',(-1.522204027458E-02,-6.819310622597E-02));
#1921 = CARTESIAN_POINT('',(4.678544521255E-04,-8.639873327898E-02));
#1922 = ( GEOMETRIC_REPRESENTATION_CONTEXT(2) 
PARAMETRIC_REPRESENTATION_CONTEXT() REPRESENTATION_CONTEXT('2D SPACE',''
  ) );
#1923 = ORIENTED_EDGE('',*,*,#1924,.F.);
#1924 = EDGE_CURVE('',#1925,#1661,#1927,.T.);
#1925 = VERTEX_POINT('',#1926);
#1926 = CARTESIAN_POINT('',(20.920801140699,-4.142434758239,10.));
#1927 = SURFACE_CURVE('',#1928,(#1934,#1943),.PCURVE_S1.);
#1928 = B_SPLINE_CURVE_WITH_KNOTS('',4,(#1929,#1930,#1931,#1932,#1933),
  .UNSPECIFIED.,.F.,.F.,(5,5),(0.,1.),.PIECEWISE_BEZIER_KNOTS.);
#1929 = CARTESIAN_POINT('',(20.920801140699,-4.142434758239,10.));
#1930 = CARTESIAN_POINT('',(20.920718126645,-4.140850755729,
    7.500000001809));
#1931 = CARTESIAN_POINT('',(20.920635212259,-4.13926865501,
    5.000000002409));
#1932 = CARTESIAN_POINT('',(20.920552397395,-4.137688453261,
    2.500000001805));
#1933 = CARTESIAN_POINT('',(20.920469681905,-4.136110147685,
    1.42108547152E-13));
#1934 = PCURVE('',#33,#1935);
#1935 = DEFINITIONAL_REPRESENTATION('',(#1936),#1942);
#1936 = B_SPLINE_CURVE_WITH_KNOTS('',4,(#1937,#1938,#1939,#1940,#1941),
  .UNSPECIFIED.,.F.,.F.,(5,5),(0.,1.),.PIECEWISE_BEZIER_KNOTS.);
#1937 = CARTESIAN_POINT('',(0.65161959784,0.955555555556));
#1938 = CARTESIAN_POINT('',(0.651602720298,0.966666666659));
#1939 = CARTESIAN_POINT('',(0.651585851145,0.977777777767));
#1940 = CARTESIAN_POINT('',(0.651568990386,0.988888888881));
#1941 = CARTESIAN_POINT('',(0.651552137962,1.));
#1942 = ( GEOMETRIC_REPRESENTATION_CONTEXT(2) 
PARAMETRIC_REPRESENTATION_CONTEXT() REPRESENTATION_CONTEXT('2D SPACE',''
  ) );
#1943 = PCURVE('',#1944,#1949);
#1944 = PLANE('',#1945);
#1945 = AXIS2_PLACEMENT_3D('',#1946,#1947,#1948);
#1946 = CARTESIAN_POINT('',(21.743018868696,-19.83128361323,10.));
#1947 = DIRECTION('',(-0.998629534755,-5.233595624294E-02,-0.));
#1948 = DIRECTION('',(5.233595624294E-02,-0.998629534755,0.));
#1949 = DEFINITIONAL_REPRESENTATION('',(#1950),#1956);
#1950 = B_SPLINE_CURVE_WITH_KNOTS('',4,(#1951,#1952,#1953,#1954,#1955),
  .UNSPECIFIED.,.F.,.F.,(5,5),(0.,1.),.PIECEWISE_BEZIER_KNOTS.);
#1951 = CARTESIAN_POINT('',(-15.71037938393,0.));
#1952 = CARTESIAN_POINT('',(-15.71196556024,-2.499999998191));
#1953 = CARTESIAN_POINT('',(-15.71354983215,-4.999999997591));
#1954 = CARTESIAN_POINT('',(-15.71513220248,-7.499999998195));
#1955 = CARTESIAN_POINT('',(-15.71671267404,-10.));
#1956 = ( GEOMETRIC_REPRESENTATION_CONTEXT(2) 
PARAMETRIC_REPRESENTATION_CONTEXT() REPRESENTATION_CONTEXT('2D SPACE',''
  ) );
#1957 = ORIENTED_EDGE('',*,*,#1958,.T.);
#1958 = EDGE_CURVE('',#1925,#1959,#1961,.T.);
#1959 = VERTEX_POINT('',#1960);
#1960 = CARTESIAN_POINT('',(15.522340889216,-4.313218886648,10.));
#1961 = SURFACE_CURVE('',#1962,(#1981,#2003),.PCURVE_S1.);
#1962 = B_SPLINE_CURVE_WITH_KNOTS('',5,(#1963,#1964,#1965,#1966,#1967,
    #1968,#1969,#1970,#1971,#1972,#1973,#1974,#1975,#1976,#1977,#1978,
    #1979,#1980),.UNSPECIFIED.,.F.,.F.,(6,4,4,4,6),(0.,0.240540516864,
    0.4321711861,0.705929224196,1.),.UNSPECIFIED.);
#1963 = CARTESIAN_POINT('',(20.920801140699,-4.142434758239,10.));
#1964 = CARTESIAN_POINT('',(20.661227623336,-4.154435032406,10.));
#1965 = CARTESIAN_POINT('',(20.40163556099,-4.166033736256,10.));
#1966 = CARTESIAN_POINT('',(20.142030308924,-4.177335742017,10.));
#1967 = CARTESIAN_POINT('',(19.882407960361,-4.188234007043,10.));
#1968 = CARTESIAN_POINT('',(19.415922473779,-4.207064998932,10.));
#1969 = CARTESIAN_POINT('',(19.209065839943,-4.215148868366,10.));
#1970 = CARTESIAN_POINT('',(19.002198124931,-4.222946076167,10.));
#1971 = CARTESIAN_POINT('',(18.795319052348,-4.230439515413,10.));
#1972 = CARTESIAN_POINT('',(18.292870926271,-4.247867102452,10.));
#1973 = CARTESIAN_POINT('',(17.997290519965,-4.257473910131,10.));
#1974 = CARTESIAN_POINT('',(17.701688592139,-4.266404128484,10.));
#1975 = CARTESIAN_POINT('',(17.406066378264,-4.274629468957,10.));
#1976 = CARTESIAN_POINT('',(16.792847289807,-4.290159079511,10.));
#1977 = CARTESIAN_POINT('',(16.475247900961,-4.29734783663,10.));
#1978 = CARTESIAN_POINT('',(16.15762847491,-4.303624881804,10.));
#1979 = CARTESIAN_POINT('',(15.839991597199,-4.308934927904,10.));
#1980 = CARTESIAN_POINT('',(15.522340889216,-4.313218886648,10.));
#1981 = PCURVE('',#33,#1982);
#1982 = DEFINITIONAL_REPRESENTATION('',(#1983),#2002);
#1983 = B_SPLINE_CURVE_WITH_KNOTS('',5,(#1984,#1985,#1986,#1987,#1988,
    #1989,#1990,#1991,#1992,#1993,#1994,#1995,#1996,#1997,#1998,#1999,
    #2000,#2001),.UNSPECIFIED.,.F.,.F.,(6,4,4,4,6),(0.,0.240540516864,
    0.4321711861,0.705929224196,1.),.UNSPECIFIED.);
#1984 = CARTESIAN_POINT('',(0.651619597504,0.955555555556));
#1985 = CARTESIAN_POINT('',(0.649862280459,0.955555555556));
#1986 = CARTESIAN_POINT('',(0.648104966326,0.955555555556));
#1987 = CARTESIAN_POINT('',(0.646347647632,0.955555555556));
#1988 = CARTESIAN_POINT('',(0.644590329562,0.955555555556));
#1989 = CARTESIAN_POINT('',(0.641433007732,0.955555555556));
#1990 = CARTESIAN_POINT('',(0.640033007626,0.955555555556));
#1991 = CARTESIAN_POINT('',(0.638633007823,0.955555555556));
#1992 = CARTESIAN_POINT('',(0.637233008127,0.955555555556));
#1993 = CARTESIAN_POINT('',(0.633833007808,0.955555555556));
#1994 = CARTESIAN_POINT('',(0.631833007908,0.955555555556));
#1995 = CARTESIAN_POINT('',(0.629833007639,0.955555555556));
#1996 = CARTESIAN_POINT('',(0.627833007924,0.955555555556));
#1997 = CARTESIAN_POINT('',(0.623684608487,0.955555555556));
#1998 = CARTESIAN_POINT('',(0.621536211224,0.955555555556));
#1999 = CARTESIAN_POINT('',(0.619387809408,0.955555555556));
#2000 = CARTESIAN_POINT('',(0.617239407517,0.955555555556));
#2001 = CARTESIAN_POINT('',(0.615091010922,0.955555555556));
#2002 = ( GEOMETRIC_REPRESENTATION_CONTEXT(2) 
PARAMETRIC_REPRESENTATION_CONTEXT() REPRESENTATION_CONTEXT('2D SPACE',''
  ) );
#2003 = PCURVE('',#2004,#2009);
#2004 = PLANE('',#2005);
#2005 = AXIS2_PLACEMENT_3D('',#2006,#2007,#2008);
#2006 = CARTESIAN_POINT('',(18.,0.,10.));
#2007 = DIRECTION('',(-0.,-0.,-1.));
#2008 = DIRECTION('',(-0.998629534755,-5.233595624294E-02,0.));
#2009 = DEFINITIONAL_REPRESENTATION('',(#2010),#2029);
#2010 = B_SPLINE_CURVE_WITH_KNOTS('',5,(#2011,#2012,#2013,#2014,#2015,
    #2016,#2017,#2018,#2019,#2020,#2021,#2022,#2023,#2024,#2025,#2026,
    #2027,#2028),.UNSPECIFIED.,.F.,.F.,(6,4,4,4,6),(0.,0.240540516864,
    0.4321711861,0.705929224196,1.),.UNSPECIFIED.);
#2011 = CARTESIAN_POINT('',(-2.7,-4.289620616065));
#2012 = CARTESIAN_POINT('',(-2.440154173298,-4.288019416027));
#2013 = CARTESIAN_POINT('',(-2.180310843594,-4.28601622544));
#2014 = CARTESIAN_POINT('',(-1.920469870224,-4.283716053083));
#2015 = CARTESIAN_POINT('',(-1.660632953946,-4.281011798541));
#2016 = CARTESIAN_POINT('',(-1.193801231543,-4.275403019197));
#2017 = CARTESIAN_POINT('',(-0.986805010497,-4.272649770232));
#2018 = CARTESIAN_POINT('',(-0.779812726173,-4.269609672549));
#2019 = CARTESIAN_POINT('',(-0.572824997861,-4.266265628207));
#2020 = CARTESIAN_POINT('',(-7.015337004496E-02,-4.257373228203));
#2021 = CARTESIAN_POINT('',(0.225524735053,-4.251497386875));
#2022 = CARTESIAN_POINT('',(0.521188922228,-4.244944757115));
#2023 = CARTESIAN_POINT('',(0.816836477191,-4.237687153795));
#2024 = CARTESIAN_POINT('',(1.430027927218,-4.221102074176));
#2025 = CARTESIAN_POINT('',(1.747568287618,-4.211659111636));
#2026 = CARTESIAN_POINT('',(2.065080942446,-4.201304637953));
#2027 = CARTESIAN_POINT('',(2.382560416195,-4.189983577087));
#2028 = CARTESIAN_POINT('',(2.7,-4.177637111261));
#2029 = ( GEOMETRIC_REPRESENTATION_CONTEXT(2) 
PARAMETRIC_REPRESENTATION_CONTEXT() REPRESENTATION_CONTEXT('2D SPACE',''
  ) );
#2030 = ORIENTED_EDGE('',*,*,#2031,.T.);
#2031 = EDGE_CURVE('',#1959,#2032,#2034,.T.);
#2032 = VERTEX_POINT('',#2033);
#2033 = CARTESIAN_POINT('',(15.522650495212,-4.319126520961,
    1.136868377216E-13));
#2034 = SURFACE_CURVE('',#2035,(#2041,#2050),.PCURVE_S1.);
#2035 = B_SPLINE_CURVE_WITH_KNOTS('',4,(#2036,#2037,#2038,#2039,#2040),
  .UNSPECIFIED.,.F.,.F.,(5,5),(0.,1.),.PIECEWISE_BEZIER_KNOTS.);
#2036 = CARTESIAN_POINT('',(15.522340889216,-4.313218886648,10.));
#2037 = CARTESIAN_POINT('',(15.522418150948,-4.314693128306,
    7.499999998421));
#2038 = CARTESIAN_POINT('',(15.52249550578,-4.31616914644,4.999999997893
    ));
#2039 = CARTESIAN_POINT('',(15.52257295383,-4.317646943252,
    2.499999998418));
#2040 = CARTESIAN_POINT('',(15.522650495212,-4.319126520961,
    8.526512829121E-14));
#2041 = PCURVE('',#33,#2042);
#2042 = DEFINITIONAL_REPRESENTATION('',(#2043),#2049);
#2043 = B_SPLINE_CURVE_WITH_KNOTS('',4,(#2044,#2045,#2046,#2047,#2048),
  .UNSPECIFIED.,.F.,.F.,(5,5),(0.,1.),.PIECEWISE_BEZIER_KNOTS.);
#2044 = CARTESIAN_POINT('',(0.615091010917,0.955555555556));
#2045 = CARTESIAN_POINT('',(0.615074561882,0.966666666674));
#2046 = CARTESIAN_POINT('',(0.615058105588,0.977777777787));
#2047 = CARTESIAN_POINT('',(0.615041641974,0.988888888896));
#2048 = CARTESIAN_POINT('',(0.61502517104,1.));
#2049 = ( GEOMETRIC_REPRESENTATION_CONTEXT(2) 
PARAMETRIC_REPRESENTATION_CONTEXT() REPRESENTATION_CONTEXT('2D SPACE',''
  ) );
#2050 = PCURVE('',#2051,#2056);
#2051 = PLANE('',#2052);
#2052 = AXIS2_PLACEMENT_3D('',#2053,#2054,#2055);
#2053 = CARTESIAN_POINT('',(14.256981131304,19.831283613236,10.));
#2054 = DIRECTION('',(0.998629534755,5.233595624294E-02,-0.));
#2055 = DIRECTION('',(-5.233595624294E-02,0.998629534755,0.));
#2056 = DEFINITIONAL_REPRESENTATION('',(#2057),#2063);
#2057 = B_SPLINE_CURVE_WITH_KNOTS('',4,(#2058,#2059,#2060,#2061,#2062),
  .UNSPECIFIED.,.F.,.F.,(5,5),(0.,1.),.PIECEWISE_BEZIER_KNOTS.);
#2058 = CARTESIAN_POINT('',(-24.17763711126,0.));
#2059 = CARTESIAN_POINT('',(-24.17911337608,-2.500000001579));
#2060 = CARTESIAN_POINT('',(-24.18059141983,-5.000000002107));
#2061 = CARTESIAN_POINT('',(-24.18207124469,-7.500000001582));
#2062 = CARTESIAN_POINT('',(-24.18355285289,-10.));
#2063 = ( GEOMETRIC_REPRESENTATION_CONTEXT(2) 
PARAMETRIC_REPRESENTATION_CONTEXT() REPRESENTATION_CONTEXT('2D SPACE',''
  ) );
#2064 = ORIENTED_EDGE('',*,*,#2065,.F.);
#2065 = EDGE_CURVE('',#2066,#2032,#2068,.T.);
#2066 = VERTEX_POINT('',#2067);
#2067 = CARTESIAN_POINT('',(15.00130343321,5.628768030831,
    1.705302565824E-13));
#2068 = SURFACE_CURVE('',#2069,(#2191,#2198),.PCURVE_S1.);
#2069 = B_SPLINE_CURVE_WITH_KNOTS('',3,(#2070,#2071,#2072,#2073,#2074,
    #2075,#2076,#2077,#2078,#2079,#2080,#2081,#2082,#2083,#2084,#2085,
    #2086,#2087,#2088,#2089,#2090,#2091,#2092,#2093,#2094,#2095,#2096,
    #2097,#2098,#2099,#2100,#2101,#2102,#2103,#2104,#2105,#2106,#2107,
    #2108,#2109,#2110,#2111,#2112,#2113,#2114,#2115,#2116,#2117,#2118,
    #2119,#2120,#2121,#2122,#2123,#2124,#2125,#2126,#2127,#2128,#2129,
    #2130,#2131,#2132,#2133,#2134,#2135,#2136,#2137,#2138,#2139,#2140,
    #2141,#2142,#2143,#2144,#2145,#2146,#2147,#2148,#2149,#2150,#2151,
    #2152,#2153,#2154,#2155,#2156,#2157,#2158,#2159,#2160,#2161,#2162,
    #2163,#2164,#2165,#2166,#2167,#2168,#2169,#2170,#2171,#2172,#2173,
    #2174,#2175,#2176,#2177,#2178,#2179,#2180,#2181,#2182,#2183,#2184,
    #2185,#2186,#2187,#2188,#2189,#2190),.UNSPECIFIED.,.F.,.F.,(4,1,1,1,
    1,1,1,1,1,1,1,1,1,1,1,1,1,1,1,1,1,1,1,1,1,1,1,1,1,1,1,1,1,1,1,1,1,1,
    1,1,1,1,1,1,1,1,1,1,1,1,1,1,1,1,1,1,1,1,1,1,1,1,1,1,1,1,1,1,1,1,1,1,
    1,1,1,1,1,1,1,1,1,1,1,1,1,1,1,1,1,1,1,1,1,1,1,1,1,1,1,1,1,1,1,1,1,1,
    1,1,1,1,1,1,1,1,1,1,1,1,4),(0.,4.078407677411E-04,1.457980549597E-03
    ,3.204753366262E-03,5.642985368529E-03,8.765465479536E-03,
    1.256297669321E-02,1.702433495068E-02,2.213643470887E-02,
    2.788430025551E-02,3.425114182613E-02,4.121841563833E-02,
    4.876588706683E-02,5.687169632928E-02,6.551242622383E-02,
    7.466317164093E-02,8.429761075195E-02,9.438807794483E-02,
    0.104905638724,0.115820166915,0.1271004246,0.138714145282,
    0.1506281208,0.1628082925,0.175219847173,0.187827318137,
    0.200594691796,0.213485519815,0.22646303689,0.239490283867,
    0.252530235719,0.265545933618,0.278500620098,0.291357876051,
    0.304081758111,0.316636934886,0.328988820492,0.341103703964,
    0.353090161194,0.364812648141,0.376197519167,0.38721480852,
    0.397836016232,0.408034235542,0.417784287292,0.427062868614,
    0.435848726665,0.444122873021,0.451868861729,0.459073165549,
    0.465725703577,0.471820604191,0.477357338614,0.482342444921,
    0.486792194201,0.490736722153,0.49422623504,0.4973393663,
    0.500191267412,0.502933737755,0.505676143618,0.508526386493,
    0.511632585991,0.515105416054,0.519019187057,0.523420263997,
    0.528335467762,0.533778262572,0.539752873742,0.546256953268,
    0.553283311049,0.560821057132,0.568856370053,0.577373023458,
    0.586352753065,0.595775516221,0.605619678387,0.615862149932,
    0.626478489749,0.637442987668,0.648728734495,0.660350032239,
    0.672380507178,0.684646833505,0.697115935464,0.709753854552,
    0.722525869195,0.73539661944,0.748330235365,0.761290467738,
    0.774240819394,0.787144675907,0.799965434253,0.812666628411,
    0.825212051079,0.837565870937,0.849692745131,0.86155792689,
    0.873127368371,0.884367818963,0.89524691945,0.905733292442,
    0.915796629611,0.925407776187,0.934538813214,0.943163137948,
    0.951255542705,0.958792292319,0.965751200209,0.972111702872,
    0.977854932419,0.982963786569,0.987422995334,0.991219183478,
    0.994340927712,0.996778807537,0.998525448648,0.999575557896,1.),
  .UNSPECIFIED.);
#2070 = CARTESIAN_POINT('',(71.923733963437,2.86928243302,
    1.42108547152E-13));
#2071 = CARTESIAN_POINT('',(71.908865351872,2.851511660197,
    1.42108547152E-13));
#2072 = CARTESIAN_POINT('',(71.850433676704,2.809982174272,
    1.136868377216E-13));
#2073 = CARTESIAN_POINT('',(71.683092924033,2.880834863988,
    1.989519660128E-13));
#2074 = CARTESIAN_POINT('',(71.434305336061,2.893783745966,
    8.526512829121E-14));
#2075 = CARTESIAN_POINT('',(71.075460989915,2.959469222397,
    1.42108547152E-13));
#2076 = CARTESIAN_POINT('',(70.620417765374,3.023696018945,
    1.705302565824E-13));
#2077 = CARTESIAN_POINT('',(70.065160793883,3.107832520239,
    1.42108547152E-13));
#2078 = CARTESIAN_POINT('',(69.41321306468,3.202840663636,
    1.705302565824E-13));
#2079 = CARTESIAN_POINT('',(68.665708027889,3.31067477854,
    1.705302565824E-13));
#2080 = CARTESIAN_POINT('',(67.824969626706,3.429348459609,
    1.42108547152E-13));
#2081 = CARTESIAN_POINT('',(66.893278724743,3.558073106416,
    1.136868377216E-13));
#2082 = CARTESIAN_POINT('',(65.873272325359,3.695584068533,
    1.705302565824E-13));
#2083 = CARTESIAN_POINT('',(64.767807029726,3.840697344742,
    1.136868377216E-13));
#2084 = CARTESIAN_POINT('',(63.579992292968,3.99215394581,
    1.705302565824E-13));
#2085 = CARTESIAN_POINT('',(62.313169801129,4.148684339977,
    1.42108547152E-13));
#2086 = CARTESIAN_POINT('',(60.970908458415,4.30900293802,
    8.526512829121E-14));
#2087 = CARTESIAN_POINT('',(59.55699380414,4.471820842084,
    8.526512829121E-14));
#2088 = CARTESIAN_POINT('',(58.075418274062,4.635850153332,
    1.42108547152E-13));
#2089 = CARTESIAN_POINT('',(56.530370443333,4.799807802431,
    1.136868377216E-13));
#2090 = CARTESIAN_POINT('',(54.926223844612,4.962416762318,
    1.705302565824E-13));
#2091 = CARTESIAN_POINT('',(53.267525233257,5.122405634294,
    1.42108547152E-13));
#2092 = CARTESIAN_POINT('',(51.558982378316,5.278506834721,
    1.989519660128E-13));
#2093 = CARTESIAN_POINT('',(49.805451393489,5.429453950098,
    1.136868377216E-13));
#2094 = CARTESIAN_POINT('',(48.011923634351,5.57397881789,
    1.705302565824E-13));
#2095 = CARTESIAN_POINT('',(46.183512177592,5.7108089424,
    1.42108547152E-13));
#2096 = CARTESIAN_POINT('',(44.325437893974,5.838665848507,
    1.42108547152E-13));
#2097 = CARTESIAN_POINT('',(42.443015121599,5.956264942781,
    1.136868377216E-13));
#2098 = CARTESIAN_POINT('',(40.541636942794,6.062317388224,
    1.989519660128E-13));
#2099 = CARTESIAN_POINT('',(38.626760066786,6.155534390909,
    1.42108547152E-13));
#2100 = CARTESIAN_POINT('',(36.703889320135,6.234634222046,
    1.42108547152E-13));
#2101 = CARTESIAN_POINT('',(34.778561754634,6.298351982451,
    1.42108547152E-13));
#2102 = CARTESIAN_POINT('',(32.856330373135,6.345452615896,
    1.42108547152E-13));
#2103 = CARTESIAN_POINT('',(30.942747540641,6.374745073669,
    1.136868377216E-13));
#2104 = CARTESIAN_POINT('',(29.043347944585,6.385104435324,
    1.136868377216E-13));
#2105 = CARTESIAN_POINT('',(27.163631775521,6.375475134231,
    1.705302565824E-13));
#2106 = CARTESIAN_POINT('',(25.309045891936,6.344951606572,
    1.42108547152E-13));
#2107 = CARTESIAN_POINT('',(23.484971456234,6.292580705938,
    1.42108547152E-13));
#2108 = CARTESIAN_POINT('',(21.689729361562,6.217889230712,
    1.136868377216E-13));
#2109 = CARTESIAN_POINT('',(19.926726750665,6.118134664799,
    1.989519660128E-13));
#2110 = CARTESIAN_POINT('',(18.202043883499,5.984222186282,
    1.42108547152E-13));
#2111 = CARTESIAN_POINT('',(16.528073863339,5.819053958071,
    1.136868377216E-13));
#2112 = CARTESIAN_POINT('',(14.912061068608,5.623240758302,
    1.42108547152E-13));
#2113 = CARTESIAN_POINT('',(13.358934950436,5.398150485985,
    1.42108547152E-13));
#2114 = CARTESIAN_POINT('',(11.873404075762,5.145254399904,
    1.136868377216E-13));
#2115 = CARTESIAN_POINT('',(10.459924660001,4.866313796899,
    1.989519660128E-13));
#2116 = CARTESIAN_POINT('',(9.12268280597,4.563303401771,
    1.705302565824E-13));
#2117 = CARTESIAN_POINT('',(7.865575791635,4.23839405619,
    1.42108547152E-13));
#2118 = CARTESIAN_POINT('',(6.692196152742,3.89391329818,
    1.42108547152E-13));
#2119 = CARTESIAN_POINT('',(5.605817375441,3.53230473268,
    1.136868377216E-13));
#2120 = CARTESIAN_POINT('',(4.609380897594,3.156081235021,
    1.42108547152E-13));
#2121 = CARTESIAN_POINT('',(3.705483505356,2.767772918735,
    1.705302565824E-13));
#2122 = CARTESIAN_POINT('',(2.896364016415,2.369867989192,
    8.526512829121E-14));
#2123 = CARTESIAN_POINT('',(2.183888765558,1.964742058992,
    1.989519660128E-13));
#2124 = CARTESIAN_POINT('',(1.569538030086,1.554566647408,
    1.42108547152E-13));
#2125 = CARTESIAN_POINT('',(1.05440911003,1.141177096377,
    1.136868377216E-13));
#2126 = CARTESIAN_POINT('',(0.639282660206,0.725881714489,
    1.42108547152E-13));
#2127 = CARTESIAN_POINT('',(0.324902834158,0.309217518307,
    1.989519660128E-13));
#2128 = CARTESIAN_POINT('',(0.112660845375,-0.109038232414,
    5.684341886081E-14));
#2129 = CARTESIAN_POINT('',(5.631136196037E-03,-0.528910817436,
    1.705302565824E-13));
#2130 = CARTESIAN_POINT('',(7.380026727183E-03,-0.944349941989,
    1.136868377216E-13));
#2131 = CARTESIAN_POINT('',(0.114215306456,-1.345689813296,
    1.705302565824E-13));
#2132 = CARTESIAN_POINT('',(0.326118018748,-1.723025360148,
    1.42108547152E-13));
#2133 = CARTESIAN_POINT('',(0.637327569393,-2.072094174711,
    1.42108547152E-13));
#2134 = CARTESIAN_POINT('',(1.044311892464,-2.394419695445,
    1.136868377216E-13));
#2135 = CARTESIAN_POINT('',(1.545238070296,-2.691408822422,
    1.989519660128E-13));
#2136 = CARTESIAN_POINT('',(2.138756797074,-2.963763472589,
    8.526512829121E-14));
#2137 = CARTESIAN_POINT('',(2.823381482708,-3.211643292087,
    1.705302565824E-13));
#2138 = CARTESIAN_POINT('',(3.597305238556,-3.434950821306,
    8.526512829121E-14));
#2139 = CARTESIAN_POINT('',(4.458398515535,-3.63350695049,
    2.273736754432E-13));
#2140 = CARTESIAN_POINT('',(5.404247642437,-3.807153429588,
    5.684341886081E-14));
#2141 = CARTESIAN_POINT('',(6.432195743917,-3.955811585322,
    1.705302565824E-13));
#2142 = CARTESIAN_POINT('',(7.539376263918,-4.079520030746,
    1.136868377216E-13));
#2143 = CARTESIAN_POINT('',(8.72273913763,-4.178460798512,
    1.705302565824E-13));
#2144 = CARTESIAN_POINT('',(9.979070981582,-4.252978365253,
    1.42108547152E-13));
#2145 = CARTESIAN_POINT('',(11.305010634091,-4.303592745383,
    1.705302565824E-13));
#2146 = CARTESIAN_POINT('',(12.697061069495,-4.331008327262,
    1.42108547152E-13));
#2147 = CARTESIAN_POINT('',(14.151598090434,-4.336113407158,
    1.136868377216E-13));
#2148 = CARTESIAN_POINT('',(15.664877451828,-4.319990432823,
    1.42108547152E-13));
#2149 = CARTESIAN_POINT('',(17.233036418349,-4.283857318413,
    1.42108547152E-13));
#2150 = CARTESIAN_POINT('',(18.85210778105,-4.229253971643,
    1.989519660128E-13));
#2151 = CARTESIAN_POINT('',(20.520063112744,-4.157153211054,
    1.136868377216E-13));
#2152 = CARTESIAN_POINT('',(22.239953490156,-4.070748823432,
    1.136868377216E-13));
#2153 = CARTESIAN_POINT('',(24.007057868095,-3.962622345751,
    1.705302565824E-13));
#2154 = CARTESIAN_POINT('',(25.814545815484,-3.832178199983,
    1.705302565824E-13));
#2155 = CARTESIAN_POINT('',(27.650516922391,-3.681745125961,
    1.42108547152E-13));
#2156 = CARTESIAN_POINT('',(29.509895381512,-3.512725052191,
    1.42108547152E-13));
#2157 = CARTESIAN_POINT('',(31.387547117851,-3.326766837904,
    1.989519660128E-13));
#2158 = CARTESIAN_POINT('',(33.27827716161,-3.125528550057,
    1.136868377216E-13));
#2159 = CARTESIAN_POINT('',(35.176846475119,-2.910711737657,
    1.136868377216E-13));
#2160 = CARTESIAN_POINT('',(37.077984031893,-2.684023455236,
    1.136868377216E-13));
#2161 = CARTESIAN_POINT('',(38.976400753105,-2.447160928125,
    1.989519660128E-13));
#2162 = CARTESIAN_POINT('',(40.866803472845,-2.201793720155,
    1.705302565824E-13));
#2163 = CARTESIAN_POINT('',(42.743909372126,-1.949550685404,
    1.42108547152E-13));
#2164 = CARTESIAN_POINT('',(44.602460687603,-1.692010000287,
    1.136868377216E-13));
#2165 = CARTESIAN_POINT('',(46.437239655876,-1.430692778795,
    1.42108547152E-13));
#2166 = CARTESIAN_POINT('',(48.243083601309,-1.167059973693,
    1.705302565824E-13));
#2167 = CARTESIAN_POINT('',(50.014900082788,-0.902512288528,
    1.705302565824E-13));
#2168 = CARTESIAN_POINT('',(51.74768201074,-0.638392652142,
    1.42108547152E-13));
#2169 = CARTESIAN_POINT('',(53.436522648679,-0.375990717715,
    8.526512829121E-14));
#2170 = CARTESIAN_POINT('',(55.076630418051,-0.116548772936,
    1.989519660128E-13));
#2171 = CARTESIAN_POINT('',(56.663343431364,0.138731588901,
    1.42108547152E-13));
#2172 = CARTESIAN_POINT('',(58.192143687099,0.388682698368,
    8.526512829121E-14));
#2173 = CARTESIAN_POINT('',(59.658670864066,0.632164554274,
    1.705302565824E-13));
#2174 = CARTESIAN_POINT('',(61.058735673344,0.868059707792,
    1.136868377216E-13));
#2175 = CARTESIAN_POINT('',(62.388332687398,1.095269584314,
    1.989519660128E-13));
#2176 = CARTESIAN_POINT('',(63.643652728587,1.312713268906,
    8.526512829121E-14));
#2177 = CARTESIAN_POINT('',(64.821094362912,1.519326779208,
    1.705302565824E-13));
#2178 = CARTESIAN_POINT('',(65.917275889973,1.714070520585,
    1.42108547152E-13));
#2179 = CARTESIAN_POINT('',(66.929043006664,1.895919400734,
    8.526512829121E-14));
#2180 = CARTESIAN_POINT('',(67.853488038268,2.063920207613,
    1.136868377216E-13));
#2181 = CARTESIAN_POINT('',(68.687928528467,2.217038253194,
    1.42108547152E-13));
#2182 = CARTESIAN_POINT('',(69.430013219019,2.35468742226,
    1.136868377216E-13));
#2183 = CARTESIAN_POINT('',(70.077425164157,2.475121003591,
    1.42108547152E-13));
#2184 = CARTESIAN_POINT('',(70.628811986228,2.580358781648,
    1.705302565824E-13));
#2185 = CARTESIAN_POINT('',(71.08109671783,2.661853833345,
    8.526512829121E-14));
#2186 = CARTESIAN_POINT('',(71.436945565936,2.740224244767,
    1.705302565824E-13));
#2187 = CARTESIAN_POINT('',(71.685658656391,2.763530105982,
    1.42108547152E-13));
#2188 = CARTESIAN_POINT('',(71.85008103104,2.83855780692,
    1.989519660128E-13));
#2189 = CARTESIAN_POINT('',(71.911728834121,2.800450121444,
    1.136868377216E-13));
#2190 = CARTESIAN_POINT('',(71.928255790057,2.783000841218,
    1.42108547152E-13));
#2191 = PCURVE('',#33,#2192);
#2192 = DEFINITIONAL_REPRESENTATION('',(#2193),#2197);
#2193 = LINE('',#2194,#2195);
#2194 = CARTESIAN_POINT('',(0.,1.));
#2195 = VECTOR('',#2196,1.);
#2196 = DIRECTION('',(1.,0.));
#2197 = ( GEOMETRIC_REPRESENTATION_CONTEXT(2) 
PARAMETRIC_REPRESENTATION_CONTEXT() REPRESENTATION_CONTEXT('2D SPACE',''
  ) );
#2198 = PCURVE('',#2199,#2204);
#2199 = PLANE('',#2200);
#2200 = AXIS2_PLACEMENT_3D('',#2201,#2202,#2203);
#2201 = CARTESIAN_POINT('',(71.923733963437,2.86928243302,
    1.42108547152E-13));
#2202 = DIRECTION('',(-2.630591557122E-18,8.470493778469E-15,1.));
#2203 = DIRECTION('',(0.99889829199,4.692762789907E-02,
    -3.94872486744E-16));
#2204 = DEFINITIONAL_REPRESENTATION('',(#2205),#2327);
#2205 = B_SPLINE_CURVE_WITH_KNOTS('',3,(#2206,#2207,#2208,#2209,#2210,
    #2211,#2212,#2213,#2214,#2215,#2216,#2217,#2218,#2219,#2220,#2221,
    #2222,#2223,#2224,#2225,#2226,#2227,#2228,#2229,#2230,#2231,#2232,
    #2233,#2234,#2235,#2236,#2237,#2238,#2239,#2240,#2241,#2242,#2243,
    #2244,#2245,#2246,#2247,#2248,#2249,#2250,#2251,#2252,#2253,#2254,
    #2255,#2256,#2257,#2258,#2259,#2260,#2261,#2262,#2263,#2264,#2265,
    #2266,#2267,#2268,#2269,#2270,#2271,#2272,#2273,#2274,#2275,#2276,
    #2277,#2278,#2279,#2280,#2281,#2282,#2283,#2284,#2285,#2286,#2287,
    #2288,#2289,#2290,#2291,#2292,#2293,#2294,#2295,#2296,#2297,#2298,
    #2299,#2300,#2301,#2302,#2303,#2304,#2305,#2306,#2307,#2308,#2309,
    #2310,#2311,#2312,#2313,#2314,#2315,#2316,#2317,#2318,#2319,#2320,
    #2321,#2322,#2323,#2324,#2325,#2326),.UNSPECIFIED.,.F.,.F.,(4,1,1,1,
    1,1,1,1,1,1,1,1,1,1,1,1,1,1,1,1,1,1,1,1,1,1,1,1,1,1,1,1,1,1,1,1,1,1,
    1,1,1,1,1,1,1,1,1,1,1,1,1,1,1,1,1,1,1,1,1,1,1,1,1,1,1,1,1,1,1,1,1,1,
    1,1,1,1,1,1,1,1,1,1,1,1,1,1,1,1,1,1,1,1,1,1,1,1,1,1,1,1,1,1,1,1,1,1,
    1,1,1,1,1,1,1,1,1,1,1,1,4),(0.,4.078407677411E-04,1.457980549597E-03
    ,3.204753366262E-03,5.642985368529E-03,8.765465479536E-03,
    1.256297669321E-02,1.702433495068E-02,2.213643470887E-02,
    2.788430025551E-02,3.425114182613E-02,4.121841563833E-02,
    4.876588706683E-02,5.687169632928E-02,6.551242622383E-02,
    7.466317164093E-02,8.429761075195E-02,9.438807794483E-02,
    0.104905638724,0.115820166915,0.1271004246,0.138714145282,
    0.1506281208,0.1628082925,0.175219847173,0.187827318137,
    0.200594691796,0.213485519815,0.22646303689,0.239490283867,
    0.252530235719,0.265545933618,0.278500620098,0.291357876051,
    0.304081758111,0.316636934886,0.328988820492,0.341103703964,
    0.353090161194,0.364812648141,0.376197519167,0.38721480852,
    0.397836016232,0.408034235542,0.417784287292,0.427062868614,
    0.435848726665,0.444122873021,0.451868861729,0.459073165549,
    0.465725703577,0.471820604191,0.477357338614,0.482342444921,
    0.486792194201,0.490736722153,0.49422623504,0.4973393663,
    0.500191267412,0.502933737755,0.505676143618,0.508526386493,
    0.511632585991,0.515105416054,0.519019187057,0.523420263997,
    0.528335467762,0.533778262572,0.539752873742,0.546256953268,
    0.553283311049,0.560821057132,0.568856370053,0.577373023458,
    0.586352753065,0.595775516221,0.605619678387,0.615862149932,
    0.626478489749,0.637442987668,0.648728734495,0.660350032239,
    0.672380507178,0.684646833505,0.697115935464,0.709753854552,
    0.722525869195,0.73539661944,0.748330235365,0.761290467738,
    0.774240819394,0.787144675907,0.799965434253,0.812666628411,
    0.825212051079,0.837565870937,0.849692745131,0.86155792689,
    0.873127368371,0.884367818963,0.89524691945,0.905733292442,
    0.915796629611,0.925407776187,0.934538813214,0.943163137948,
    0.951255542705,0.958792292319,0.965751200209,0.972111702872,
    0.977854932419,0.982963786569,0.987422995334,0.991219183478,
    0.994340927712,0.996778807537,0.998525448648,0.999575557896,1.),
  .UNSPECIFIED.);
#2206 = CARTESIAN_POINT('',(0.,0.));
#2207 = CARTESIAN_POINT('',(-1.568617091181E-02,-1.705344595016E-02));
#2208 = CARTESIAN_POINT('',(-7.600235169686E-02,-5.579511859738E-02));
#2209 = CARTESIAN_POINT('',(-0.239833795062,2.283241671652E-02));
#2210 = CARTESIAN_POINT('',(-0.48773963144,4.744204416191E-02));
#2211 = CARTESIAN_POINT('',(-0.843106172299,0.129894868326));
#2212 = CARTESIAN_POINT('',(-1.294634060865,0.215405004818));
#2213 = CARTESIAN_POINT('',(-1.845330974877,0.325505704801));
#2214 = CARTESIAN_POINT('',(-2.492101941244,0.451003537411));
#2215 = CARTESIAN_POINT('',(-3.233723046529,0.593797488826));
#2216 = CARTESIAN_POINT('',(-4.067966125134,0.751794285001));
#2217 = CARTESIAN_POINT('',(-4.992589833441,0.924099158798));
#2218 = CARTESIAN_POINT('',(-6.005019420341,1.109325104751));
#2219 = CARTESIAN_POINT('',(-7.102456994174,1.306155372551));
#2220 = CARTESIAN_POINT('',(-8.281855606904,1.513186440647));
#2221 = CARTESIAN_POINT('',(-9.539936830164,1.728993358536));
#2222 = CARTESIAN_POINT('',(-10.87319602128,1.95212447313));
#2223 = CARTESIAN_POINT('',(-12.27791229644,2.181114660181));
#2224 = CARTESIAN_POINT('',(-13.75015805641,2.414490084204));
#2225 = CARTESIAN_POINT('',(-15.28580955202,2.650772529533));
#2226 = CARTESIAN_POINT('',(-16.88055799682,2.888481136507));
#2227 = CARTESIAN_POINT('',(-18.52992130837,3.126132538692));
#2228 = CARTESIAN_POINT('',(-20.22925638892,3.362239624522));
#2229 = CARTESIAN_POINT('',(-21.97377190455,3.595309489818));
#2230 = CARTESIAN_POINT('',(-23.75854151057,3.823841136713));
#2231 = CARTESIAN_POINT('',(-25.57851747861,4.046323526869));
#2232 = CARTESIAN_POINT('',(-27.42854468559,4.261234590588));
#2233 = CARTESIAN_POINT('',(-29.30337493118,4.467041760408));
#2234 = CARTESIAN_POINT('',(-31.19768155672,4.662204534694));
#2235 = CARTESIAN_POINT('',(-33.10607434472,4.845179468969));
#2236 = CARTESIAN_POINT('',(-35.02311468182,5.014427918086));
#2237 = CARTESIAN_POINT('',(-36.94333097517,5.168426535701));
#2238 = CARTESIAN_POINT('',(-38.86123429796,5.305681037008));
#2239 = CARTESIAN_POINT('',(-40.77133429536,5.424741126163));
#2240 = CARTESIAN_POINT('',(-42.6681551674,5.524223392302));
#2241 = CARTESIAN_POINT('',(-44.54625231836,5.602815320825));
#2242 = CARTESIAN_POINT('',(-46.40022738657,5.659356737433));
#2243 = CARTESIAN_POINT('',(-48.22474986699,5.692643020617));
#2244 = CARTESIAN_POINT('',(-50.02151922282,5.702280286596));
#2245 = CARTESIAN_POINT('',(-51.78726076477,5.685369151596));
#2246 = CARTESIAN_POINT('',(-53.51632772997,5.632539481364));
#2247 = CARTESIAN_POINT('',(-55.19620447711,5.546108662533));
#2248 = CARTESIAN_POINT('',(-56.81962594657,5.426346838846));
#2249 = CARTESIAN_POINT('',(-58.3816039258,5.274389074839));
#2250 = CARTESIAN_POINT('',(-59.87736599264,5.091484046521));
#2251 = CARTESIAN_POINT('',(-61.30237818763,4.879181990679));
#2252 = CARTESIAN_POINT('',(-62.65236635067,4.639259012667));
#2253 = CARTESIAN_POINT('',(-63.923335625,4.373700672513));
#2254 = CARTESIAN_POINT('',(-65.11158820698,4.084663354792));
#2255 = CARTESIAN_POINT('',(-66.21373954429,3.774434355364));
#2256 = CARTESIAN_POINT('',(-67.22673351639,3.445385746404));
#2257 = CARTESIAN_POINT('',(-68.14785746581,3.099922992982));
#2258 = CARTESIAN_POINT('',(-68.9747582758,2.74042649679));
#2259 = CARTESIAN_POINT('',(-69.70546018587,2.369181670533));
#2260 = CARTESIAN_POINT('',(-70.3383826453,1.988288175198));
#2261 = CARTESIAN_POINT('',(-70.87234343473,1.599527837028));
#2262 = CARTESIAN_POINT('',(-71.30650136357,1.204170888957));
#2263 = CARTESIAN_POINT('',(-71.6400878972,0.802718834554));
#2264 = CARTESIAN_POINT('',(-71.87172380752,0.394883892618));
#2265 = CARTESIAN_POINT('',(-71.99833922565,-1.950346504759E-02));
#2266 = CARTESIAN_POINT('',(-72.01608783453,-0.434566968274));
#2267 = CARTESIAN_POINT('',(-71.92820418423,-0.840478206483));
#2268 = CARTESIAN_POINT('',(-71.73424238899,-1.227342131373));
#2269 = CARTESIAN_POINT('',(-71.43975667184,-1.590630700019));
#2270 = CARTESIAN_POINT('',(-71.04834669876,-1.931699921019));
#2271 = CARTESIAN_POINT('',(-70.56190939055,-2.251869129974));
#2272 = CARTESIAN_POINT('',(-69.98182550579,-2.551776150802));
#2273 = CARTESIAN_POINT('',(-69.30958748859,-2.831510691615));
#2274 = CARTESIAN_POINT('',(-68.54699566338,-3.090890607178));
#2275 = CARTESIAN_POINT('',(-67.69616882791,-3.329637050372));
#2276 = CARTESIAN_POINT('',(-66.75951056792,-3.547478677629));
#2277 = CARTESIAN_POINT('',(-65.73967113972,-3.744212221488));
#2278 = CARTESIAN_POINT('',(-64.63951575326,-3.919741731786));
#2279 = CARTESIAN_POINT('',(-63.46209965544,-4.074105908323));
#2280 = CARTESIAN_POINT('',(-62.21064885498,-4.207498051754));
#2281 = CARTESIAN_POINT('',(-60.88854521361,-4.320279872246));
#2282 = CARTESIAN_POINT('',(-59.49931495955,-4.412990875008));
#2283 = CARTESIAN_POINT('',(-58.04661998298,-4.486348302681));
#2284 = CARTESIAN_POINT('',(-56.53425120064,-4.541257701934));
#2285 = CARTESIAN_POINT('',(-54.96612424607,-4.578754376133));
#2286 = CARTESIAN_POINT('',(-53.34627422172,-4.600190364758));
#2287 = CARTESIAN_POINT('',(-51.67677297211,-4.606442225314));
#2288 = CARTESIAN_POINT('',(-49.95472265875,-4.600843405756));
#2289 = CARTESIAN_POINT('',(-48.18449099475,-4.575762068588));
#2290 = CARTESIAN_POINT('',(-46.37287293698,-4.530282756007));
#2291 = CARTESIAN_POINT('',(-44.53186506683,-4.466173184246));
#2292 = CARTESIAN_POINT('',(-42.66660338872,-4.384595541699));
#2293 = CARTESIAN_POINT('',(-40.78229369845,-4.286955941073));
#2294 = CARTESIAN_POINT('',(-38.88420305164,-4.174666835011));
#2295 = CARTESIAN_POINT('',(-36.97764456371,-4.049182042299));
#2296 = CARTESIAN_POINT('',(-35.06796356205,-3.911959380024));
#2297 = CARTESIAN_POINT('',(-33.16052294521,-3.764445999746));
#2298 = CARTESIAN_POINT('',(-31.26068839625,-3.608061230206));
#2299 = CARTESIAN_POINT('',(-29.3738133523,-3.444184220796));
#2300 = CARTESIAN_POINT('',(-27.50522384426,-3.274144674879));
#2301 = CARTESIAN_POINT('',(-25.66020326934,-3.099217173363));
#2302 = CARTESIAN_POINT('',(-23.84397717446,-2.920618787349));
#2303 = CARTESIAN_POINT('',(-22.06169812207,-2.739509701037));
#2304 = CARTESIAN_POINT('',(-20.31843070583,-2.556996392915));
#2305 = CARTESIAN_POINT('',(-18.61913677681,-2.374136833839));
#2306 = CARTESIAN_POINT('',(-16.96866093226,-2.191947085444));
#2307 = CARTESIAN_POINT('',(-15.37171631155,-2.011408645898));
#2308 = CARTESIAN_POINT('',(-13.83287073464,-1.833475879103));
#2309 = CARTESIAN_POINT('',(-12.35653321648,-1.659082910773));
#2310 = CARTESIAN_POINT('',(-10.94694086983,-1.48914936524));
#2311 = CARTESIAN_POINT('',(-9.608146262923,-1.32458464159));
#2312 = CARTESIAN_POINT('',(-8.34400510156,-1.166289708235));
#2313 = CARTESIAN_POINT('',(-7.158164782185,-1.01515836858));
#2314 = CARTESIAN_POINT('',(-6.054052065262,-0.872070376755));
#2315 = CARTESIAN_POINT('',(-5.034865883927,-0.737901671747));
#2316 = CARTESIAN_POINT('',(-4.103555441467,-0.613467965158));
#2317 = CARTESIAN_POINT('',(-3.262848794372,-0.499676923783));
#2318 = CARTESIAN_POINT('',(-2.515122115482,-0.397003678137));
#2319 = CARTESIAN_POINT('',(-1.862771766979,-0.307084286305));
#2320 = CARTESIAN_POINT('',(-1.307053852897,-0.227837725167));
#2321 = CARTESIAN_POINT('',(-0.851443037545,-0.167657106809));
#2322 = CARTESIAN_POINT('',(-0.49230849346,-0.10607217903));
#2323 = CARTESIAN_POINT('',(-0.242775723426,-9.446350943187E-02));
#2324 = CARTESIAN_POINT('',(-7.501362219274E-02,-2.723441912816E-02));
#2325 = CARTESIAN_POINT('',(-1.522204027458E-02,-6.819310622597E-02));
#2326 = CARTESIAN_POINT('',(4.678544521255E-04,-8.639873327898E-02));
#2327 = ( GEOMETRIC_REPRESENTATION_CONTEXT(2) 
PARAMETRIC_REPRESENTATION_CONTEXT() REPRESENTATION_CONTEXT('2D SPACE',''
  ) );
#2328 = ORIENTED_EDGE('',*,*,#2329,.F.);
#2329 = EDGE_CURVE('',#2330,#2066,#2332,.T.);
#2330 = VERTEX_POINT('',#2331);
#2331 = CARTESIAN_POINT('',(15.001029239272,5.633999962843,10.));
#2332 = SURFACE_CURVE('',#2333,(#2339,#2348),.PCURVE_S1.);
#2333 = B_SPLINE_CURVE_WITH_KNOTS('',4,(#2334,#2335,#2336,#2337,#2338),
  .UNSPECIFIED.,.F.,.F.,(5,5),(0.,1.),.PIECEWISE_BEZIER_KNOTS.);
#2334 = CARTESIAN_POINT('',(15.001029239272,5.633999962843,10.));
#2335 = CARTESIAN_POINT('',(15.001097970237,5.632688497906,
    7.500000001828));
#2336 = CARTESIAN_POINT('',(15.001166579496,5.631379355257,
    5.000000002435));
#2337 = CARTESIAN_POINT('',(15.001235067128,5.630072533393,
    2.500000001824));
#2338 = CARTESIAN_POINT('',(15.00130343321,5.628768030831,
    8.526512829121E-14));
#2339 = PCURVE('',#33,#2340);
#2340 = DEFINITIONAL_REPRESENTATION('',(#2341),#2347);
#2341 = B_SPLINE_CURVE_WITH_KNOTS('',4,(#2342,#2343,#2344,#2345,#2346),
  .UNSPECIFIED.,.F.,.F.,(5,5),(0.,1.),.PIECEWISE_BEZIER_KNOTS.);
#2342 = CARTESIAN_POINT('',(0.386570836104,0.955555555556));
#2343 = CARTESIAN_POINT('',(0.38654801622,0.966666666659));
#2344 = CARTESIAN_POINT('',(0.386525201995,0.977777777767));
#2345 = CARTESIAN_POINT('',(0.38650239342,0.988888888881));
#2346 = CARTESIAN_POINT('',(0.386479590441,1.));
#2347 = ( GEOMETRIC_REPRESENTATION_CONTEXT(2) 
PARAMETRIC_REPRESENTATION_CONTEXT() REPRESENTATION_CONTEXT('2D SPACE',''
  ) );
#2348 = PCURVE('',#2051,#2349);
#2349 = DEFINITIONAL_REPRESENTATION('',(#2350),#2356);
#2350 = B_SPLINE_CURVE_WITH_KNOTS('',4,(#2351,#2352,#2353,#2354,#2355),
  .UNSPECIFIED.,.F.,.F.,(5,5),(0.,1.),.PIECEWISE_BEZIER_KNOTS.);
#2351 = CARTESIAN_POINT('',(-14.21676723579,0.));
#2352 = CARTESIAN_POINT('',(-14.21808050051,-2.499999998172));
#2353 = CARTESIAN_POINT('',(-14.21939143975,-4.999999997565));
#2354 = CARTESIAN_POINT('',(-14.22070005503,-7.499999998176));
#2355 = CARTESIAN_POINT('',(-14.22200634782,-10.));
#2356 = ( GEOMETRIC_REPRESENTATION_CONTEXT(2) 
PARAMETRIC_REPRESENTATION_CONTEXT() REPRESENTATION_CONTEXT('2D SPACE',''
  ) );
#2357 = ORIENTED_EDGE('',*,*,#2358,.T.);
#2358 = EDGE_CURVE('',#2330,#2359,#2361,.T.);
#2359 = VERTEX_POINT('',#2360);
#2360 = CARTESIAN_POINT('',(20.382187873715,6.134918610902,10.));
#2361 = SURFACE_CURVE('',#2362,(#2377,#2395),.PCURVE_S1.);
#2362 = B_SPLINE_CURVE_WITH_KNOTS('',5,(#2363,#2364,#2365,#2366,#2367,
    #2368,#2369,#2370,#2371,#2372,#2373,#2374,#2375,#2376),
  .UNSPECIFIED.,.F.,.F.,(6,4,4,6),(0.,0.485228150531,0.731428320529,1.),
  .UNSPECIFIED.);
#2363 = CARTESIAN_POINT('',(15.001029239272,5.633999962843,10.));
#2364 = CARTESIAN_POINT('',(15.521266358124,5.701355370403,10.));
#2365 = CARTESIAN_POINT('',(16.04214480793,5.763756941125,10.));
#2366 = CARTESIAN_POINT('',(16.563574286292,5.821409851983,10.));
#2367 = CARTESIAN_POINT('',(17.085475829002,5.874522549502,10.));
#2368 = CARTESIAN_POINT('',(17.872794920245,5.948059391143,10.));
#2369 = CARTESIAN_POINT('',(18.137912226255,5.971694679052,10.));
#2370 = CARTESIAN_POINT('',(18.403123994409,5.994255035061,10.));
#2371 = CARTESIAN_POINT('',(18.668423610291,6.015744693252,10.));
#2372 = CARTESIAN_POINT('',(19.223302460324,6.058439409221,10.));
#2373 = CARTESIAN_POINT('',(19.512897952565,6.079438001225,10.));
#2374 = CARTESIAN_POINT('',(19.802581103721,6.099197024685,10.));
#2375 = CARTESIAN_POINT('',(20.092350142088,6.117633999992,10.));
#2376 = CARTESIAN_POINT('',(20.382187873715,6.134918610902,10.));
#2377 = PCURVE('',#33,#2378);
#2378 = DEFINITIONAL_REPRESENTATION('',(#2379),#2394);
#2379 = B_SPLINE_CURVE_WITH_KNOTS('',5,(#2380,#2381,#2382,#2383,#2384,
    #2385,#2386,#2387,#2388,#2389,#2390,#2391,#2392,#2393),
  .UNSPECIFIED.,.F.,.F.,(6,4,4,6),(0.,0.485228150531,0.731428320529,1.),
  .UNSPECIFIED.);
#2380 = CARTESIAN_POINT('',(0.3865708361,0.955555555556));
#2381 = CARTESIAN_POINT('',(0.383023279012,0.955555555556));
#2382 = CARTESIAN_POINT('',(0.379475723674,0.955555555556));
#2383 = CARTESIAN_POINT('',(0.3759281544,0.955555555556));
#2384 = CARTESIAN_POINT('',(0.372380574807,0.955555555556));
#2385 = CARTESIAN_POINT('',(0.367033005904,0.955555555556));
#2386 = CARTESIAN_POINT('',(0.365233008386,0.955555555556));
#2387 = CARTESIAN_POINT('',(0.363433009167,0.955555555556));
#2388 = CARTESIAN_POINT('',(0.361633010321,0.955555555556));
#2389 = CARTESIAN_POINT('',(0.357869444193,0.955555555556));
#2390 = CARTESIAN_POINT('',(0.355905873487,0.955555555556));
#2391 = CARTESIAN_POINT('',(0.353942302097,0.955555555556));
#2392 = CARTESIAN_POINT('',(0.351978715929,0.955555555556));
#2393 = CARTESIAN_POINT('',(0.350015132103,0.955555555556));
#2394 = ( GEOMETRIC_REPRESENTATION_CONTEXT(2) 
PARAMETRIC_REPRESENTATION_CONTEXT() REPRESENTATION_CONTEXT('2D SPACE',''
  ) );
#2395 = PCURVE('',#2004,#2396);
#2396 = DEFINITIONAL_REPRESENTATION('',(#2397),#2412);
#2397 = B_SPLINE_CURVE_WITH_KNOTS('',5,(#2398,#2399,#2400,#2401,#2402,
    #2403,#2404,#2405,#2406,#2407,#2408,#2409,#2410,#2411),
  .UNSPECIFIED.,.F.,.F.,(6,4,4,6),(0.,0.485228150531,0.731428320529,1.),
  .UNSPECIFIED.);
#2398 = CARTESIAN_POINT('',(2.7,5.783232764209));
#2399 = CARTESIAN_POINT('',(2.176950738377,5.823268756435));
#2400 = CARTESIAN_POINT('',(1.653520288508,5.858324136216));
#2401 = CARTESIAN_POINT('',(1.129788090905,5.8886085254));
#2402 = CARTESIAN_POINT('',(0.605822092307,5.914334217511));
#2403 = CARTESIAN_POINT('',(-0.184266626411,5.946565181957));
#2404 = CARTESIAN_POINT('',(-0.450257573761,5.9562929108));
#2405 = CARTESIAN_POINT('',(-0.716286596209,5.964942237131));
#2406 = CARTESIAN_POINT('',(-0.982347309998,5.972517735405));
#2407 = CARTESIAN_POINT('',(-1.538700186639,5.986113824534));
#2408 = CARTESIAN_POINT('',(-1.828997779715,5.991927381687));
#2409 = CARTESIAN_POINT('',(-2.119318037567,5.996498481369));
#2410 = CARTESIAN_POINT('',(-2.409654874271,5.99974484973));
#2411 = CARTESIAN_POINT('',(-2.7,6.001836837841));
#2412 = ( GEOMETRIC_REPRESENTATION_CONTEXT(2) 
PARAMETRIC_REPRESENTATION_CONTEXT() REPRESENTATION_CONTEXT('2D SPACE',''
  ) );
#2413 = ORIENTED_EDGE('',*,*,#2414,.T.);
#2414 = EDGE_CURVE('',#2359,#2415,#2417,.T.);
#2415 = VERTEX_POINT('',#2416);
#2416 = CARTESIAN_POINT('',(20.381852973551,6.141308886706,
    1.42108547152E-13));
#2417 = SURFACE_CURVE('',#2418,(#2424,#2433),.PCURVE_S1.);
#2418 = B_SPLINE_CURVE_WITH_KNOTS('',4,(#2419,#2420,#2421,#2422,#2423),
  .UNSPECIFIED.,.F.,.F.,(5,5),(0.,1.),.PIECEWISE_BEZIER_KNOTS.);
#2419 = CARTESIAN_POINT('',(20.382187873715,6.134918610902,10.));
#2420 = CARTESIAN_POINT('',(20.382104348022,6.136512376059,
    7.499999997565));
#2421 = CARTESIAN_POINT('',(20.382020689529,6.138108675202,
    4.999999996749));
#2422 = CARTESIAN_POINT('',(20.381936898088,6.139707511142,
    2.499999997559));
#2423 = CARTESIAN_POINT('',(20.381852973551,6.141308886706,
    1.136868377216E-13));
#2424 = PCURVE('',#33,#2425);
#2425 = DEFINITIONAL_REPRESENTATION('',(#2426),#2432);
#2426 = B_SPLINE_CURVE_WITH_KNOTS('',4,(#2427,#2428,#2429,#2430,#2431),
  .UNSPECIFIED.,.F.,.F.,(5,5),(0.,1.),.PIECEWISE_BEZIER_KNOTS.);
#2427 = CARTESIAN_POINT('',(0.350015131125,0.955555555556));
#2428 = CARTESIAN_POINT('',(0.34999151681,0.966666666677));
#2429 = CARTESIAN_POINT('',(0.349967894013,0.977777777792));
#2430 = CARTESIAN_POINT('',(0.349944262657,0.9888888889));
#2431 = CARTESIAN_POINT('',(0.349920622734,1.));
#2432 = ( GEOMETRIC_REPRESENTATION_CONTEXT(2) 
PARAMETRIC_REPRESENTATION_CONTEXT() REPRESENTATION_CONTEXT('2D SPACE',''
  ) );
#2433 = PCURVE('',#1944,#2434);
#2434 = DEFINITIONAL_REPRESENTATION('',(#2435),#2441);
#2435 = B_SPLINE_CURVE_WITH_KNOTS('',4,(#2436,#2437,#2438,#2439,#2440),
  .UNSPECIFIED.,.F.,.F.,(5,5),(0.,1.),.PIECEWISE_BEZIER_KNOTS.);
#2436 = CARTESIAN_POINT('',(-26.00183683784,0.));
#2437 = CARTESIAN_POINT('',(-26.00343279019,-2.500000002435));
#2438 = CARTESIAN_POINT('',(-26.00503128001,-5.000000003251));
#2439 = CARTESIAN_POINT('',(-26.0066323101,-7.500000002441));
#2440 = CARTESIAN_POINT('',(-26.00823588331,-10.));
#2441 = ( GEOMETRIC_REPRESENTATION_CONTEXT(2) 
PARAMETRIC_REPRESENTATION_CONTEXT() REPRESENTATION_CONTEXT('2D SPACE',''
  ) );
#2442 = ORIENTED_EDGE('',*,*,#2443,.F.);
#2443 = EDGE_CURVE('',#24,#2415,#2444,.T.);
#2444 = SURFACE_CURVE('',#2445,(#2567,#2574),.PCURVE_S1.);
#2445 = B_SPLINE_CURVE_WITH_KNOTS('',3,(#2446,#2447,#2448,#2449,#2450,
    #2451,#2452,#2453,#2454,#2455,#2456,#2457,#2458,#2459,#2460,#2461,
    #2462,#2463,#2464,#2465,#2466,#2467,#2468,#2469,#2470,#2471,#2472,
    #2473,#2474,#2475,#2476,#2477,#2478,#2479,#2480,#2481,#2482,#2483,
    #2484,#2485,#2486,#2487,#2488,#2489,#2490,#2491,#2492,#2493,#2494,
    #2495,#2496,#2497,#2498,#2499,#2500,#2501,#2502,#2503,#2504,#2505,
    #2506,#2507,#2508,#2509,#2510,#2511,#2512,#2513,#2514,#2515,#2516,
    #2517,#2518,#2519,#2520,#2521,#2522,#2523,#2524,#2525,#2526,#2527,
    #2528,#2529,#2530,#2531,#2532,#2533,#2534,#2535,#2536,#2537,#2538,
    #2539,#2540,#2541,#2542,#2543,#2544,#2545,#2546,#2547,#2548,#2549,
    #2550,#2551,#2552,#2553,#2554,#2555,#2556,#2557,#2558,#2559,#2560,
    #2561,#2562,#2563,#2564,#2565,#2566),.UNSPECIFIED.,.F.,.F.,(4,1,1,1,
    1,1,1,1,1,1,1,1,1,1,1,1,1,1,1,1,1,1,1,1,1,1,1,1,1,1,1,1,1,1,1,1,1,1,
    1,1,1,1,1,1,1,1,1,1,1,1,1,1,1,1,1,1,1,1,1,1,1,1,1,1,1,1,1,1,1,1,1,1,
    1,1,1,1,1,1,1,1,1,1,1,1,1,1,1,1,1,1,1,1,1,1,1,1,1,1,1,1,1,1,1,1,1,1,
    1,1,1,1,1,1,1,1,1,1,1,1,4),(0.,4.078407677411E-04,1.457980549597E-03
    ,3.204753366262E-03,5.642985368529E-03,8.765465479536E-03,
    1.256297669321E-02,1.702433495068E-02,2.213643470887E-02,
    2.788430025551E-02,3.425114182613E-02,4.121841563833E-02,
    4.876588706683E-02,5.687169632928E-02,6.551242622383E-02,
    7.466317164093E-02,8.429761075195E-02,9.438807794483E-02,
    0.104905638724,0.115820166915,0.1271004246,0.138714145282,
    0.1506281208,0.1628082925,0.175219847173,0.187827318137,
    0.200594691796,0.213485519815,0.22646303689,0.239490283867,
    0.252530235719,0.265545933618,0.278500620098,0.291357876051,
    0.304081758111,0.316636934886,0.328988820492,0.341103703964,
    0.353090161194,0.364812648141,0.376197519167,0.38721480852,
    0.397836016232,0.408034235542,0.417784287292,0.427062868614,
    0.435848726665,0.444122873021,0.451868861729,0.459073165549,
    0.465725703577,0.471820604191,0.477357338614,0.482342444921,
    0.486792194201,0.490736722153,0.49422623504,0.4973393663,
    0.500191267412,0.502933737755,0.505676143618,0.508526386493,
    0.511632585991,0.515105416054,0.519019187057,0.523420263997,
    0.528335467762,0.533778262572,0.539752873742,0.546256953268,
    0.553283311049,0.560821057132,0.568856370053,0.577373023458,
    0.586352753065,0.595775516221,0.605619678387,0.615862149932,
    0.626478489749,0.637442987668,0.648728734495,0.660350032239,
    0.672380507178,0.684646833505,0.697115935464,0.709753854552,
    0.722525869195,0.73539661944,0.748330235365,0.761290467738,
    0.774240819394,0.787144675907,0.799965434253,0.812666628411,
    0.825212051079,0.837565870937,0.849692745131,0.86155792689,
    0.873127368371,0.884367818963,0.89524691945,0.905733292442,
    0.915796629611,0.925407776187,0.934538813214,0.943163137948,
    0.951255542705,0.958792292319,0.965751200209,0.972111702872,
    0.977854932419,0.982963786569,0.987422995334,0.991219183478,
    0.994340927712,0.996778807537,0.998525448648,0.999575557896,1.),
  .UNSPECIFIED.);
#2446 = CARTESIAN_POINT('',(71.923733963437,2.86928243302,
    1.42108547152E-13));
#2447 = CARTESIAN_POINT('',(71.908865351872,2.851511660197,
    1.42108547152E-13));
#2448 = CARTESIAN_POINT('',(71.850433676704,2.809982174272,
    1.136868377216E-13));
#2449 = CARTESIAN_POINT('',(71.683092924033,2.880834863988,
    1.989519660128E-13));
#2450 = CARTESIAN_POINT('',(71.434305336061,2.893783745966,
    8.526512829121E-14));
#2451 = CARTESIAN_POINT('',(71.075460989915,2.959469222397,
    1.42108547152E-13));
#2452 = CARTESIAN_POINT('',(70.620417765374,3.023696018945,
    1.705302565824E-13));
#2453 = CARTESIAN_POINT('',(70.065160793883,3.107832520239,
    1.42108547152E-13));
#2454 = CARTESIAN_POINT('',(69.41321306468,3.202840663636,
    1.705302565824E-13));
#2455 = CARTESIAN_POINT('',(68.665708027889,3.31067477854,
    1.705302565824E-13));
#2456 = CARTESIAN_POINT('',(67.824969626706,3.429348459609,
    1.42108547152E-13));
#2457 = CARTESIAN_POINT('',(66.893278724743,3.558073106416,
    1.136868377216E-13));
#2458 = CARTESIAN_POINT('',(65.873272325359,3.695584068533,
    1.705302565824E-13));
#2459 = CARTESIAN_POINT('',(64.767807029726,3.840697344742,
    1.136868377216E-13));
#2460 = CARTESIAN_POINT('',(63.579992292968,3.99215394581,
    1.705302565824E-13));
#2461 = CARTESIAN_POINT('',(62.313169801129,4.148684339977,
    1.42108547152E-13));
#2462 = CARTESIAN_POINT('',(60.970908458415,4.30900293802,
    8.526512829121E-14));
#2463 = CARTESIAN_POINT('',(59.55699380414,4.471820842084,
    8.526512829121E-14));
#2464 = CARTESIAN_POINT('',(58.075418274062,4.635850153332,
    1.42108547152E-13));
#2465 = CARTESIAN_POINT('',(56.530370443333,4.799807802431,
    1.136868377216E-13));
#2466 = CARTESIAN_POINT('',(54.926223844612,4.962416762318,
    1.705302565824E-13));
#2467 = CARTESIAN_POINT('',(53.267525233257,5.122405634294,
    1.42108547152E-13));
#2468 = CARTESIAN_POINT('',(51.558982378316,5.278506834721,
    1.989519660128E-13));
#2469 = CARTESIAN_POINT('',(49.805451393489,5.429453950098,
    1.136868377216E-13));
#2470 = CARTESIAN_POINT('',(48.011923634351,5.57397881789,
    1.705302565824E-13));
#2471 = CARTESIAN_POINT('',(46.183512177592,5.7108089424,
    1.42108547152E-13));
#2472 = CARTESIAN_POINT('',(44.325437893974,5.838665848507,
    1.42108547152E-13));
#2473 = CARTESIAN_POINT('',(42.443015121599,5.956264942781,
    1.136868377216E-13));
#2474 = CARTESIAN_POINT('',(40.541636942794,6.062317388224,
    1.989519660128E-13));
#2475 = CARTESIAN_POINT('',(38.626760066786,6.155534390909,
    1.42108547152E-13));
#2476 = CARTESIAN_POINT('',(36.703889320135,6.234634222046,
    1.42108547152E-13));
#2477 = CARTESIAN_POINT('',(34.778561754634,6.298351982451,
    1.42108547152E-13));
#2478 = CARTESIAN_POINT('',(32.856330373135,6.345452615896,
    1.42108547152E-13));
#2479 = CARTESIAN_POINT('',(30.942747540641,6.374745073669,
    1.136868377216E-13));
#2480 = CARTESIAN_POINT('',(29.043347944585,6.385104435324,
    1.136868377216E-13));
#2481 = CARTESIAN_POINT('',(27.163631775521,6.375475134231,
    1.705302565824E-13));
#2482 = CARTESIAN_POINT('',(25.309045891936,6.344951606572,
    1.42108547152E-13));
#2483 = CARTESIAN_POINT('',(23.484971456234,6.292580705938,
    1.42108547152E-13));
#2484 = CARTESIAN_POINT('',(21.689729361562,6.217889230712,
    1.136868377216E-13));
#2485 = CARTESIAN_POINT('',(19.926726750665,6.118134664799,
    1.989519660128E-13));
#2486 = CARTESIAN_POINT('',(18.202043883499,5.984222186282,
    1.42108547152E-13));
#2487 = CARTESIAN_POINT('',(16.528073863339,5.819053958071,
    1.136868377216E-13));
#2488 = CARTESIAN_POINT('',(14.912061068608,5.623240758302,
    1.42108547152E-13));
#2489 = CARTESIAN_POINT('',(13.358934950436,5.398150485985,
    1.42108547152E-13));
#2490 = CARTESIAN_POINT('',(11.873404075762,5.145254399904,
    1.136868377216E-13));
#2491 = CARTESIAN_POINT('',(10.459924660001,4.866313796899,
    1.989519660128E-13));
#2492 = CARTESIAN_POINT('',(9.12268280597,4.563303401771,
    1.705302565824E-13));
#2493 = CARTESIAN_POINT('',(7.865575791635,4.23839405619,
    1.42108547152E-13));
#2494 = CARTESIAN_POINT('',(6.692196152742,3.89391329818,
    1.42108547152E-13));
#2495 = CARTESIAN_POINT('',(5.605817375441,3.53230473268,
    1.136868377216E-13));
#2496 = CARTESIAN_POINT('',(4.609380897594,3.156081235021,
    1.42108547152E-13));
#2497 = CARTESIAN_POINT('',(3.705483505356,2.767772918735,
    1.705302565824E-13));
#2498 = CARTESIAN_POINT('',(2.896364016415,2.369867989192,
    8.526512829121E-14));
#2499 = CARTESIAN_POINT('',(2.183888765558,1.964742058992,
    1.989519660128E-13));
#2500 = CARTESIAN_POINT('',(1.569538030086,1.554566647408,
    1.42108547152E-13));
#2501 = CARTESIAN_POINT('',(1.05440911003,1.141177096377,
    1.136868377216E-13));
#2502 = CARTESIAN_POINT('',(0.639282660206,0.725881714489,
    1.42108547152E-13));
#2503 = CARTESIAN_POINT('',(0.324902834158,0.309217518307,
    1.989519660128E-13));
#2504 = CARTESIAN_POINT('',(0.112660845375,-0.109038232414,
    5.684341886081E-14));
#2505 = CARTESIAN_POINT('',(5.631136196037E-03,-0.528910817436,
    1.705302565824E-13));
#2506 = CARTESIAN_POINT('',(7.380026727183E-03,-0.944349941989,
    1.136868377216E-13));
#2507 = CARTESIAN_POINT('',(0.114215306456,-1.345689813296,
    1.705302565824E-13));
#2508 = CARTESIAN_POINT('',(0.326118018748,-1.723025360148,
    1.42108547152E-13));
#2509 = CARTESIAN_POINT('',(0.637327569393,-2.072094174711,
    1.42108547152E-13));
#2510 = CARTESIAN_POINT('',(1.044311892464,-2.394419695445,
    1.136868377216E-13));
#2511 = CARTESIAN_POINT('',(1.545238070296,-2.691408822422,
    1.989519660128E-13));
#2512 = CARTESIAN_POINT('',(2.138756797074,-2.963763472589,
    8.526512829121E-14));
#2513 = CARTESIAN_POINT('',(2.823381482708,-3.211643292087,
    1.705302565824E-13));
#2514 = CARTESIAN_POINT('',(3.597305238556,-3.434950821306,
    8.526512829121E-14));
#2515 = CARTESIAN_POINT('',(4.458398515535,-3.63350695049,
    2.273736754432E-13));
#2516 = CARTESIAN_POINT('',(5.404247642437,-3.807153429588,
    5.684341886081E-14));
#2517 = CARTESIAN_POINT('',(6.432195743917,-3.955811585322,
    1.705302565824E-13));
#2518 = CARTESIAN_POINT('',(7.539376263918,-4.079520030746,
    1.136868377216E-13));
#2519 = CARTESIAN_POINT('',(8.72273913763,-4.178460798512,
    1.705302565824E-13));
#2520 = CARTESIAN_POINT('',(9.979070981582,-4.252978365253,
    1.42108547152E-13));
#2521 = CARTESIAN_POINT('',(11.305010634091,-4.303592745383,
    1.705302565824E-13));
#2522 = CARTESIAN_POINT('',(12.697061069495,-4.331008327262,
    1.42108547152E-13));
#2523 = CARTESIAN_POINT('',(14.151598090434,-4.336113407158,
    1.136868377216E-13));
#2524 = CARTESIAN_POINT('',(15.664877451828,-4.319990432823,
    1.42108547152E-13));
#2525 = CARTESIAN_POINT('',(17.233036418349,-4.283857318413,
    1.42108547152E-13));
#2526 = CARTESIAN_POINT('',(18.85210778105,-4.229253971643,
    1.989519660128E-13));
#2527 = CARTESIAN_POINT('',(20.520063112744,-4.157153211054,
    1.136868377216E-13));
#2528 = CARTESIAN_POINT('',(22.239953490156,-4.070748823432,
    1.136868377216E-13));
#2529 = CARTESIAN_POINT('',(24.007057868095,-3.962622345751,
    1.705302565824E-13));
#2530 = CARTESIAN_POINT('',(25.814545815484,-3.832178199983,
    1.705302565824E-13));
#2531 = CARTESIAN_POINT('',(27.650516922391,-3.681745125961,
    1.42108547152E-13));
#2532 = CARTESIAN_POINT('',(29.509895381512,-3.512725052191,
    1.42108547152E-13));
#2533 = CARTESIAN_POINT('',(31.387547117851,-3.326766837904,
    1.989519660128E-13));
#2534 = CARTESIAN_POINT('',(33.27827716161,-3.125528550057,
    1.136868377216E-13));
#2535 = CARTESIAN_POINT('',(35.176846475119,-2.910711737657,
    1.136868377216E-13));
#2536 = CARTESIAN_POINT('',(37.077984031893,-2.684023455236,
    1.136868377216E-13));
#2537 = CARTESIAN_POINT('',(38.976400753105,-2.447160928125,
    1.989519660128E-13));
#2538 = CARTESIAN_POINT('',(40.866803472845,-2.201793720155,
    1.705302565824E-13));
#2539 = CARTESIAN_POINT('',(42.743909372126,-1.949550685404,
    1.42108547152E-13));
#2540 = CARTESIAN_POINT('',(44.602460687603,-1.692010000287,
    1.136868377216E-13));
#2541 = CARTESIAN_POINT('',(46.437239655876,-1.430692778795,
    1.42108547152E-13));
#2542 = CARTESIAN_POINT('',(48.243083601309,-1.167059973693,
    1.705302565824E-13));
#2543 = CARTESIAN_POINT('',(50.014900082788,-0.902512288528,
    1.705302565824E-13));
#2544 = CARTESIAN_POINT('',(51.74768201074,-0.638392652142,
    1.42108547152E-13));
#2545 = CARTESIAN_POINT('',(53.436522648679,-0.375990717715,
    8.526512829121E-14));
#2546 = CARTESIAN_POINT('',(55.076630418051,-0.116548772936,
    1.989519660128E-13));
#2547 = CARTESIAN_POINT('',(56.663343431364,0.138731588901,
    1.42108547152E-13));
#2548 = CARTESIAN_POINT('',(58.192143687099,0.388682698368,
    8.526512829121E-14));
#2549 = CARTESIAN_POINT('',(59.658670864066,0.632164554274,
    1.705302565824E-13));
#2550 = CARTESIAN_POINT('',(61.058735673344,0.868059707792,
    1.136868377216E-13));
#2551 = CARTESIAN_POINT('',(62.388332687398,1.095269584314,
    1.989519660128E-13));
#2552 = CARTESIAN_POINT('',(63.643652728587,1.312713268906,
    8.526512829121E-14));
#2553 = CARTESIAN_POINT('',(64.821094362912,1.519326779208,
    1.705302565824E-13));
#2554 = CARTESIAN_POINT('',(65.917275889973,1.714070520585,
    1.42108547152E-13));
#2555 = CARTESIAN_POINT('',(66.929043006664,1.895919400734,
    8.526512829121E-14));
#2556 = CARTESIAN_POINT('',(67.853488038268,2.063920207613,
    1.136868377216E-13));
#2557 = CARTESIAN_POINT('',(68.687928528467,2.217038253194,
    1.42108547152E-13));
#2558 = CARTESIAN_POINT('',(69.430013219019,2.35468742226,
    1.136868377216E-13));
#2559 = CARTESIAN_POINT('',(70.077425164157,2.475121003591,
    1.42108547152E-13));
#2560 = CARTESIAN_POINT('',(70.628811986228,2.580358781648,
    1.705302565824E-13));
#2561 = CARTESIAN_POINT('',(71.08109671783,2.661853833345,
    8.526512829121E-14));
#2562 = CARTESIAN_POINT('',(71.436945565936,2.740224244767,
    1.705302565824E-13));
#2563 = CARTESIAN_POINT('',(71.685658656391,2.763530105982,
    1.42108547152E-13));
#2564 = CARTESIAN_POINT('',(71.85008103104,2.83855780692,
    1.989519660128E-13));
#2565 = CARTESIAN_POINT('',(71.911728834121,2.800450121444,
    1.136868377216E-13));
#2566 = CARTESIAN_POINT('',(71.928255790057,2.783000841218,
    1.42108547152E-13));
#2567 = PCURVE('',#33,#2568);
#2568 = DEFINITIONAL_REPRESENTATION('',(#2569),#2573);
#2569 = LINE('',#2570,#2571);
#2570 = CARTESIAN_POINT('',(0.,1.));
#2571 = VECTOR('',#2572,1.);
#2572 = DIRECTION('',(1.,0.));
#2573 = ( GEOMETRIC_REPRESENTATION_CONTEXT(2) 
PARAMETRIC_REPRESENTATION_CONTEXT() REPRESENTATION_CONTEXT('2D SPACE',''
  ) );
#2574 = PCURVE('',#1794,#2575);
#2575 = DEFINITIONAL_REPRESENTATION('',(#2576),#2698);
#2576 = B_SPLINE_CURVE_WITH_KNOTS('',3,(#2577,#2578,#2579,#2580,#2581,
    #2582,#2583,#2584,#2585,#2586,#2587,#2588,#2589,#2590,#2591,#2592,
    #2593,#2594,#2595,#2596,#2597,#2598,#2599,#2600,#2601,#2602,#2603,
    #2604,#2605,#2606,#2607,#2608,#2609,#2610,#2611,#2612,#2613,#2614,
    #2615,#2616,#2617,#2618,#2619,#2620,#2621,#2622,#2623,#2624,#2625,
    #2626,#2627,#2628,#2629,#2630,#2631,#2632,#2633,#2634,#2635,#2636,
    #2637,#2638,#2639,#2640,#2641,#2642,#2643,#2644,#2645,#2646,#2647,
    #2648,#2649,#2650,#2651,#2652,#2653,#2654,#2655,#2656,#2657,#2658,
    #2659,#2660,#2661,#2662,#2663,#2664,#2665,#2666,#2667,#2668,#2669,
    #2670,#2671,#2672,#2673,#2674,#2675,#2676,#2677,#2678,#2679,#2680,
    #2681,#2682,#2683,#2684,#2685,#2686,#2687,#2688,#2689,#2690,#2691,
    #2692,#2693,#2694,#2695,#2696,#2697),.UNSPECIFIED.,.F.,.F.,(4,1,1,1,
    1,1,1,1,1,1,1,1,1,1,1,1,1,1,1,1,1,1,1,1,1,1,1,1,1,1,1,1,1,1,1,1,1,1,
    1,1,1,1,1,1,1,1,1,1,1,1,1,1,1,1,1,1,1,1,1,1,1,1,1,1,1,1,1,1,1,1,1,1,
    1,1,1,1,1,1,1,1,1,1,1,1,1,1,1,1,1,1,1,1,1,1,1,1,1,1,1,1,1,1,1,1,1,1,
    1,1,1,1,1,1,1,1,1,1,1,1,4),(0.,4.078407677411E-04,1.457980549597E-03
    ,3.204753366262E-03,5.642985368529E-03,8.765465479536E-03,
    1.256297669321E-02,1.702433495068E-02,2.213643470887E-02,
    2.788430025551E-02,3.425114182613E-02,4.121841563833E-02,
    4.876588706683E-02,5.687169632928E-02,6.551242622383E-02,
    7.466317164093E-02,8.429761075195E-02,9.438807794483E-02,
    0.104905638724,0.115820166915,0.1271004246,0.138714145282,
    0.1506281208,0.1628082925,0.175219847173,0.187827318137,
    0.200594691796,0.213485519815,0.22646303689,0.239490283867,
    0.252530235719,0.265545933618,0.278500620098,0.291357876051,
    0.304081758111,0.316636934886,0.328988820492,0.341103703964,
    0.353090161194,0.364812648141,0.376197519167,0.38721480852,
    0.397836016232,0.408034235542,0.417784287292,0.427062868614,
    0.435848726665,0.444122873021,0.451868861729,0.459073165549,
    0.465725703577,0.471820604191,0.477357338614,0.482342444921,
    0.486792194201,0.490736722153,0.49422623504,0.4973393663,
    0.500191267412,0.502933737755,0.505676143618,0.508526386493,
    0.511632585991,0.515105416054,0.519019187057,0.523420263997,
    0.528335467762,0.533778262572,0.539752873742,0.546256953268,
    0.553283311049,0.560821057132,0.568856370053,0.577373023458,
    0.586352753065,0.595775516221,0.605619678387,0.615862149932,
    0.626478489749,0.637442987668,0.648728734495,0.660350032239,
    0.672380507178,0.684646833505,0.697115935464,0.709753854552,
    0.722525869195,0.73539661944,0.748330235365,0.761290467738,
    0.774240819394,0.787144675907,0.799965434253,0.812666628411,
    0.825212051079,0.837565870937,0.849692745131,0.86155792689,
    0.873127368371,0.884367818963,0.89524691945,0.905733292442,
    0.915796629611,0.925407776187,0.934538813214,0.943163137948,
    0.951255542705,0.958792292319,0.965751200209,0.972111702872,
    0.977854932419,0.982963786569,0.987422995334,0.991219183478,
    0.994340927712,0.996778807537,0.998525448648,0.999575557896,1.),
  .UNSPECIFIED.);
#2577 = CARTESIAN_POINT('',(0.,0.));
#2578 = CARTESIAN_POINT('',(-1.568617091181E-02,-1.705344595016E-02));
#2579 = CARTESIAN_POINT('',(-7.600235169686E-02,-5.579511859738E-02));
#2580 = CARTESIAN_POINT('',(-0.239833795062,2.283241671652E-02));
#2581 = CARTESIAN_POINT('',(-0.48773963144,4.744204416191E-02));
#2582 = CARTESIAN_POINT('',(-0.843106172299,0.129894868326));
#2583 = CARTESIAN_POINT('',(-1.294634060865,0.215405004818));
#2584 = CARTESIAN_POINT('',(-1.845330974877,0.325505704801));
#2585 = CARTESIAN_POINT('',(-2.492101941244,0.451003537411));
#2586 = CARTESIAN_POINT('',(-3.233723046529,0.593797488826));
#2587 = CARTESIAN_POINT('',(-4.067966125134,0.751794285001));
#2588 = CARTESIAN_POINT('',(-4.992589833441,0.924099158798));
#2589 = CARTESIAN_POINT('',(-6.005019420341,1.109325104751));
#2590 = CARTESIAN_POINT('',(-7.102456994174,1.306155372551));
#2591 = CARTESIAN_POINT('',(-8.281855606904,1.513186440647));
#2592 = CARTESIAN_POINT('',(-9.539936830164,1.728993358536));
#2593 = CARTESIAN_POINT('',(-10.87319602128,1.95212447313));
#2594 = CARTESIAN_POINT('',(-12.27791229644,2.181114660181));
#2595 = CARTESIAN_POINT('',(-13.75015805641,2.414490084204));
#2596 = CARTESIAN_POINT('',(-15.28580955202,2.650772529533));
#2597 = CARTESIAN_POINT('',(-16.88055799682,2.888481136507));
#2598 = CARTESIAN_POINT('',(-18.52992130837,3.126132538692));
#2599 = CARTESIAN_POINT('',(-20.22925638892,3.362239624522));
#2600 = CARTESIAN_POINT('',(-21.97377190455,3.595309489818));
#2601 = CARTESIAN_POINT('',(-23.75854151057,3.823841136713));
#2602 = CARTESIAN_POINT('',(-25.57851747861,4.046323526869));
#2603 = CARTESIAN_POINT('',(-27.42854468559,4.261234590588));
#2604 = CARTESIAN_POINT('',(-29.30337493118,4.467041760408));
#2605 = CARTESIAN_POINT('',(-31.19768155672,4.662204534694));
#2606 = CARTESIAN_POINT('',(-33.10607434472,4.845179468969));
#2607 = CARTESIAN_POINT('',(-35.02311468182,5.014427918086));
#2608 = CARTESIAN_POINT('',(-36.94333097517,5.168426535701));
#2609 = CARTESIAN_POINT('',(-38.86123429796,5.305681037008));
#2610 = CARTESIAN_POINT('',(-40.77133429536,5.424741126163));
#2611 = CARTESIAN_POINT('',(-42.6681551674,5.524223392302));
#2612 = CARTESIAN_POINT('',(-44.54625231836,5.602815320825));
#2613 = CARTESIAN_POINT('',(-46.40022738657,5.659356737433));
#2614 = CARTESIAN_POINT('',(-48.22474986699,5.692643020617));
#2615 = CARTESIAN_POINT('',(-50.02151922282,5.702280286596));
#2616 = CARTESIAN_POINT('',(-51.78726076477,5.685369151596));
#2617 = CARTESIAN_POINT('',(-53.51632772997,5.632539481364));
#2618 = CARTESIAN_POINT('',(-55.19620447711,5.546108662533));
#2619 = CARTESIAN_POINT('',(-56.81962594657,5.426346838846));
#2620 = CARTESIAN_POINT('',(-58.3816039258,5.274389074839));
#2621 = CARTESIAN_POINT('',(-59.87736599264,5.091484046521));
#2622 = CARTESIAN_POINT('',(-61.30237818763,4.879181990679));
#2623 = CARTESIAN_POINT('',(-62.65236635067,4.639259012667));
#2624 = CARTESIAN_POINT('',(-63.923335625,4.373700672513));
#2625 = CARTESIAN_POINT('',(-65.11158820698,4.084663354792));
#2626 = CARTESIAN_POINT('',(-66.21373954429,3.774434355364));
#2627 = CARTESIAN_POINT('',(-67.22673351639,3.445385746404));
#2628 = CARTESIAN_POINT('',(-68.14785746581,3.099922992982));
#2629 = CARTESIAN_POINT('',(-68.9747582758,2.74042649679));
#2630 = CARTESIAN_POINT('',(-69.70546018587,2.369181670533));
#2631 = CARTESIAN_POINT('',(-70.3383826453,1.988288175198));
#2632 = CARTESIAN_POINT('',(-70.87234343473,1.599527837028));
#2633 = CARTESIAN_POINT('',(-71.30650136357,1.204170888957));
#2634 = CARTESIAN_POINT('',(-71.6400878972,0.802718834554));
#2635 = CARTESIAN_POINT('',(-71.87172380752,0.394883892618));
#2636 = CARTESIAN_POINT('',(-71.99833922565,-1.950346504759E-02));
#2637 = CARTESIAN_POINT('',(-72.01608783453,-0.434566968274));
#2638 = CARTESIAN_POINT('',(-71.92820418423,-0.840478206483));
#2639 = CARTESIAN_POINT('',(-71.73424238899,-1.227342131373));
#2640 = CARTESIAN_POINT('',(-71.43975667184,-1.590630700019));
#2641 = CARTESIAN_POINT('',(-71.04834669876,-1.931699921019));
#2642 = CARTESIAN_POINT('',(-70.56190939055,-2.251869129974));
#2643 = CARTESIAN_POINT('',(-69.98182550579,-2.551776150802));
#2644 = CARTESIAN_POINT('',(-69.30958748859,-2.831510691615));
#2645 = CARTESIAN_POINT('',(-68.54699566338,-3.090890607178));
#2646 = CARTESIAN_POINT('',(-67.69616882791,-3.329637050372));
#2647 = CARTESIAN_POINT('',(-66.75951056792,-3.547478677629));
#2648 = CARTESIAN_POINT('',(-65.73967113972,-3.744212221488));
#2649 = CARTESIAN_POINT('',(-64.63951575326,-3.919741731786));
#2650 = CARTESIAN_POINT('',(-63.46209965544,-4.074105908323));
#2651 = CARTESIAN_POINT('',(-62.21064885498,-4.207498051754));
#2652 = CARTESIAN_POINT('',(-60.88854521361,-4.320279872246));
#2653 = CARTESIAN_POINT('',(-59.49931495955,-4.412990875008));
#2654 = CARTESIAN_POINT('',(-58.04661998298,-4.486348302681));
#2655 = CARTESIAN_POINT('',(-56.53425120064,-4.541257701934));
#2656 = CARTESIAN_POINT('',(-54.96612424607,-4.578754376133));
#2657 = CARTESIAN_POINT('',(-53.34627422172,-4.600190364758));
#2658 = CARTESIAN_POINT('',(-51.67677297211,-4.606442225314));
#2659 = CARTESIAN_POINT('',(-49.95472265875,-4.600843405756));
#2660 = CARTESIAN_POINT('',(-48.18449099475,-4.575762068588));
#2661 = CARTESIAN_POINT('',(-46.37287293698,-4.530282756007));
#2662 = CARTESIAN_POINT('',(-44.53186506683,-4.466173184246));
#2663 = CARTESIAN_POINT('',(-42.66660338872,-4.384595541699));
#2664 = CARTESIAN_POINT('',(-40.78229369845,-4.286955941073));
#2665 = CARTESIAN_POINT('',(-38.88420305164,-4.174666835011));
#2666 = CARTESIAN_POINT('',(-36.97764456371,-4.049182042299));
#2667 = CARTESIAN_POINT('',(-35.06796356205,-3.911959380024));
#2668 = CARTESIAN_POINT('',(-33.16052294521,-3.764445999746));
#2669 = CARTESIAN_POINT('',(-31.26068839625,-3.608061230206));
#2670 = CARTESIAN_POINT('',(-29.3738133523,-3.444184220796));
#2671 = CARTESIAN_POINT('',(-27.50522384426,-3.274144674879));
#2672 = CARTESIAN_POINT('',(-25.66020326934,-3.099217173363));
#2673 = CARTESIAN_POINT('',(-23.84397717446,-2.920618787349));
#2674 = CARTESIAN_POINT('',(-22.06169812207,-2.739509701037));
#2675 = CARTESIAN_POINT('',(-20.31843070583,-2.556996392915));
#2676 = CARTESIAN_POINT('',(-18.61913677681,-2.374136833839));
#2677 = CARTESIAN_POINT('',(-16.96866093226,-2.191947085444));
#2678 = CARTESIAN_POINT('',(-15.37171631155,-2.011408645898));
#2679 = CARTESIAN_POINT('',(-13.83287073464,-1.833475879103));
#2680 = CARTESIAN_POINT('',(-12.35653321648,-1.659082910773));
#2681 = CARTESIAN_POINT('',(-10.94694086983,-1.48914936524));
#2682 = CARTESIAN_POINT('',(-9.608146262923,-1.32458464159));
#2683 = CARTESIAN_POINT('',(-8.34400510156,-1.166289708235));
#2684 = CARTESIAN_POINT('',(-7.158164782185,-1.01515836858));
#2685 = CARTESIAN_POINT('',(-6.054052065262,-0.872070376755));
#2686 = CARTESIAN_POINT('',(-5.034865883927,-0.737901671747));
#2687 = CARTESIAN_POINT('',(-4.103555441467,-0.613467965158));
#2688 = CARTESIAN_POINT('',(-3.262848794372,-0.499676923783));
#2689 = CARTESIAN_POINT('',(-2.515122115482,-0.397003678137));
#2690 = CARTESIAN_POINT('',(-1.862771766979,-0.307084286305));
#2691 = CARTESIAN_POINT('',(-1.307053852897,-0.227837725167));
#2692 = CARTESIAN_POINT('',(-0.851443037545,-0.167657106809));
#2693 = CARTESIAN_POINT('',(-0.49230849346,-0.10607217903));
#2694 = CARTESIAN_POINT('',(-0.242775723426,-9.446350943187E-02));
#2695 = CARTESIAN_POINT('',(-7.501362219274E-02,-2.723441912816E-02));
#2696 = CARTESIAN_POINT('',(-1.522204027458E-02,-6.819310622597E-02));
#2697 = CARTESIAN_POINT('',(4.678544521255E-04,-8.639873327898E-02));
#2698 = ( GEOMETRIC_REPRESENTATION_CONTEXT(2) 
PARAMETRIC_REPRESENTATION_CONTEXT() REPRESENTATION_CONTEXT('2D SPACE',''
  ) );
#2699 = ADVANCED_FACE('',(#2700),#525,.F.);
#2700 = FACE_BOUND('',#2701,.F.);
#2701 = EDGE_LOOP('',(#2702,#2725,#2726,#2749));
#2702 = ORIENTED_EDGE('',*,*,#2703,.T.);
#2703 = EDGE_CURVE('',#1378,#22,#2704,.T.);
#2704 = SURFACE_CURVE('',#2705,(#2710,#2717),.PCURVE_S1.);
#2705 = B_SPLINE_CURVE_WITH_KNOTS('',3,(#2706,#2707,#2708,#2709),
  .UNSPECIFIED.,.F.,.F.,(4,4),(1.,2.),.PIECEWISE_BEZIER_KNOTS.);
#2706 = CARTESIAN_POINT('',(72.,-4.32E-02,225.));
#2707 = CARTESIAN_POINT('',(72.,-1.44E-02,225.));
#2708 = CARTESIAN_POINT('',(72.,1.44E-02,225.));
#2709 = CARTESIAN_POINT('',(72.,4.32E-02,225.));
#2710 = PCURVE('',#525,#2711);
#2711 = DEFINITIONAL_REPRESENTATION('',(#2712),#2716);
#2712 = LINE('',#2713,#2714);
#2713 = CARTESIAN_POINT('',(0.,0.));
#2714 = VECTOR('',#2715,1.);
#2715 = DIRECTION('',(1.,0.));
#2716 = ( GEOMETRIC_REPRESENTATION_CONTEXT(2) 
PARAMETRIC_REPRESENTATION_CONTEXT() REPRESENTATION_CONTEXT('2D SPACE',''
  ) );
#2717 = PCURVE('',#683,#2718);
#2718 = DEFINITIONAL_REPRESENTATION('',(#2719),#2724);
#2719 = B_SPLINE_CURVE_WITH_KNOTS('',3,(#2720,#2721,#2722,#2723),
  .UNSPECIFIED.,.F.,.F.,(4,4),(1.,2.),.PIECEWISE_BEZIER_KNOTS.);
#2720 = CARTESIAN_POINT('',(4.678544521255E-04,-8.639873327898E-02));
#2721 = CARTESIAN_POINT('',(3.119029680789E-04,-5.759915551932E-02));
#2722 = CARTESIAN_POINT('',(1.559514840466E-04,-2.879957775966E-02));
#2723 = CARTESIAN_POINT('',(0.,0.));
#2724 = ( GEOMETRIC_REPRESENTATION_CONTEXT(2) 
PARAMETRIC_REPRESENTATION_CONTEXT() REPRESENTATION_CONTEXT('2D SPACE',''
  ) );
#2725 = ORIENTED_EDGE('',*,*,#21,.T.);
#2726 = ORIENTED_EDGE('',*,*,#2727,.F.);
#2727 = EDGE_CURVE('',#1637,#24,#2728,.T.);
#2728 = SURFACE_CURVE('',#2729,(#2734,#2741),.PCURVE_S1.);
#2729 = B_SPLINE_CURVE_WITH_KNOTS('',3,(#2730,#2731,#2732,#2733),
  .UNSPECIFIED.,.F.,.F.,(4,4),(1.,2.),.PIECEWISE_BEZIER_KNOTS.);
#2730 = CARTESIAN_POINT('',(71.928255790057,2.783000841218,
    1.42108547152E-13));
#2731 = CARTESIAN_POINT('',(71.926748514517,2.811761371819,
    1.42108547152E-13));
#2732 = CARTESIAN_POINT('',(71.925241238977,2.840521902419,
    1.42108547152E-13));
#2733 = CARTESIAN_POINT('',(71.923733963437,2.86928243302,
    1.42108547152E-13));
#2734 = PCURVE('',#525,#2735);
#2735 = DEFINITIONAL_REPRESENTATION('',(#2736),#2740);
#2736 = LINE('',#2737,#2738);
#2737 = CARTESIAN_POINT('',(0.,1.));
#2738 = VECTOR('',#2739,1.);
#2739 = DIRECTION('',(1.,0.));
#2740 = ( GEOMETRIC_REPRESENTATION_CONTEXT(2) 
PARAMETRIC_REPRESENTATION_CONTEXT() REPRESENTATION_CONTEXT('2D SPACE',''
  ) );
#2741 = PCURVE('',#1794,#2742);
#2742 = DEFINITIONAL_REPRESENTATION('',(#2743),#2748);
#2743 = B_SPLINE_CURVE_WITH_KNOTS('',3,(#2744,#2745,#2746,#2747),
  .UNSPECIFIED.,.F.,.F.,(4,4),(1.,2.),.PIECEWISE_BEZIER_KNOTS.);
#2744 = CARTESIAN_POINT('',(4.678544521255E-04,-8.639873327898E-02));
#2745 = CARTESIAN_POINT('',(3.119029680931E-04,-5.759915551932E-02));
#2746 = CARTESIAN_POINT('',(1.559514840466E-04,-2.879957775966E-02));
#2747 = CARTESIAN_POINT('',(0.,0.));
#2748 = ( GEOMETRIC_REPRESENTATION_CONTEXT(2) 
PARAMETRIC_REPRESENTATION_CONTEXT() REPRESENTATION_CONTEXT('2D SPACE',''
  ) );
#2749 = ORIENTED_EDGE('',*,*,#1636,.F.);
#2750 = ADVANCED_FACE('',(#2751,#2777),#1794,.F.);
#2751 = FACE_BOUND('',#2752,.T.);
#2752 = EDGE_LOOP('',(#2753,#2754,#2755,#2756));
#2753 = ORIENTED_EDGE('',*,*,#2443,.F.);
#2754 = ORIENTED_EDGE('',*,*,#2727,.F.);
#2755 = ORIENTED_EDGE('',*,*,#1660,.F.);
#2756 = ORIENTED_EDGE('',*,*,#2757,.T.);
#2757 = EDGE_CURVE('',#1661,#2415,#2758,.T.);
#2758 = SURFACE_CURVE('',#2759,(#2763,#2770),.PCURVE_S1.);
#2759 = LINE('',#2760,#2761);
#2760 = CARTESIAN_POINT('',(21.218528849612,-9.823417867739,
    2.557953848736E-13));
#2761 = VECTOR('',#2762,1.);
#2762 = DIRECTION('',(-5.233595624294E-02,0.998629534755,
    -8.459022935658E-15));
#2763 = PCURVE('',#1794,#2764);
#2764 = DEFINITIONAL_REPRESENTATION('',(#2765),#2769);
#2765 = LINE('',#2766,#2767);
#2766 = CARTESIAN_POINT('',(-51.24498109993,-10.29924165303));
#2767 = VECTOR('',#2768,1.);
#2768 = DIRECTION('',(-5.414982084736E-03,0.999985338877));
#2769 = ( GEOMETRIC_REPRESENTATION_CONTEXT(2) 
PARAMETRIC_REPRESENTATION_CONTEXT() REPRESENTATION_CONTEXT('2D SPACE',''
  ) );
#2770 = PCURVE('',#1944,#2771);
#2771 = DEFINITIONAL_REPRESENTATION('',(#2772),#2776);
#2772 = LINE('',#2773,#2774);
#2773 = CARTESIAN_POINT('',(-10.0216,-10.));
#2774 = VECTOR('',#2775,1.);
#2775 = DIRECTION('',(-1.,-8.459022935658E-15));
#2776 = ( GEOMETRIC_REPRESENTATION_CONTEXT(2) 
PARAMETRIC_REPRESENTATION_CONTEXT() REPRESENTATION_CONTEXT('2D SPACE',''
  ) );
#2777 = FACE_BOUND('',#2778,.T.);
#2778 = EDGE_LOOP('',(#2779));
#2779 = ORIENTED_EDGE('',*,*,#2780,.F.);
#2780 = EDGE_CURVE('',#2781,#2781,#2783,.T.);
#2781 = VERTEX_POINT('',#2782);
#2782 = CARTESIAN_POINT('',(47.819834161357,2.283809866022,
    1.42108547152E-13));
#2783 = SURFACE_CURVE('',#2784,(#2789,#2800),.PCURVE_S1.);
#2784 = CIRCLE('',#2785,1.1);
#2785 = AXIS2_PLACEMENT_3D('',#2786,#2787,#2788);
#2786 = CARTESIAN_POINT('',(46.719834161357,2.283809866022,
    1.42108547152E-13));
#2787 = DIRECTION('',(0.,0.,-1.));
#2788 = DIRECTION('',(1.,-0.,-0.));
#2789 = PCURVE('',#1794,#2790);
#2790 = DEFINITIONAL_REPRESENTATION('',(#2791),#2799);
#2791 = ( BOUNDED_CURVE() B_SPLINE_CURVE(2,(#2792,#2793,#2794,#2795,
#2796,#2797,#2798),.UNSPECIFIED.,.T.,.F.) B_SPLINE_CURVE_WITH_KNOTS((1,2
    ,2,2,2,1),(-2.094395102393,0.,2.094395102393,4.188790204786,
6.28318530718,8.377580409573),.UNSPECIFIED.) CURVE() 
GEOMETRIC_REPRESENTATION_ITEM() RATIONAL_B_SPLINE_CURVE((1.,0.5,1.,0.5,
1.,0.5,1.)) REPRESENTATION_ITEM('') );
#2792 = CARTESIAN_POINT('',(-24.10481918135,0.546311293647));
#2793 = CARTESIAN_POINT('',(-24.19422832073,-1.356845559005));
#2794 = CARTESIAN_POINT('',(-25.79770593282,-0.327836546645));
#2795 = CARTESIAN_POINT('',(-27.40118354492,0.701172465714));
#2796 = CARTESIAN_POINT('',(-25.70829679344,1.575320306006));
#2797 = CARTESIAN_POINT('',(-24.01541004197,2.449468146299));
#2798 = CARTESIAN_POINT('',(-24.10481918135,0.546311293647));
#2799 = ( GEOMETRIC_REPRESENTATION_CONTEXT(2) 
PARAMETRIC_REPRESENTATION_CONTEXT() REPRESENTATION_CONTEXT('2D SPACE',''
  ) );
#2800 = PCURVE('',#2801,#2806);
#2801 = CYLINDRICAL_SURFACE('',#2802,1.1);
#2802 = AXIS2_PLACEMENT_3D('',#2803,#2804,#2805);
#2803 = CARTESIAN_POINT('',(46.719834161357,2.283809866022,20.));
#2804 = DIRECTION('',(-0.,-0.,1.));
#2805 = DIRECTION('',(1.,-0.,-0.));
#2806 = DEFINITIONAL_REPRESENTATION('',(#2807),#2811);
#2807 = LINE('',#2808,#2809);
#2808 = CARTESIAN_POINT('',(6.28318530718,-20.));
#2809 = VECTOR('',#2810,1.);
#2810 = DIRECTION('',(-1.,0.));
#2811 = ( GEOMETRIC_REPRESENTATION_CONTEXT(2) 
PARAMETRIC_REPRESENTATION_CONTEXT() REPRESENTATION_CONTEXT('2D SPACE',''
  ) );
#2812 = ADVANCED_FACE('',(#2813),#1944,.T.);
#2813 = FACE_BOUND('',#2814,.F.);
#2814 = EDGE_LOOP('',(#2815,#2836,#2837,#2838));
#2815 = ORIENTED_EDGE('',*,*,#2816,.F.);
#2816 = EDGE_CURVE('',#1925,#2359,#2817,.T.);
#2817 = SURFACE_CURVE('',#2818,(#2822,#2829),.PCURVE_S1.);
#2818 = LINE('',#2819,#2820);
#2819 = CARTESIAN_POINT('',(21.743018868696,-19.83128361323,10.));
#2820 = VECTOR('',#2821,1.);
#2821 = DIRECTION('',(-5.233595624294E-02,0.998629534755,-0.));
#2822 = PCURVE('',#1944,#2823);
#2823 = DEFINITIONAL_REPRESENTATION('',(#2824),#2828);
#2824 = LINE('',#2825,#2826);
#2825 = CARTESIAN_POINT('',(-0.,0.));
#2826 = VECTOR('',#2827,1.);
#2827 = DIRECTION('',(-1.,0.));
#2828 = ( GEOMETRIC_REPRESENTATION_CONTEXT(2) 
PARAMETRIC_REPRESENTATION_CONTEXT() REPRESENTATION_CONTEXT('2D SPACE',''
  ) );
#2829 = PCURVE('',#2004,#2830);
#2830 = DEFINITIONAL_REPRESENTATION('',(#2831),#2835);
#2831 = LINE('',#2832,#2833);
#2832 = CARTESIAN_POINT('',(-2.7,-20.));
#2833 = VECTOR('',#2834,1.);
#2834 = DIRECTION('',(-0.,1.));
#2835 = ( GEOMETRIC_REPRESENTATION_CONTEXT(2) 
PARAMETRIC_REPRESENTATION_CONTEXT() REPRESENTATION_CONTEXT('2D SPACE',''
  ) );
#2836 = ORIENTED_EDGE('',*,*,#1924,.T.);
#2837 = ORIENTED_EDGE('',*,*,#2757,.T.);
#2838 = ORIENTED_EDGE('',*,*,#2414,.F.);
#2839 = ADVANCED_FACE('',(#2840,#2866),#2004,.T.);
#2840 = FACE_BOUND('',#2841,.F.);
#2841 = EDGE_LOOP('',(#2842,#2863,#2864,#2865));
#2842 = ORIENTED_EDGE('',*,*,#2843,.T.);
#2843 = EDGE_CURVE('',#2330,#1959,#2844,.T.);
#2844 = SURFACE_CURVE('',#2845,(#2849,#2856),.PCURVE_S1.);
#2845 = LINE('',#2846,#2847);
#2846 = CARTESIAN_POINT('',(14.256981131304,19.831283613236,10.));
#2847 = VECTOR('',#2848,1.);
#2848 = DIRECTION('',(5.233595624294E-02,-0.998629534755,-0.));
#2849 = PCURVE('',#2004,#2850);
#2850 = DEFINITIONAL_REPRESENTATION('',(#2851),#2855);
#2851 = LINE('',#2852,#2853);
#2852 = CARTESIAN_POINT('',(2.7,20.));
#2853 = VECTOR('',#2854,1.);
#2854 = DIRECTION('',(-0.,-1.));
#2855 = ( GEOMETRIC_REPRESENTATION_CONTEXT(2) 
PARAMETRIC_REPRESENTATION_CONTEXT() REPRESENTATION_CONTEXT('2D SPACE',''
  ) );
#2856 = PCURVE('',#2051,#2857);
#2857 = DEFINITIONAL_REPRESENTATION('',(#2858),#2862);
#2858 = LINE('',#2859,#2860);
#2859 = CARTESIAN_POINT('',(-0.,0.));
#2860 = VECTOR('',#2861,1.);
#2861 = DIRECTION('',(-1.,0.));
#2862 = ( GEOMETRIC_REPRESENTATION_CONTEXT(2) 
PARAMETRIC_REPRESENTATION_CONTEXT() REPRESENTATION_CONTEXT('2D SPACE',''
  ) );
#2863 = ORIENTED_EDGE('',*,*,#1958,.F.);
#2864 = ORIENTED_EDGE('',*,*,#2816,.T.);
#2865 = ORIENTED_EDGE('',*,*,#2358,.F.);
#2866 = FACE_BOUND('',#2867,.F.);
#2867 = EDGE_LOOP('',(#2868));
#2868 = ORIENTED_EDGE('',*,*,#2869,.T.);
#2869 = EDGE_CURVE('',#2870,#2870,#2872,.T.);
#2870 = VERTEX_POINT('',#2871);
#2871 = CARTESIAN_POINT('',(20.6,0.7776,10.));
#2872 = SURFACE_CURVE('',#2873,(#2878,#2885),.PCURVE_S1.);
#2873 = CIRCLE('',#2874,2.6);
#2874 = AXIS2_PLACEMENT_3D('',#2875,#2876,#2877);
#2875 = CARTESIAN_POINT('',(18.,0.7776,10.));
#2876 = DIRECTION('',(0.,0.,-1.));
#2877 = DIRECTION('',(1.,-0.,-0.));
#2878 = PCURVE('',#2004,#2879);
#2879 = DEFINITIONAL_REPRESENTATION('',(#2880),#2884);
#2880 = CIRCLE('',#2881,2.6);
#2881 = AXIS2_PLACEMENT_2D('',#2882,#2883);
#2882 = CARTESIAN_POINT('',(-4.069643957451E-02,0.776534326225));
#2883 = DIRECTION('',(-0.998629534755,-5.233595624294E-02));
#2884 = ( GEOMETRIC_REPRESENTATION_CONTEXT(2) 
PARAMETRIC_REPRESENTATION_CONTEXT() REPRESENTATION_CONTEXT('2D SPACE',''
  ) );
#2885 = PCURVE('',#2886,#2891);
#2886 = CYLINDRICAL_SURFACE('',#2887,2.6);
#2887 = AXIS2_PLACEMENT_3D('',#2888,#2889,#2890);
#2888 = CARTESIAN_POINT('',(18.,0.7776,226.));
#2889 = DIRECTION('',(-0.,-0.,1.));
#2890 = DIRECTION('',(1.,-0.,-0.));
#2891 = DEFINITIONAL_REPRESENTATION('',(#2892),#2896);
#2892 = LINE('',#2893,#2894);
#2893 = CARTESIAN_POINT('',(6.28318530718,-216.));
#2894 = VECTOR('',#2895,1.);
#2895 = DIRECTION('',(-1.,0.));
#2896 = ( GEOMETRIC_REPRESENTATION_CONTEXT(2) 
PARAMETRIC_REPRESENTATION_CONTEXT() REPRESENTATION_CONTEXT('2D SPACE',''
  ) );
#2897 = ADVANCED_FACE('',(#2898),#2051,.T.);
#2898 = FACE_BOUND('',#2899,.F.);
#2899 = EDGE_LOOP('',(#2900,#2901,#2902,#2923));
#2900 = ORIENTED_EDGE('',*,*,#2843,.F.);
#2901 = ORIENTED_EDGE('',*,*,#2329,.T.);
#2902 = ORIENTED_EDGE('',*,*,#2903,.T.);
#2903 = EDGE_CURVE('',#2066,#2032,#2904,.T.);
#2904 = SURFACE_CURVE('',#2905,(#2909,#2916),.PCURVE_S1.);
#2905 = LINE('',#2906,#2907);
#2906 = CARTESIAN_POINT('',(14.779210237078,9.86655866364,
    8.526512829121E-14));
#2907 = VECTOR('',#2908,1.);
#2908 = DIRECTION('',(5.233595624294E-02,-0.998629534755,
    8.459022935658E-15));
#2909 = PCURVE('',#2051,#2910);
#2910 = DEFINITIONAL_REPRESENTATION('',(#2911),#2915);
#2911 = LINE('',#2912,#2913);
#2912 = CARTESIAN_POINT('',(-9.9784,-10.));
#2913 = VECTOR('',#2914,1.);
#2914 = DIRECTION('',(-1.,8.459022935658E-15));
#2915 = ( GEOMETRIC_REPRESENTATION_CONTEXT(2) 
PARAMETRIC_REPRESENTATION_CONTEXT() REPRESENTATION_CONTEXT('2D SPACE',''
  ) );
#2916 = PCURVE('',#2199,#2917);
#2917 = DEFINITIONAL_REPRESENTATION('',(#2918),#2922);
#2918 = LINE('',#2919,#2920);
#2919 = CARTESIAN_POINT('',(-56.75320157156,9.671224221246));
#2920 = VECTOR('',#2921,1.);
#2921 = DIRECTION('',(5.414982084736E-03,-0.999985338877));
#2922 = ( GEOMETRIC_REPRESENTATION_CONTEXT(2) 
PARAMETRIC_REPRESENTATION_CONTEXT() REPRESENTATION_CONTEXT('2D SPACE',''
  ) );
#2923 = ORIENTED_EDGE('',*,*,#2031,.F.);
#2924 = ADVANCED_FACE('',(#2925),#2199,.F.);
#2925 = FACE_BOUND('',#2926,.T.);
#2926 = EDGE_LOOP('',(#2927,#2928));
#2927 = ORIENTED_EDGE('',*,*,#2065,.F.);
#2928 = ORIENTED_EDGE('',*,*,#2903,.T.);
#2929 = ADVANCED_FACE('',(#2930,#2956),#683,.T.);
#2930 = FACE_BOUND('',#2931,.F.);
#2931 = EDGE_LOOP('',(#2932,#2933,#2934,#2935));
#2932 = ORIENTED_EDGE('',*,*,#549,.F.);
#2933 = ORIENTED_EDGE('',*,*,#2703,.F.);
#2934 = ORIENTED_EDGE('',*,*,#1377,.F.);
#2935 = ORIENTED_EDGE('',*,*,#2936,.T.);
#2936 = EDGE_CURVE('',#1349,#550,#2937,.T.);
#2937 = SURFACE_CURVE('',#2938,(#2942,#2949),.PCURVE_S1.);
#2938 = LINE('',#2939,#2940);
#2939 = CARTESIAN_POINT('',(20.7,-9.9784,225.));
#2940 = VECTOR('',#2941,1.);
#2941 = DIRECTION('',(-0.,1.,-0.));
#2942 = PCURVE('',#683,#2943);
#2943 = DEFINITIONAL_REPRESENTATION('',(#2944),#2948);
#2944 = LINE('',#2945,#2946);
#2945 = CARTESIAN_POINT('',(-51.24498109993,-10.29924165303));
#2946 = VECTOR('',#2947,1.);
#2947 = DIRECTION('',(-5.414982084736E-03,0.999985338877));
#2948 = ( GEOMETRIC_REPRESENTATION_CONTEXT(2) 
PARAMETRIC_REPRESENTATION_CONTEXT() REPRESENTATION_CONTEXT('2D SPACE',''
  ) );
#2949 = PCURVE('',#833,#2950);
#2950 = DEFINITIONAL_REPRESENTATION('',(#2951),#2955);
#2951 = LINE('',#2952,#2953);
#2952 = CARTESIAN_POINT('',(-10.0216,-1.));
#2953 = VECTOR('',#2954,1.);
#2954 = DIRECTION('',(-1.,0.));
#2955 = ( GEOMETRIC_REPRESENTATION_CONTEXT(2) 
PARAMETRIC_REPRESENTATION_CONTEXT() REPRESENTATION_CONTEXT('2D SPACE',''
  ) );
#2956 = FACE_BOUND('',#2957,.F.);
#2957 = EDGE_LOOP('',(#2958));
#2958 = ORIENTED_EDGE('',*,*,#2959,.F.);
#2959 = EDGE_CURVE('',#2960,#2960,#2962,.T.);
#2960 = VERTEX_POINT('',#2961);
#2961 = CARTESIAN_POINT('',(47.9,0.7776,225.));
#2962 = SURFACE_CURVE('',#2963,(#2968,#2979),.PCURVE_S1.);
#2963 = CIRCLE('',#2964,1.1);
#2964 = AXIS2_PLACEMENT_3D('',#2965,#2966,#2967);
#2965 = CARTESIAN_POINT('',(46.8,0.7776,225.));
#2966 = DIRECTION('',(0.,0.,-1.));
#2967 = DIRECTION('',(1.,-0.,-0.));
#2968 = PCURVE('',#683,#2969);
#2969 = DEFINITIONAL_REPRESENTATION('',(#2970),#2978);
#2970 = ( BOUNDED_CURVE() B_SPLINE_CURVE(2,(#2971,#2972,#2973,#2974,
#2975,#2976,#2977),.UNSPECIFIED.,.T.,.F.) B_SPLINE_CURVE_WITH_KNOTS((1,2
    ,2,2,2,1),(-2.094395102393,0.,2.094395102393,4.188790204786,
6.28318530718,8.377580409573),.UNSPECIFIED.) CURVE() 
GEOMETRIC_REPRESENTATION_ITEM() RATIONAL_B_SPLINE_CURVE((1.,0.5,1.,0.5,
1.,0.5,1.)) REPRESENTATION_ITEM('') );
#2971 = CARTESIAN_POINT('',(-24.10362342978,0.603888164629));
#2972 = CARTESIAN_POINT('',(-24.09330650327,-1.301339790506));
#2973 = CARTESIAN_POINT('',(-25.74844077567,-0.357660533378));
#2974 = CARTESIAN_POINT('',(-27.40357504807,0.58601872375));
#2975 = CARTESIAN_POINT('',(-25.75875770217,1.547567421757));
#2976 = CARTESIAN_POINT('',(-24.11394035628,2.509116119764));
#2977 = CARTESIAN_POINT('',(-24.10362342978,0.603888164629));
#2978 = ( GEOMETRIC_REPRESENTATION_CONTEXT(2) 
PARAMETRIC_REPRESENTATION_CONTEXT() REPRESENTATION_CONTEXT('2D SPACE',''
  ) );
#2979 = PCURVE('',#2980,#2985);
#2980 = CYLINDRICAL_SURFACE('',#2981,1.1);
#2981 = AXIS2_PLACEMENT_3D('',#2982,#2983,#2984);
#2982 = CARTESIAN_POINT('',(46.8,0.7776,226.));
#2983 = DIRECTION('',(-0.,-0.,1.));
#2984 = DIRECTION('',(1.,-0.,-0.));
#2985 = DEFINITIONAL_REPRESENTATION('',(#2986),#2990);
#2986 = LINE('',#2987,#2988);
#2987 = CARTESIAN_POINT('',(6.28318530718,-1.));
#2988 = VECTOR('',#2989,1.);
#2989 = DIRECTION('',(-1.,0.));
#2990 = ( GEOMETRIC_REPRESENTATION_CONTEXT(2) 
PARAMETRIC_REPRESENTATION_CONTEXT() REPRESENTATION_CONTEXT('2D SPACE',''
  ) );
#2991 = ADVANCED_FACE('',(#2992),#833,.T.);
#2992 = FACE_BOUND('',#2993,.F.);
#2993 = EDGE_LOOP('',(#2994,#2995,#3016,#3017));
#2994 = ORIENTED_EDGE('',*,*,#1348,.T.);
#2995 = ORIENTED_EDGE('',*,*,#2996,.T.);
#2996 = EDGE_CURVE('',#1257,#814,#2997,.T.);
#2997 = SURFACE_CURVE('',#2998,(#3002,#3009),.PCURVE_S1.);
#2998 = LINE('',#2999,#3000);
#2999 = CARTESIAN_POINT('',(20.7,-20.,215.));
#3000 = VECTOR('',#3001,1.);
#3001 = DIRECTION('',(-0.,1.,-0.));
#3002 = PCURVE('',#833,#3003);
#3003 = DEFINITIONAL_REPRESENTATION('',(#3004),#3008);
#3004 = LINE('',#3005,#3006);
#3005 = CARTESIAN_POINT('',(-0.,-11.));
#3006 = VECTOR('',#3007,1.);
#3007 = DIRECTION('',(-1.,0.));
#3008 = ( GEOMETRIC_REPRESENTATION_CONTEXT(2) 
PARAMETRIC_REPRESENTATION_CONTEXT() REPRESENTATION_CONTEXT('2D SPACE',''
  ) );
#3009 = PCURVE('',#891,#3010);
#3010 = DEFINITIONAL_REPRESENTATION('',(#3011),#3015);
#3011 = LINE('',#3012,#3013);
#3012 = CARTESIAN_POINT('',(-2.7,-20.));
#3013 = VECTOR('',#3014,1.);
#3014 = DIRECTION('',(-0.,1.));
#3015 = ( GEOMETRIC_REPRESENTATION_CONTEXT(2) 
PARAMETRIC_REPRESENTATION_CONTEXT() REPRESENTATION_CONTEXT('2D SPACE',''
  ) );
#3016 = ORIENTED_EDGE('',*,*,#813,.F.);
#3017 = ORIENTED_EDGE('',*,*,#2936,.F.);
#3018 = ADVANCED_FACE('',(#3019,#3045),#891,.F.);
#3019 = FACE_BOUND('',#3020,.T.);
#3020 = EDGE_LOOP('',(#3021,#3042,#3043,#3044));
#3021 = ORIENTED_EDGE('',*,*,#3022,.T.);
#3022 = EDGE_CURVE('',#848,#1222,#3023,.T.);
#3023 = SURFACE_CURVE('',#3024,(#3028,#3035),.PCURVE_S1.);
#3024 = LINE('',#3025,#3026);
#3025 = CARTESIAN_POINT('',(15.3,20.,215.));
#3026 = VECTOR('',#3027,1.);
#3027 = DIRECTION('',(-0.,-1.,-0.));
#3028 = PCURVE('',#891,#3029);
#3029 = DEFINITIONAL_REPRESENTATION('',(#3030),#3034);
#3030 = LINE('',#3031,#3032);
#3031 = CARTESIAN_POINT('',(2.7,20.));
#3032 = VECTOR('',#3033,1.);
#3033 = DIRECTION('',(-0.,-1.));
#3034 = ( GEOMETRIC_REPRESENTATION_CONTEXT(2) 
PARAMETRIC_REPRESENTATION_CONTEXT() REPRESENTATION_CONTEXT('2D SPACE',''
  ) );
#3035 = PCURVE('',#941,#3036);
#3036 = DEFINITIONAL_REPRESENTATION('',(#3037),#3041);
#3037 = LINE('',#3038,#3039);
#3038 = CARTESIAN_POINT('',(-0.,-11.));
#3039 = VECTOR('',#3040,1.);
#3040 = DIRECTION('',(-1.,0.));
#3041 = ( GEOMETRIC_REPRESENTATION_CONTEXT(2) 
PARAMETRIC_REPRESENTATION_CONTEXT() REPRESENTATION_CONTEXT('2D SPACE',''
  ) );
#3042 = ORIENTED_EDGE('',*,*,#1256,.F.);
#3043 = ORIENTED_EDGE('',*,*,#2996,.T.);
#3044 = ORIENTED_EDGE('',*,*,#847,.F.);
#3045 = FACE_BOUND('',#3046,.T.);
#3046 = EDGE_LOOP('',(#3047));
#3047 = ORIENTED_EDGE('',*,*,#3048,.T.);
#3048 = EDGE_CURVE('',#3049,#3049,#3051,.T.);
#3049 = VERTEX_POINT('',#3050);
#3050 = CARTESIAN_POINT('',(20.6,0.7776,215.));
#3051 = SURFACE_CURVE('',#3052,(#3057,#3064),.PCURVE_S1.);
#3052 = CIRCLE('',#3053,2.6);
#3053 = AXIS2_PLACEMENT_3D('',#3054,#3055,#3056);
#3054 = CARTESIAN_POINT('',(18.,0.7776,215.));
#3055 = DIRECTION('',(0.,0.,-1.));
#3056 = DIRECTION('',(1.,-0.,-0.));
#3057 = PCURVE('',#891,#3058);
#3058 = DEFINITIONAL_REPRESENTATION('',(#3059),#3063);
#3059 = CIRCLE('',#3060,2.6);
#3060 = AXIS2_PLACEMENT_2D('',#3061,#3062);
#3061 = CARTESIAN_POINT('',(0.,0.7776));
#3062 = DIRECTION('',(-1.,0.));
#3063 = ( GEOMETRIC_REPRESENTATION_CONTEXT(2) 
PARAMETRIC_REPRESENTATION_CONTEXT() REPRESENTATION_CONTEXT('2D SPACE',''
  ) );
#3064 = PCURVE('',#2886,#3065);
#3065 = DEFINITIONAL_REPRESENTATION('',(#3066),#3070);
#3066 = LINE('',#3067,#3068);
#3067 = CARTESIAN_POINT('',(6.28318530718,-11.));
#3068 = VECTOR('',#3069,1.);
#3069 = DIRECTION('',(-1.,0.));
#3070 = ( GEOMETRIC_REPRESENTATION_CONTEXT(2) 
PARAMETRIC_REPRESENTATION_CONTEXT() REPRESENTATION_CONTEXT('2D SPACE',''
  ) );
#3071 = ADVANCED_FACE('',(#3072),#941,.T.);
#3072 = FACE_BOUND('',#3073,.F.);
#3073 = EDGE_LOOP('',(#3074,#3075,#3076,#3077));
#3074 = ORIENTED_EDGE('',*,*,#917,.T.);
#3075 = ORIENTED_EDGE('',*,*,#3022,.T.);
#3076 = ORIENTED_EDGE('',*,*,#1221,.F.);
#3077 = ORIENTED_EDGE('',*,*,#3078,.F.);
#3078 = EDGE_CURVE('',#918,#958,#3079,.T.);
#3079 = SURFACE_CURVE('',#3080,(#3084,#3091),.PCURVE_S1.);
#3080 = LINE('',#3081,#3082);
#3081 = CARTESIAN_POINT('',(15.3,10.0216,225.));
#3082 = VECTOR('',#3083,1.);
#3083 = DIRECTION('',(-0.,-1.,-0.));
#3084 = PCURVE('',#941,#3085);
#3085 = DEFINITIONAL_REPRESENTATION('',(#3086),#3090);
#3086 = LINE('',#3087,#3088);
#3087 = CARTESIAN_POINT('',(-9.9784,-1.));
#3088 = VECTOR('',#3089,1.);
#3089 = DIRECTION('',(-1.,0.));
#3090 = ( GEOMETRIC_REPRESENTATION_CONTEXT(2) 
PARAMETRIC_REPRESENTATION_CONTEXT() REPRESENTATION_CONTEXT('2D SPACE',''
  ) );
#3091 = PCURVE('',#1091,#3092);
#3092 = DEFINITIONAL_REPRESENTATION('',(#3093),#3097);
#3093 = LINE('',#3094,#3095);
#3094 = CARTESIAN_POINT('',(-56.75320157156,9.671224221246));
#3095 = VECTOR('',#3096,1.);
#3096 = DIRECTION('',(5.414982084736E-03,-0.999985338877));
#3097 = ( GEOMETRIC_REPRESENTATION_CONTEXT(2) 
PARAMETRIC_REPRESENTATION_CONTEXT() REPRESENTATION_CONTEXT('2D SPACE',''
  ) );
#3098 = ADVANCED_FACE('',(#3099),#1091,.T.);
#3099 = FACE_BOUND('',#3100,.F.);
#3100 = EDGE_LOOP('',(#3101,#3102));
#3101 = ORIENTED_EDGE('',*,*,#957,.F.);
#3102 = ORIENTED_EDGE('',*,*,#3078,.T.);
#3103 = ADVANCED_FACE('',(#3104),#2801,.F.);
#3104 = FACE_BOUND('',#3105,.F.);
#3105 = EDGE_LOOP('',(#3106,#3139,#3160,#3161));
#3106 = ORIENTED_EDGE('',*,*,#3107,.F.);
#3107 = EDGE_CURVE('',#3108,#3108,#3110,.T.);
#3108 = VERTEX_POINT('',#3109);
#3109 = CARTESIAN_POINT('',(47.819834161357,2.283809866022,20.));
#3110 = SURFACE_CURVE('',#3111,(#3116,#3123),.PCURVE_S1.);
#3111 = CIRCLE('',#3112,1.1);
#3112 = AXIS2_PLACEMENT_3D('',#3113,#3114,#3115);
#3113 = CARTESIAN_POINT('',(46.719834161357,2.283809866022,20.));
#3114 = DIRECTION('',(0.,0.,1.));
#3115 = DIRECTION('',(1.,-0.,-0.));
#3116 = PCURVE('',#2801,#3117);
#3117 = DEFINITIONAL_REPRESENTATION('',(#3118),#3122);
#3118 = LINE('',#3119,#3120);
#3119 = CARTESIAN_POINT('',(0.,0.));
#3120 = VECTOR('',#3121,1.);
#3121 = DIRECTION('',(1.,0.));
#3122 = ( GEOMETRIC_REPRESENTATION_CONTEXT(2) 
PARAMETRIC_REPRESENTATION_CONTEXT() REPRESENTATION_CONTEXT('2D SPACE',''
  ) );
#3123 = PCURVE('',#3124,#3129);
#3124 = PLANE('',#3125);
#3125 = AXIS2_PLACEMENT_3D('',#3126,#3127,#3128);
#3126 = CARTESIAN_POINT('',(46.719834161357,2.283809866022,20.));
#3127 = DIRECTION('',(-0.,-0.,-1.));
#3128 = DIRECTION('',(-1.,0.,0.));
#3129 = DEFINITIONAL_REPRESENTATION('',(#3130),#3138);
#3130 = ( BOUNDED_CURVE() B_SPLINE_CURVE(2,(#3131,#3132,#3133,#3134,
#3135,#3136,#3137),.UNSPECIFIED.,.T.,.F.) B_SPLINE_CURVE_WITH_KNOTS((1,2
    ,2,2,2,1),(-2.094395102393,0.,2.094395102393,4.188790204786,
6.28318530718,8.377580409573),.UNSPECIFIED.) CURVE() 
GEOMETRIC_REPRESENTATION_ITEM() RATIONAL_B_SPLINE_CURVE((1.,0.5,1.,0.5,
1.,0.5,1.)) REPRESENTATION_ITEM('') );
#3131 = CARTESIAN_POINT('',(-1.1,-4.440892098501E-16));
#3132 = CARTESIAN_POINT('',(-1.1,1.905255888326));
#3133 = CARTESIAN_POINT('',(0.55,0.952627944163));
#3134 = CARTESIAN_POINT('',(2.2,-1.746669140376E-16));
#3135 = CARTESIAN_POINT('',(0.55,-0.952627944163));
#3136 = CARTESIAN_POINT('',(-1.1,-1.905255888326));
#3137 = CARTESIAN_POINT('',(-1.1,-4.440892098501E-16));
#3138 = ( GEOMETRIC_REPRESENTATION_CONTEXT(2) 
PARAMETRIC_REPRESENTATION_CONTEXT() REPRESENTATION_CONTEXT('2D SPACE',''
  ) );
#3139 = ORIENTED_EDGE('',*,*,#3140,.T.);
#3140 = EDGE_CURVE('',#3108,#2781,#3141,.T.);
#3141 = SEAM_CURVE('',#3142,(#3146,#3153),.PCURVE_S1.);
#3142 = LINE('',#3143,#3144);
#3143 = CARTESIAN_POINT('',(47.819834161357,2.283809866022,20.));
#3144 = VECTOR('',#3145,1.);
#3145 = DIRECTION('',(-0.,-0.,-1.));
#3146 = PCURVE('',#2801,#3147);
#3147 = DEFINITIONAL_REPRESENTATION('',(#3148),#3152);
#3148 = LINE('',#3149,#3150);
#3149 = CARTESIAN_POINT('',(6.28318530718,0.));
#3150 = VECTOR('',#3151,1.);
#3151 = DIRECTION('',(0.,-1.));
#3152 = ( GEOMETRIC_REPRESENTATION_CONTEXT(2) 
PARAMETRIC_REPRESENTATION_CONTEXT() REPRESENTATION_CONTEXT('2D SPACE',''
  ) );
#3153 = PCURVE('',#2801,#3154);
#3154 = DEFINITIONAL_REPRESENTATION('',(#3155),#3159);
#3155 = LINE('',#3156,#3157);
#3156 = CARTESIAN_POINT('',(0.,0.));
#3157 = VECTOR('',#3158,1.);
#3158 = DIRECTION('',(0.,-1.));
#3159 = ( GEOMETRIC_REPRESENTATION_CONTEXT(2) 
PARAMETRIC_REPRESENTATION_CONTEXT() REPRESENTATION_CONTEXT('2D SPACE',''
  ) );
#3160 = ORIENTED_EDGE('',*,*,#2780,.F.);
#3161 = ORIENTED_EDGE('',*,*,#3140,.F.);
#3162 = ADVANCED_FACE('',(#3163),#2886,.F.);
#3163 = FACE_BOUND('',#3164,.F.);
#3164 = EDGE_LOOP('',(#3165,#3186,#3187,#3188));
#3165 = ORIENTED_EDGE('',*,*,#3166,.F.);
#3166 = EDGE_CURVE('',#3049,#2870,#3167,.T.);
#3167 = SEAM_CURVE('',#3168,(#3172,#3179),.PCURVE_S1.);
#3168 = LINE('',#3169,#3170);
#3169 = CARTESIAN_POINT('',(20.6,0.7776,226.));
#3170 = VECTOR('',#3171,1.);
#3171 = DIRECTION('',(-0.,-0.,-1.));
#3172 = PCURVE('',#2886,#3173);
#3173 = DEFINITIONAL_REPRESENTATION('',(#3174),#3178);
#3174 = LINE('',#3175,#3176);
#3175 = CARTESIAN_POINT('',(6.28318530718,0.));
#3176 = VECTOR('',#3177,1.);
#3177 = DIRECTION('',(0.,-1.));
#3178 = ( GEOMETRIC_REPRESENTATION_CONTEXT(2) 
PARAMETRIC_REPRESENTATION_CONTEXT() REPRESENTATION_CONTEXT('2D SPACE',''
  ) );
#3179 = PCURVE('',#2886,#3180);
#3180 = DEFINITIONAL_REPRESENTATION('',(#3181),#3185);
#3181 = LINE('',#3182,#3183);
#3182 = CARTESIAN_POINT('',(0.,0.));
#3183 = VECTOR('',#3184,1.);
#3184 = DIRECTION('',(0.,-1.));
#3185 = ( GEOMETRIC_REPRESENTATION_CONTEXT(2) 
PARAMETRIC_REPRESENTATION_CONTEXT() REPRESENTATION_CONTEXT('2D SPACE',''
  ) );
#3186 = ORIENTED_EDGE('',*,*,#3048,.T.);
#3187 = ORIENTED_EDGE('',*,*,#3166,.T.);
#3188 = ORIENTED_EDGE('',*,*,#2869,.F.);
#3189 = ADVANCED_FACE('',(#3190),#2980,.F.);
#3190 = FACE_BOUND('',#3191,.F.);
#3191 = EDGE_LOOP('',(#3192,#3193,#3216,#3247));
#3192 = ORIENTED_EDGE('',*,*,#2959,.T.);
#3193 = ORIENTED_EDGE('',*,*,#3194,.T.);
#3194 = EDGE_CURVE('',#2960,#3195,#3197,.T.);
#3195 = VERTEX_POINT('',#3196);
#3196 = CARTESIAN_POINT('',(47.9,0.7776,205.));
#3197 = SEAM_CURVE('',#3198,(#3202,#3209),.PCURVE_S1.);
#3198 = LINE('',#3199,#3200);
#3199 = CARTESIAN_POINT('',(47.9,0.7776,226.));
#3200 = VECTOR('',#3201,1.);
#3201 = DIRECTION('',(-0.,-0.,-1.));
#3202 = PCURVE('',#2980,#3203);
#3203 = DEFINITIONAL_REPRESENTATION('',(#3204),#3208);
#3204 = LINE('',#3205,#3206);
#3205 = CARTESIAN_POINT('',(6.28318530718,0.));
#3206 = VECTOR('',#3207,1.);
#3207 = DIRECTION('',(0.,-1.));
#3208 = ( GEOMETRIC_REPRESENTATION_CONTEXT(2) 
PARAMETRIC_REPRESENTATION_CONTEXT() REPRESENTATION_CONTEXT('2D SPACE',''
  ) );
#3209 = PCURVE('',#2980,#3210);
#3210 = DEFINITIONAL_REPRESENTATION('',(#3211),#3215);
#3211 = LINE('',#3212,#3213);
#3212 = CARTESIAN_POINT('',(0.,0.));
#3213 = VECTOR('',#3214,1.);
#3214 = DIRECTION('',(0.,-1.));
#3215 = ( GEOMETRIC_REPRESENTATION_CONTEXT(2) 
PARAMETRIC_REPRESENTATION_CONTEXT() REPRESENTATION_CONTEXT('2D SPACE',''
  ) );
#3216 = ORIENTED_EDGE('',*,*,#3217,.T.);
#3217 = EDGE_CURVE('',#3195,#3195,#3218,.T.);
#3218 = SURFACE_CURVE('',#3219,(#3224,#3231),.PCURVE_S1.);
#3219 = CIRCLE('',#3220,1.1);
#3220 = AXIS2_PLACEMENT_3D('',#3221,#3222,#3223);
#3221 = CARTESIAN_POINT('',(46.8,0.7776,205.));
#3222 = DIRECTION('',(0.,0.,1.));
#3223 = DIRECTION('',(1.,-0.,-0.));
#3224 = PCURVE('',#2980,#3225);
#3225 = DEFINITIONAL_REPRESENTATION('',(#3226),#3230);
#3226 = LINE('',#3227,#3228);
#3227 = CARTESIAN_POINT('',(0.,-21.));
#3228 = VECTOR('',#3229,1.);
#3229 = DIRECTION('',(1.,0.));
#3230 = ( GEOMETRIC_REPRESENTATION_CONTEXT(2) 
PARAMETRIC_REPRESENTATION_CONTEXT() REPRESENTATION_CONTEXT('2D SPACE',''
  ) );
#3231 = PCURVE('',#3232,#3237);
#3232 = PLANE('',#3233);
#3233 = AXIS2_PLACEMENT_3D('',#3234,#3235,#3236);
#3234 = CARTESIAN_POINT('',(46.8,0.7776,205.));
#3235 = DIRECTION('',(-0.,-0.,-1.));
#3236 = DIRECTION('',(-1.,0.,0.));
#3237 = DEFINITIONAL_REPRESENTATION('',(#3238),#3246);
#3238 = ( BOUNDED_CURVE() B_SPLINE_CURVE(2,(#3239,#3240,#3241,#3242,
#3243,#3244,#3245),.UNSPECIFIED.,.T.,.F.) B_SPLINE_CURVE_WITH_KNOTS((1,2
    ,2,2,2,1),(-2.094395102393,0.,2.094395102393,4.188790204786,
6.28318530718,8.377580409573),.UNSPECIFIED.) CURVE() 
GEOMETRIC_REPRESENTATION_ITEM() RATIONAL_B_SPLINE_CURVE((1.,0.5,1.,0.5,
1.,0.5,1.)) REPRESENTATION_ITEM('') );
#3239 = CARTESIAN_POINT('',(-1.1,-1.110223024625E-16));
#3240 = CARTESIAN_POINT('',(-1.1,1.905255888326));
#3241 = CARTESIAN_POINT('',(0.55,0.952627944163));
#3242 = CARTESIAN_POINT('',(2.2,1.583999933499E-16));
#3243 = CARTESIAN_POINT('',(0.55,-0.952627944163));
#3244 = CARTESIAN_POINT('',(-1.1,-1.905255888326));
#3245 = CARTESIAN_POINT('',(-1.1,-1.110223024625E-16));
#3246 = ( GEOMETRIC_REPRESENTATION_CONTEXT(2) 
PARAMETRIC_REPRESENTATION_CONTEXT() REPRESENTATION_CONTEXT('2D SPACE',''
  ) );
#3247 = ORIENTED_EDGE('',*,*,#3194,.F.);
#3248 = ADVANCED_FACE('',(#3249),#3124,.T.);
#3249 = FACE_BOUND('',#3250,.F.);
#3250 = EDGE_LOOP('',(#3251));
#3251 = ORIENTED_EDGE('',*,*,#3107,.T.);
#3252 = ADVANCED_FACE('',(#3253),#3232,.F.);
#3253 = FACE_BOUND('',#3254,.T.);
#3254 = EDGE_LOOP('',(#3255));
#3255 = ORIENTED_EDGE('',*,*,#3217,.T.);
#3256 = ( GEOMETRIC_REPRESENTATION_CONTEXT(3) 
GLOBAL_UNCERTAINTY_ASSIGNED_CONTEXT((#3260)) 
GLOBAL_UNIT_ASSIGNED_CONTEXT((#3257,#3258,#3259)) REPRESENTATION_CONTEXT
('Context #1','3D Context with UNIT and UNCERTAINTY') );
#3257 = ( LENGTH_UNIT() NAMED_UNIT(*) SI_UNIT(.MILLI.,.METRE.) );
#3258 = ( NAMED_UNIT(*) PLANE_ANGLE_UNIT() SI_UNIT($,.RADIAN.) );
#3259 = ( NAMED_UNIT(*) SI_UNIT($,.STERADIAN.) SOLID_ANGLE_UNIT() );
#3260 = UNCERTAINTY_MEASURE_WITH_UNIT(LENGTH_MEASURE(2.E-06),#3257,
  'distance_accuracy_value','confusion accuracy');
#3261 = PRODUCT_RELATED_PRODUCT_CATEGORY('part',$,(#7));
ENDSEC;
END-ISO-10303-21;
