ISO-10303-21;
HEADER;
FILE_DESCRIPTION(('Open CASCADE Model'),'2;1');
FILE_NAME('Open CASCADE Shape Model','2026-09-02T22:19:26',('Author'),(
    'Open CASCADE'),'Open CASCADE STEP processor 7.9','Open CASCADE 7.9'
  ,'Unknown');
FILE_SCHEMA(('AUTOMOTIVE_DESIGN { 1 0 10303 214 1 1 1 1 }'));
ENDSEC;
DATA;
#1 = APPLICATION_PROTOCOL_DEFINITION('international standard',
  'automotive_design',2000,#2);
#2 = APPLICATION_CONTEXT(
  'core data for automotive mechanical design processes');
#3 = SHAPE_DEFINITION_REPRESENTATION(#4,#10);
#4 = PRODUCT_DEFINITION_SHAPE('','',#5);
#5 = PRODUCT_DEFINITION('design','',#6,#9);
#6 = PRODUCT_DEFINITION_FORMATION('','',#7);
#7 = PRODUCT('Open CASCADE STEP translator 7.9 1',
  'Open CASCADE STEP translator 7.9 1','',(#8));
#8 = PRODUCT_CONTEXT('',#2,'mechanical');
#9 = PRODUCT_DEFINITION_CONTEXT('part definition',#2,'design');
#10 = ADVANCED_BREP_SHAPE_REPRESENTATION('',(#11,#15),#3116);
#11 = AXIS2_PLACEMENT_3D('',#12,#13,#14);
#12 = CARTESIAN_POINT('',(0.,0.,0.));
#13 = DIRECTION('',(0.,0.,1.));
#14 = DIRECTION('',(1.,0.,-0.));
#15 = MANIFOLD_SOLID_BREP('',#16);
#16 = CLOSED_SHELL('',(#17,#2575,#2626,#2682,#2709,#2771,#2796,#2801,
    #2857,#2884,#2941,#2966,#2971,#3026,#3053,#3108,#3112));
#17 = ADVANCED_FACE('',(#18),#32,.T.);
#18 = FACE_BOUND('',#19,.T.);
#19 = EDGE_LOOP('',(#20,#422,#686,#726,#787,#827,#1091,#1126,#1194,#1229
    ,#1488,#1511,#1775,#1815,#1888,#1928,#2192,#2227,#2283,#2318));
#20 = ORIENTED_EDGE('',*,*,#21,.F.);
#21 = EDGE_CURVE('',#22,#24,#26,.T.);
#22 = VERTEX_POINT('',#23);
#23 = CARTESIAN_POINT('',(72.,4.32E-02,0.));
#24 = VERTEX_POINT('',#25);
#25 = CARTESIAN_POINT('',(72.,4.32E-02,225.));
#26 = SURFACE_CURVE('',#27,(#31,#402),.PCURVE_S1.);
#27 = B_SPLINE_CURVE_WITH_KNOTS('',2,(#28,#29,#30),.UNSPECIFIED.,.F.,.F.
  ,(3,3),(0.,1.),.PIECEWISE_BEZIER_KNOTS.);
#28 = CARTESIAN_POINT('',(72.,4.32E-02,0.));
#29 = CARTESIAN_POINT('',(72.,4.32E-02,112.5));
#30 = CARTESIAN_POINT('',(72.,4.32E-02,225.));
#31 = PCURVE('',#32,#396);
#32 = B_SPLINE_SURFACE_WITH_KNOTS('',3,2,(
    (#33,#34,#35)
    ,(#36,#37,#38)
    ,(#39,#40,#41)
    ,(#42,#43,#44)
    ,(#45,#46,#47)
    ,(#48,#49,#50)
    ,(#51,#52,#53)
    ,(#54,#55,#56)
    ,(#57,#58,#59)
    ,(#60,#61,#62)
    ,(#63,#64,#65)
    ,(#66,#67,#68)
    ,(#69,#70,#71)
    ,(#72,#73,#74)
    ,(#75,#76,#77)
    ,(#78,#79,#80)
    ,(#81,#82,#83)
    ,(#84,#85,#86)
    ,(#87,#88,#89)
    ,(#90,#91,#92)
    ,(#93,#94,#95)
    ,(#96,#97,#98)
    ,(#99,#100,#101)
    ,(#102,#103,#104)
    ,(#105,#106,#107)
    ,(#108,#109,#110)
    ,(#111,#112,#113)
    ,(#114,#115,#116)
    ,(#117,#118,#119)
    ,(#120,#121,#122)
    ,(#123,#124,#125)
    ,(#126,#127,#128)
    ,(#129,#130,#131)
    ,(#132,#133,#134)
    ,(#135,#136,#137)
    ,(#138,#139,#140)
    ,(#141,#142,#143)
    ,(#144,#145,#146)
    ,(#147,#148,#149)
    ,(#150,#151,#152)
    ,(#153,#154,#155)
    ,(#156,#157,#158)
    ,(#159,#160,#161)
    ,(#162,#163,#164)
    ,(#165,#166,#167)
    ,(#168,#169,#170)
    ,(#171,#172,#173)
    ,(#174,#175,#176)
    ,(#177,#178,#179)
    ,(#180,#181,#182)
    ,(#183,#184,#185)
    ,(#186,#187,#188)
    ,(#189,#190,#191)
    ,(#192,#193,#194)
    ,(#195,#196,#197)
    ,(#198,#199,#200)
    ,(#201,#202,#203)
    ,(#204,#205,#206)
    ,(#207,#208,#209)
    ,(#210,#211,#212)
    ,(#213,#214,#215)
    ,(#216,#217,#218)
    ,(#219,#220,#221)
    ,(#222,#223,#224)
    ,(#225,#226,#227)
    ,(#228,#229,#230)
    ,(#231,#232,#233)
    ,(#234,#235,#236)
    ,(#237,#238,#239)
    ,(#240,#241,#242)
    ,(#243,#244,#245)
    ,(#246,#247,#248)
    ,(#249,#250,#251)
    ,(#252,#253,#254)
    ,(#255,#256,#257)
    ,(#258,#259,#260)
    ,(#261,#262,#263)
    ,(#264,#265,#266)
    ,(#267,#268,#269)
    ,(#270,#271,#272)
    ,(#273,#274,#275)
    ,(#276,#277,#278)
    ,(#279,#280,#281)
    ,(#282,#283,#284)
    ,(#285,#286,#287)
    ,(#288,#289,#290)
    ,(#291,#292,#293)
    ,(#294,#295,#296)
    ,(#297,#298,#299)
    ,(#300,#301,#302)
    ,(#303,#304,#305)
    ,(#306,#307,#308)
    ,(#309,#310,#311)
    ,(#312,#313,#314)
    ,(#315,#316,#317)
    ,(#318,#319,#320)
    ,(#321,#322,#323)
    ,(#324,#325,#326)
    ,(#327,#328,#329)
    ,(#330,#331,#332)
    ,(#333,#334,#335)
    ,(#336,#337,#338)
    ,(#339,#340,#341)
    ,(#342,#343,#344)
    ,(#345,#346,#347)
    ,(#348,#349,#350)
    ,(#351,#352,#353)
    ,(#354,#355,#356)
    ,(#357,#358,#359)
    ,(#360,#361,#362)
    ,(#363,#364,#365)
    ,(#366,#367,#368)
    ,(#369,#370,#371)
    ,(#372,#373,#374)
    ,(#375,#376,#377)
    ,(#378,#379,#380)
    ,(#381,#382,#383)
    ,(#384,#385,#386)
    ,(#387,#388,#389)
    ,(#390,#391,#392)
    ,(#393,#394,#395
    )),.UNSPECIFIED.,.F.,.F.,.F.,(4,1,1,1,1,1,1,1,1,1,1,1,1,1,1,1,1,1,1,
    1,1,1,1,1,1,1,1,1,1,1,1,1,1,1,1,1,1,1,1,1,1,1,1,1,1,1,1,1,1,1,1,1,1,
    1,1,1,1,1,1,1,1,1,1,1,1,1,1,1,1,1,1,1,1,1,1,1,1,1,1,1,1,1,1,1,1,1,1,
    1,1,1,1,1,1,1,1,1,1,1,1,1,1,1,1,1,1,1,1,1,1,1,1,1,1,1,1,1,1,1,4),(3,
    3),(0.,4.078407677411E-04,1.457980549597E-03,3.204753366262E-03,
    5.642985368529E-03,8.765465479536E-03,1.256297669321E-02,
    1.702433495068E-02,2.213643470887E-02,2.788430025551E-02,
    3.425114182613E-02,4.121841563833E-02,4.876588706683E-02,
    5.687169632928E-02,6.551242622383E-02,7.466317164093E-02,
    8.429761075195E-02,9.438807794483E-02,0.104905638724,0.115820166915,
    0.1271004246,0.138714145282,0.1506281208,0.1628082925,0.175219847173
    ,0.187827318137,0.200594691796,0.213485519815,0.22646303689,
    0.239490283867,0.252530235719,0.265545933618,0.278500620098,
    0.291357876051,0.304081758111,0.316636934886,0.328988820492,
    0.341103703964,0.353090161194,0.364812648141,0.376197519167,
    0.38721480852,0.397836016232,0.408034235542,0.417784287292,
    0.427062868614,0.435848726665,0.444122873021,0.451868861729,
    0.459073165549,0.465725703577,0.471820604191,0.477357338614,
    0.482342444921,0.486792194201,0.490736722153,0.49422623504,
    0.4973393663,0.500191267412,0.502933737755,0.505676143618,
    0.508526386493,0.511632585991,0.515105416054,0.519019187057,
    0.523420263997,0.528335467762,0.533778262572,0.539752873742,
    0.546256953268,0.553283311049,0.560821057132,0.568856370053,
    0.577373023458,0.586352753065,0.595775516221,0.605619678387,
    0.615862149932,0.626478489749,0.637442987668,0.648728734495,
    0.660350032239,0.672380507178,0.684646833505,0.697115935464,
    0.709753854552,0.722525869195,0.73539661944,0.748330235365,
    0.761290467738,0.774240819394,0.787144675907,0.799965434253,
    0.812666628411,0.825212051079,0.837565870937,0.849692745131,
    0.86155792689,0.873127368371,0.884367818963,0.89524691945,
    0.905733292442,0.915796629611,0.925407776187,0.934538813214,
    0.943163137948,0.951255542705,0.958792292319,0.965751200209,
    0.972111702872,0.977854932419,0.982963786569,0.987422995334,
    0.991219183478,0.994340927712,0.996778807537,0.998525448648,
    0.999575557896,1.),(0.,1.),.UNSPECIFIED.);
#33 = CARTESIAN_POINT('',(72.,4.32E-02,0.));
#34 = CARTESIAN_POINT('',(72.,4.32E-02,112.5));
#35 = CARTESIAN_POINT('',(72.,4.32E-02,225.));
#36 = CARTESIAN_POINT('',(71.984221714961,2.623174440698E-02,0.));
#37 = CARTESIAN_POINT('',(71.984221714961,2.623174440698E-02,112.5));
#38 = CARTESIAN_POINT('',(71.984221714961,2.623174440698E-02,225.));
#39 = CARTESIAN_POINT('',(71.923696633015,-1.218274920545E-02,0.));
#40 = CARTESIAN_POINT('',(71.923696633015,-1.218274920545E-02,112.5));
#41 = CARTESIAN_POINT('',(71.923696633015,-1.218274920545E-02,225.));
#42 = CARTESIAN_POINT('',(71.760293358299,6.733077767122E-02,0.));
#43 = CARTESIAN_POINT('',(71.760293358299,6.733077767122E-02,112.5));
#44 = CARTESIAN_POINT('',(71.760293358299,6.733077767122E-02,225.));
#45 = CARTESIAN_POINT('',(71.512524417189,9.328244997454E-02,0.));
#46 = CARTESIAN_POINT('',(71.512524417189,9.328244997454E-02,112.5));
#47 = CARTESIAN_POINT('',(71.512524417189,9.328244997454E-02,225.));
#48 = CARTESIAN_POINT('',(71.157609566969,0.17765836874,0.));
#49 = CARTESIAN_POINT('',(71.157609566969,0.17765836874,112.5));
#50 = CARTESIAN_POINT('',(71.157609566969,0.17765836874,225.));
#51 = CARTESIAN_POINT('',(70.706551334166,0.265612266985,0.));
#52 = CARTESIAN_POINT('',(70.706551334166,0.265612266985,112.5));
#53 = CARTESIAN_POINT('',(70.706551334166,0.265612266985,225.));
#54 = CARTESIAN_POINT('',(70.156458687307,0.378693366691,0.));
#55 = CARTESIAN_POINT('',(70.156458687307,0.378693366691,112.5));
#56 = CARTESIAN_POINT('',(70.156458687307,0.378693366691,225.));
#57 = CARTESIAN_POINT('',(69.510376771845,0.507691612558,0.));
#58 = CARTESIAN_POINT('',(69.510376771845,0.507691612558,112.5));
#59 = CARTESIAN_POINT('',(69.510376771845,0.507691612558,225.));
#60 = CARTESIAN_POINT('',(68.769539766247,0.654499335452,0.));
#61 = CARTESIAN_POINT('',(68.769539766247,0.654499335452,112.5));
#62 = CARTESIAN_POINT('',(68.769539766247,0.654499335452,225.));
#63 = CARTESIAN_POINT('',(67.936164468403,0.817011226542,0.));
#64 = CARTESIAN_POINT('',(67.936164468403,0.817011226542,112.5));
#65 = CARTESIAN_POINT('',(67.936164468403,0.817011226542,225.));
#66 = CARTESIAN_POINT('',(67.012487343922,0.994320394971,0.));
#67 = CARTESIAN_POINT('',(67.012487343922,0.994320394971,112.5));
#68 = CARTESIAN_POINT('',(67.012487343922,0.994320394971,225.));
#69 = CARTESIAN_POINT('',(66.001075595555,1.185025913379,0.));
#70 = CARTESIAN_POINT('',(66.001075595555,1.185025913379,112.5));
#71 = CARTESIAN_POINT('',(66.001075595555,1.185025913379,225.));
#72 = CARTESIAN_POINT('',(64.904719943764,1.387795900227,0.));
#73 = CARTESIAN_POINT('',(64.904719943764,1.387795900227,112.5));
#74 = CARTESIAN_POINT('',(64.904719943764,1.387795900227,225.));
#75 = CARTESIAN_POINT('',(63.726459691867,1.601210355375,0.));
#76 = CARTESIAN_POINT('',(63.726459691867,1.601210355375,112.5));
#77 = CARTESIAN_POINT('',(63.726459691867,1.601210355375,225.));
#78 = CARTESIAN_POINT('',(62.469565504084,1.823826596577,0.));
#79 = CARTESIAN_POINT('',(62.469565504084,1.823826596577,112.5));
#80 = CARTESIAN_POINT('',(62.469565504084,1.823826596577,225.));
#81 = CARTESIAN_POINT('',(61.137534111024,2.054174014452,0.));
#82 = CARTESIAN_POINT('',(61.137534111024,2.054174014452,112.5));
#83 = CARTESIAN_POINT('',(61.137534111024,2.054174014452,225.));
#84 = CARTESIAN_POINT('',(59.734078408345,2.290767357714,0.));
#85 = CARTESIAN_POINT('',(59.734078408345,2.290767357714,112.5));
#86 = CARTESIAN_POINT('',(59.734078408345,2.290767357714,225.));
#87 = CARTESIAN_POINT('',(58.263117956895,2.532111544605,0.));
#88 = CARTESIAN_POINT('',(58.263117956895,2.532111544605,112.5));
#89 = CARTESIAN_POINT('',(58.263117956895,2.532111544605,225.));
#90 = CARTESIAN_POINT('',(56.728768440869,2.776706051106,0.));
#91 = CARTESIAN_POINT('',(56.728768440869,2.776706051106,112.5));
#92 = CARTESIAN_POINT('',(56.728768440869,2.776706051106,225.));
#93 = CARTESIAN_POINT('',(55.13533056472,3.023046707263,0.));
#94 = CARTESIAN_POINT('',(55.13533056472,3.023046707263,112.5));
#95 = CARTESIAN_POINT('',(55.13533056472,3.023046707263,225.));
#96 = CARTESIAN_POINT('',(53.487278312768,3.269625897995,0.));
#97 = CARTESIAN_POINT('',(53.487278312768,3.269625897995,112.5));
#98 = CARTESIAN_POINT('',(53.487278312768,3.269625897995,225.));
#99 = CARTESIAN_POINT('',(51.789246662024,3.514931391247,0.));
#100 = CARTESIAN_POINT('',(51.789246662024,3.514931391247,112.5));
#101 = CARTESIAN_POINT('',(51.789246662024,3.514931391247,225.));
#102 = CARTESIAN_POINT('',(50.046018792095,3.757444359741,0.));
#103 = CARTESIAN_POINT('',(50.046018792095,3.757444359741,112.5));
#104 = CARTESIAN_POINT('',(50.046018792095,3.757444359741,225.));
#105 = CARTESIAN_POINT('',(48.262512847574,3.995637151547,0.));
#106 = CARTESIAN_POINT('',(48.262512847574,3.995637151547,112.5));
#107 = CARTESIAN_POINT('',(48.262512847574,3.995637151547,225.));
#108 = CARTESIAN_POINT('',(46.44376830058,4.227971417123,0.));
#109 = CARTESIAN_POINT('',(46.44376830058,4.227971417123,112.5));
#110 = CARTESIAN_POINT('',(46.44376830058,4.227971417123,225.));
#111 = CARTESIAN_POINT('',(44.594931956635,4.452897194186,0.));
#112 = CARTESIAN_POINT('',(44.594931956635,4.452897194186,112.5));
#113 = CARTESIAN_POINT('',(44.594931956635,4.452897194186,225.));
#114 = CARTESIAN_POINT('',(42.721243640298,4.668853518835,0.));
#115 = CARTESIAN_POINT('',(42.721243640298,4.668853518835,112.5));
#116 = CARTESIAN_POINT('',(42.721243640298,4.668853518835,225.));
#117 = CARTESIAN_POINT('',(40.82802159035,4.874271068255,0.));
#118 = CARTESIAN_POINT('',(40.82802159035,4.874271068255,112.5));
#119 = CARTESIAN_POINT('',(40.82802159035,4.874271068255,225.));
#120 = CARTESIAN_POINT('',(38.920647587523,5.06757723267,0.));
#121 = CARTESIAN_POINT('',(38.920647587523,5.06757723267,112.5));
#122 = CARTESIAN_POINT('',(38.920647587523,5.06757723267,225.));
#123 = CARTESIAN_POINT('',(37.004551833703,5.247203939495,0.));
#124 = CARTESIAN_POINT('',(37.004551833703,5.247203939495,112.5));
#125 = CARTESIAN_POINT('',(37.004551833703,5.247203939495,225.));
#126 = CARTESIAN_POINT('',(35.085197592638,5.411598236145,0.));
#127 = CARTESIAN_POINT('',(35.085197592638,5.411598236145,112.5));
#128 = CARTESIAN_POINT('',(35.085197592638,5.411598236145,225.));
#129 = CARTESIAN_POINT('',(33.168065619131,5.55923613728,0.));
#130 = CARTESIAN_POINT('',(33.168065619131,5.55923613728,112.5));
#131 = CARTESIAN_POINT('',(33.168065619131,5.55923613728,225.));
#132 = CARTESIAN_POINT('',(31.258638334192,5.688637638146,0.));
#133 = CARTESIAN_POINT('',(31.258638334192,5.688637638146,112.5));
#134 = CARTESIAN_POINT('',(31.258638334192,5.688637638146,225.));
#135 = CARTESIAN_POINT('',(29.362383966368,5.798389696803,0.));
#136 = CARTESIAN_POINT('',(29.362383966368,5.798389696803,112.5));
#137 = CARTESIAN_POINT('',(29.362383966368,5.798389696803,225.));
#138 = CARTESIAN_POINT('',(27.484739924304,5.887150335506,0.));
#139 = CARTESIAN_POINT('',(27.484739924304,5.887150335506,112.5));
#140 = CARTESIAN_POINT('',(27.484739924304,5.887150335506,225.));
#141 = CARTESIAN_POINT('',(25.631098208209,5.953730164934,0.));
#142 = CARTESIAN_POINT('',(25.631098208209,5.953730164934,112.5));
#143 = CARTESIAN_POINT('',(25.631098208209,5.953730164934,225.));
#144 = CARTESIAN_POINT('',(23.806782721962,5.996895716649,0.));
#145 = CARTESIAN_POINT('',(23.806782721962,5.996895716649,112.5));
#146 = CARTESIAN_POINT('',(23.806782721962,5.996895716649,225.));
#147 = CARTESIAN_POINT('',(22.010091894409,6.016262315207,0.));
#148 = CARTESIAN_POINT('',(22.010091894409,6.016262315207,112.5));
#149 = CARTESIAN_POINT('',(22.010091894409,6.016262315207,225.));
#150 = CARTESIAN_POINT('',(20.244284666721,6.008912886959,0.));
#151 = CARTESIAN_POINT('',(20.244284666721,6.008912886959,112.5));
#152 = CARTESIAN_POINT('',(20.244284666721,6.008912886959,225.));
#153 = CARTESIAN_POINT('',(18.514956979868,5.965446857909,0.));
#154 = CARTESIAN_POINT('',(18.514956979868,5.965446857909,112.5));
#155 = CARTESIAN_POINT('',(18.514956979868,5.965446857909,225.));
#156 = CARTESIAN_POINT('',(16.834636840278,5.888113808741,0.));
#157 = CARTESIAN_POINT('',(16.834636840278,5.888113808741,112.5));
#158 = CARTESIAN_POINT('',(16.834636840278,5.888113808741,225.));
#159 = CARTESIAN_POINT('',(15.210590663863,5.77714453907,0.));
#160 = CARTESIAN_POINT('',(15.210590663863,5.77714453907,112.5));
#161 = CARTESIAN_POINT('',(15.210590663863,5.77714453907,225.));
#162 = CARTESIAN_POINT('',(13.647812736416,5.633647085709,0.));
#163 = CARTESIAN_POINT('',(13.647812736416,5.633647085709,112.5));
#164 = CARTESIAN_POINT('',(13.647812736416,5.633647085709,225.));
#165 = CARTESIAN_POINT('',(12.151082171681,5.458844263779,0.));
#166 = CARTESIAN_POINT('',(12.151082171681,5.458844263779,112.5));
#167 = CARTESIAN_POINT('',(12.151082171681,5.458844263779,225.));
#168 = CARTESIAN_POINT('',(10.724941257141,5.254261736029,0.));
#169 = CARTESIAN_POINT('',(10.724941257141,5.254261736029,112.5));
#170 = CARTESIAN_POINT('',(10.724941257141,5.254261736029,225.));
#171 = CARTESIAN_POINT('',(9.373673707815,5.021652437276,0.));
#172 = CARTESIAN_POINT('',(9.373673707815,5.021652437276,112.5));
#173 = CARTESIAN_POINT('',(9.373673707815,5.021652437276,225.));
#174 = CARTESIAN_POINT('',(8.101285073661,4.762980266356,0.));
#175 = CARTESIAN_POINT('',(8.101285073661,4.762980266356,112.5));
#176 = CARTESIAN_POINT('',(8.101285073661,4.762980266356,225.));
#177 = CARTESIAN_POINT('',(6.911484780904,4.48038155269,0.));
#178 = CARTESIAN_POINT('',(6.911484780904,4.48038155269,112.5));
#179 = CARTESIAN_POINT('',(6.911484780904,4.48038155269,225.));
#180 = CARTESIAN_POINT('',(5.807669717899,4.176125231313,0.));
#181 = CARTESIAN_POINT('',(5.807669717899,4.176125231313,112.5));
#182 = CARTESIAN_POINT('',(5.807669717899,4.176125231313,225.));
#183 = CARTESIAN_POINT('',(4.792908805104,3.852566790786,0.));
#184 = CARTESIAN_POINT('',(4.792908805104,3.852566790786,112.5));
#185 = CARTESIAN_POINT('',(4.792908805104,3.852566790786,225.));
#186 = CARTESIAN_POINT('',(3.869927685777,3.512096971921,0.));
#187 = CARTESIAN_POINT('',(3.869927685777,3.512096971921,112.5));
#188 = CARTESIAN_POINT('',(3.869927685777,3.512096971921,225.));
#189 = CARTESIAN_POINT('',(3.041092331994,3.157083399423,0.));
#190 = CARTESIAN_POINT('',(3.041092331994,3.157083399423,112.5));
#191 = CARTESIAN_POINT('',(3.041092331994,3.157083399423,225.));
#192 = CARTESIAN_POINT('',(2.308390850751,2.789800753784,0.));
#193 = CARTESIAN_POINT('',(2.308390850751,2.789800753784,112.5));
#194 = CARTESIAN_POINT('',(2.308390850751,2.789800753784,225.));
#195 = CARTESIAN_POINT('',(1.673415139218,2.412340106554,0.));
#196 = CARTESIAN_POINT('',(1.673415139218,2.412340106554,112.5));
#197 = CARTESIAN_POINT('',(1.673415139218,2.412340106554,225.));
#198 = CARTESIAN_POINT('',(1.137357047989,2.026476856156,0.));
#199 = CARTESIAN_POINT('',(1.137357047989,2.026476856156,112.5));
#200 = CARTESIAN_POINT('',(1.137357047989,2.026476856156,225.));
#201 = CARTESIAN_POINT('',(0.701064633603,1.633476661869,0.));
#202 = CARTESIAN_POINT('',(0.701064633603,1.633476661869,112.5));
#203 = CARTESIAN_POINT('',(0.701064633603,1.633476661869,225.));
#204 = CARTESIAN_POINT('',(0.365309135041,1.233836858307,0.));
#205 = CARTESIAN_POINT('',(0.365309135041,1.233836858307,112.5));
#206 = CARTESIAN_POINT('',(0.365309135041,1.233836858307,225.));
#207 = CARTESIAN_POINT('',(0.131468201859,0.827262199993,0.));
#208 = CARTESIAN_POINT('',(0.131468201859,0.827262199993,112.5));
#209 = CARTESIAN_POINT('',(0.131468201859,0.827262199993,225.));
#210 = CARTESIAN_POINT('',(2.610739939513E-03,0.413566537933,0.));
#211 = CARTESIAN_POINT('',(2.610739939513E-03,0.413566537933,112.5));
#212 = CARTESIAN_POINT('',(2.610739939513E-03,0.413566537933,225.));
#213 = CARTESIAN_POINT('',(-1.738517016726E-02,-1.394771597038E-03,0.));
#214 = CARTESIAN_POINT('',(-1.738517016726E-02,-1.394771597038E-03,112.5
    ));
#215 = CARTESIAN_POINT('',(-1.738517016726E-02,-1.394771597038E-03,225.)
  );
#216 = CARTESIAN_POINT('',(6.829918958043E-02,-0.407775947084,0.));
#217 = CARTESIAN_POINT('',(6.829918958043E-02,-0.407775947084,112.5));
#218 = CARTESIAN_POINT('',(6.829918958043E-02,-0.407775947084,225.));
#219 = CARTESIAN_POINT('',(0.260163279901,-0.795684499761,0.));
#220 = CARTESIAN_POINT('',(0.260163279901,-0.795684499761,112.5));
#221 = CARTESIAN_POINT('',(0.260163279901,-0.795684499761,225.));
#222 = CARTESIAN_POINT('',(0.552677478468,-1.16056237707,0.));
#223 = CARTESIAN_POINT('',(0.552677478468,-1.16056237707,112.5));
#224 = CARTESIAN_POINT('',(0.552677478468,-1.16056237707,225.));
#225 = CARTESIAN_POINT('',(0.94223482932,-1.503746075605,0.));
#226 = CARTESIAN_POINT('',(0.94223482932,-1.503746075605,112.5));
#227 = CARTESIAN_POINT('',(0.94223482932,-1.503746075605,225.));
#228 = CARTESIAN_POINT('',(1.42693129528,-1.826544639829,0.));
#229 = CARTESIAN_POINT('',(1.42693129528,-1.826544639829,112.5));
#230 = CARTESIAN_POINT('',(1.42693129528,-1.826544639829,225.));
#231 = CARTESIAN_POINT('',(2.005382684217,-2.129588407527,0.));
#232 = CARTESIAN_POINT('',(2.005382684217,-2.129588407527,112.5));
#233 = CARTESIAN_POINT('',(2.005382684217,-2.129588407527,225.));
#234 = CARTESIAN_POINT('',(2.676096088126,-2.412959003937,0.));
#235 = CARTESIAN_POINT('',(2.676096088126,-2.412959003937,112.5));
#236 = CARTESIAN_POINT('',(2.676096088126,-2.412959003937,225.));
#237 = CARTESIAN_POINT('',(3.437272195287,-2.676464537771,0.));
#238 = CARTESIAN_POINT('',(3.437272195287,-2.676464537771,112.5));
#239 = CARTESIAN_POINT('',(3.437272195287,-2.676464537771,225.));
#240 = CARTESIAN_POINT('',(4.286793748968,-2.919814692745,0.));
#241 = CARTESIAN_POINT('',(4.286793748968,-2.919814692745,112.5));
#242 = CARTESIAN_POINT('',(4.286793748968,-2.919814692745,225.));
#243 = CARTESIAN_POINT('',(5.222258667982,-3.142725113897,0.));
#244 = CARTESIAN_POINT('',(5.222258667982,-3.142725113897,112.5));
#245 = CARTESIAN_POINT('',(5.222258667982,-3.142725113897,225.));
#246 = CARTESIAN_POINT('',(6.241017835581,-3.344978185654,0.));
#247 = CARTESIAN_POINT('',(6.241017835581,-3.344978185654,112.5));
#248 = CARTESIAN_POINT('',(6.241017835581,-3.344978185654,225.));
#249 = CARTESIAN_POINT('',(7.340206603373,-3.526462444201,0.));
#250 = CARTESIAN_POINT('',(7.340206603373,-3.526462444201,112.5));
#251 = CARTESIAN_POINT('',(7.340206603373,-3.526462444201,225.));
#252 = CARTESIAN_POINT('',(8.5167695597,-3.687200044661,0.));
#253 = CARTESIAN_POINT('',(8.5167695597,-3.687200044661,112.5));
#254 = CARTESIAN_POINT('',(8.5167695597,-3.687200044661,225.));
#255 = CARTESIAN_POINT('',(9.767479696412,-3.827366816078,0.));
#256 = CARTESIAN_POINT('',(9.767479696412,-3.827366816078,112.5));
#257 = CARTESIAN_POINT('',(9.767479696412,-3.827366816078,225.));
#258 = CARTESIAN_POINT('',(11.088953242726,-3.947306150594,0.));
#259 = CARTESIAN_POINT('',(11.088953242726,-3.947306150594,112.5));
#260 = CARTESIAN_POINT('',(11.088953242726,-3.947306150594,225.));
#261 = CARTESIAN_POINT('',(12.477661100695,-4.047538451046,0.));
#262 = CARTESIAN_POINT('',(12.477661100695,-4.047538451046,112.5));
#263 = CARTESIAN_POINT('',(12.477661100695,-4.047538451046,225.));
#264 = CARTESIAN_POINT('',(13.92993754996,-4.128761120489,0.));
#265 = CARTESIAN_POINT('',(13.92993754996,-4.128761120489,112.5));
#266 = CARTESIAN_POINT('',(13.92993754996,-4.128761120489,225.));
#267 = CARTESIAN_POINT('',(15.441986825862,-4.191859164571,0.));
#268 = CARTESIAN_POINT('',(15.441986825862,-4.191859164571,112.5));
#269 = CARTESIAN_POINT('',(15.441986825862,-4.191859164571,225.));
#270 = CARTESIAN_POINT('',(17.009887746114,-4.237846668392,0.));
#271 = CARTESIAN_POINT('',(17.009887746114,-4.237846668392,112.5));
#272 = CARTESIAN_POINT('',(17.009887746114,-4.237846668392,225.));
#273 = CARTESIAN_POINT('',(18.62959794615,-4.268053801604,0.));
#274 = CARTESIAN_POINT('',(18.62959794615,-4.268053801604,112.5));
#275 = CARTESIAN_POINT('',(18.62959794615,-4.268053801604,225.));
#276 = CARTESIAN_POINT('',(20.299040865283,-4.283345889857,0.));
#277 = CARTESIAN_POINT('',(20.299040865283,-4.283345889857,112.5));
#278 = CARTESIAN_POINT('',(20.299040865283,-4.283345889857,225.));
#279 = CARTESIAN_POINT('',(22.021096248957,-4.28707202398,0.));
#280 = CARTESIAN_POINT('',(22.021096248957,-4.28707202398,112.5));
#281 = CARTESIAN_POINT('',(22.021096248957,-4.28707202398,225.));
#282 = CARTESIAN_POINT('',(23.791437774365,-4.271576827279,0.));
#283 = CARTESIAN_POINT('',(23.791437774365,-4.271576827279,112.5));
#284 = CARTESIAN_POINT('',(23.791437774365,-4.271576827279,225.));
#285 = CARTESIAN_POINT('',(25.603275541446,-4.235908060803,0.));
#286 = CARTESIAN_POINT('',(25.603275541446,-4.235908060803,112.5));
#287 = CARTESIAN_POINT('',(25.603275541446,-4.235908060803,225.));
#288 = CARTESIAN_POINT('',(27.444603572539,-4.181768453595,0.));
#289 = CARTESIAN_POINT('',(27.444603572539,-4.181768453595,112.5));
#290 = CARTESIAN_POINT('',(27.444603572539,-4.181768453595,225.));
#291 = CARTESIAN_POINT('',(29.310279645288,-4.110292365638,0.));
#292 = CARTESIAN_POINT('',(29.310279645288,-4.110292365638,112.5));
#293 = CARTESIAN_POINT('',(29.310279645288,-4.110292365638,225.));
#294 = CARTESIAN_POINT('',(31.195090426146,-4.022857699733,0.));
#295 = CARTESIAN_POINT('',(31.195090426146,-4.022857699733,112.5));
#296 = CARTESIAN_POINT('',(31.195090426146,-4.022857699733,225.));
#297 = CARTESIAN_POINT('',(33.093761288318,-3.920848366804,0.));
#298 = CARTESIAN_POINT('',(33.093761288318,-3.920848366804,112.5));
#299 = CARTESIAN_POINT('',(33.093761288318,-3.920848366804,225.));
#300 = CARTESIAN_POINT('',(35.000971321861,-3.805689393895,0.));
#301 = CARTESIAN_POINT('',(35.000971321861,-3.805689393895,112.5));
#302 = CARTESIAN_POINT('',(35.000971321861,-3.805689393895,225.));
#303 = CARTESIAN_POINT('',(36.911367383716,-3.67880963187,0.));
#304 = CARTESIAN_POINT('',(36.911367383716,-3.67880963187,112.5));
#305 = CARTESIAN_POINT('',(36.911367383716,-3.67880963187,225.));
#306 = CARTESIAN_POINT('',(38.819578817645,-3.541627171072,0.));
#307 = CARTESIAN_POINT('',(38.819578817645,-3.541627171072,112.5));
#308 = CARTESIAN_POINT('',(38.819578817645,-3.541627171072,225.));
#309 = CARTESIAN_POINT('',(40.720232333618,-3.395532264355,0.));
#310 = CARTESIAN_POINT('',(40.720232333618,-3.395532264355,112.5));
#311 = CARTESIAN_POINT('',(40.720232333618,-3.395532264355,225.));
#312 = CARTESIAN_POINT('',(42.607967104931,-3.241875052125,0.));
#313 = CARTESIAN_POINT('',(42.607967104931,-3.241875052125,112.5));
#314 = CARTESIAN_POINT('',(42.607967104931,-3.241875052125,225.));
#315 = CARTESIAN_POINT('',(44.47744997845,-3.081956377888,0.));
#316 = CARTESIAN_POINT('',(44.47744997845,-3.081956377888,112.5));
#317 = CARTESIAN_POINT('',(44.47744997845,-3.081956377888,225.));
#318 = CARTESIAN_POINT('',(46.323390732583,-2.917022194364,0.));
#319 = CARTESIAN_POINT('',(46.323390732583,-2.917022194364,112.5));
#320 = CARTESIAN_POINT('',(46.323390732583,-2.917022194364,225.));
#321 = CARTESIAN_POINT('',(48.140557306602,-2.748261258569,0.));
#322 = CARTESIAN_POINT('',(48.140557306602,-2.748261258569,112.5));
#323 = CARTESIAN_POINT('',(48.140557306602,-2.748261258569,225.));
#324 = CARTESIAN_POINT('',(49.923790931247,-2.576805836658,0.));
#325 = CARTESIAN_POINT('',(49.923790931247,-2.576805836658,112.5));
#326 = CARTESIAN_POINT('',(49.923790931247,-2.576805836658,225.));
#327 = CARTESIAN_POINT('',(51.668021095523,-2.403734966215,0.));
#328 = CARTESIAN_POINT('',(51.668021095523,-2.403734966215,112.5));
#329 = CARTESIAN_POINT('',(51.668021095523,-2.403734966215,225.));
#330 = CARTESIAN_POINT('',(53.368280292221,-2.230079734248,0.));
#331 = CARTESIAN_POINT('',(53.368280292221,-2.230079734248,112.5));
#332 = CARTESIAN_POINT('',(53.368280292221,-2.230079734248,225.));
#333 = CARTESIAN_POINT('',(55.019718493165,-2.056829954088,0.));
#334 = CARTESIAN_POINT('',(55.019718493165,-2.056829954088,112.5));
#335 = CARTESIAN_POINT('',(55.019718493165,-2.056829954088,225.));
#336 = CARTESIAN_POINT('',(56.617617313285,-1.884941587949,0.));
#337 = CARTESIAN_POINT('',(56.617617313285,-1.884941587949,112.5));
#338 = CARTESIAN_POINT('',(56.617617313285,-1.884941587949,225.));
#339 = CARTESIAN_POINT('',(58.157403831731,-1.715344251079,0.));
#340 = CARTESIAN_POINT('',(58.157403831731,-1.715344251079,112.5));
#341 = CARTESIAN_POINT('',(58.157403831731,-1.715344251079,225.));
#342 = CARTESIAN_POINT('',(59.634664039927,-1.548948180758,0.));
#343 = CARTESIAN_POINT('',(59.634664039927,-1.548948180758,112.5));
#344 = CARTESIAN_POINT('',(59.634664039927,-1.548948180758,225.));
#345 = CARTESIAN_POINT('',(61.045155907475,-1.386650043945,0.));
#346 = CARTESIAN_POINT('',(61.045155907475,-1.386650043945,112.5));
#347 = CARTESIAN_POINT('',(61.045155907475,-1.386650043945,225.));
#348 = CARTESIAN_POINT('',(62.384822001187,-1.22933728181,0.));
#349 = CARTESIAN_POINT('',(62.384822001187,-1.22933728181,112.5));
#350 = CARTESIAN_POINT('',(62.384822001187,-1.22933728181,225.));
#351 = CARTESIAN_POINT('',(63.649801793049,-1.077889970978,0.));
#352 = CARTESIAN_POINT('',(63.649801793049,-1.077889970978,112.5));
#353 = CARTESIAN_POINT('',(63.649801793049,-1.077889970978,225.));
#354 = CARTESIAN_POINT('',(64.83644310017,-0.933182151163,0.));
#355 = CARTESIAN_POINT('',(64.83644310017,-0.933182151163,112.5));
#356 = CARTESIAN_POINT('',(64.83644310017,-0.933182151163,225.));
#357 = CARTESIAN_POINT('',(65.941314448473,-0.79607500775,0.));
#358 = CARTESIAN_POINT('',(65.941314448473,-0.79607500775,112.5));
#359 = CARTESIAN_POINT('',(65.941314448473,-0.79607500775,225.));
#360 = CARTESIAN_POINT('',(66.961212208529,-0.667427144719,0.));
#361 = CARTESIAN_POINT('',(66.961212208529,-0.667427144719,112.5));
#362 = CARTESIAN_POINT('',(66.961212208529,-0.667427144719,225.));
#363 = CARTESIAN_POINT('',(67.893182803223,-0.548038291829,0.));
#364 = CARTESIAN_POINT('',(67.893182803223,-0.548038291829,112.5));
#365 = CARTESIAN_POINT('',(67.893182803223,-0.548038291829,225.));
#366 = CARTESIAN_POINT('',(68.734493301065,-0.438801330191,0.));
#367 = CARTESIAN_POINT('',(68.734493301065,-0.438801330191,112.5));
#368 = CARTESIAN_POINT('',(68.734493301065,-0.438801330191,225.));
#369 = CARTESIAN_POINT('',(69.482764991227,-0.340178516421,0.));
#370 = CARTESIAN_POINT('',(69.482764991228,-0.340178516421,112.5));
#371 = CARTESIAN_POINT('',(69.482764991227,-0.340178516421,225.));
#372 = CARTESIAN_POINT('',(70.135592687438,-0.253792908359,0.));
#373 = CARTESIAN_POINT('',(70.135592687438,-0.253792908359,112.5));
#374 = CARTESIAN_POINT('',(70.135592687438,-0.253792908359,225.));
#375 = CARTESIAN_POINT('',(70.69173157278,-0.177556711613,0.));
#376 = CARTESIAN_POINT('',(70.69173157278,-0.177556711613,112.5));
#377 = CARTESIAN_POINT('',(70.69173157278,-0.177556711613,225.));
#378 = CARTESIAN_POINT('',(71.147661585336,-0.119844099973,0.));
#379 = CARTESIAN_POINT('',(71.147661585336,-0.119844099973,112.5));
#380 = CARTESIAN_POINT('',(71.147661585336,-0.119844099973,225.));
#381 = CARTESIAN_POINT('',(71.507124345386,-6.020478222092E-02,0.));
#382 = CARTESIAN_POINT('',(71.507124345386,-6.020478222092E-02,112.5));
#383 = CARTESIAN_POINT('',(71.507124345386,-6.020478222092E-02,225.));
#384 = CARTESIAN_POINT('',(71.756716317728,-4.994749829778E-02,0.));
#385 = CARTESIAN_POINT('',(71.756716317728,-4.994749829778E-02,112.5));
#386 = CARTESIAN_POINT('',(71.756716317728,-4.994749829778E-02,225.));
#387 = CARTESIAN_POINT('',(71.9248400037,1.63721775793E-02,0.));
#388 = CARTESIAN_POINT('',(71.9248400037,1.63721775793E-02,112.5));
#389 = CARTESIAN_POINT('',(71.9248400037,1.63721775793E-02,225.));
#390 = CARTESIAN_POINT('',(71.984408918449,-2.490967936307E-02,-0.));
#391 = CARTESIAN_POINT('',(71.984408918449,-2.490967936307E-02,112.5));
#392 = CARTESIAN_POINT('',(71.984408918449,-2.490967936307E-02,225.));
#393 = CARTESIAN_POINT('',(72.,-4.32E-02,0.));
#394 = CARTESIAN_POINT('',(72.,-4.32E-02,112.5));
#395 = CARTESIAN_POINT('',(72.,-4.32E-02,225.));
#396 = DEFINITIONAL_REPRESENTATION('',(#397),#401);
#397 = LINE('',#398,#399);
#398 = CARTESIAN_POINT('',(0.,0.));
#399 = VECTOR('',#400,1.);
#400 = DIRECTION('',(0.,1.));
#401 = ( GEOMETRIC_REPRESENTATION_CONTEXT(2) 
PARAMETRIC_REPRESENTATION_CONTEXT() REPRESENTATION_CONTEXT('2D SPACE',''
  ) );
#402 = PCURVE('',#403,#416);
#403 = B_SPLINE_SURFACE_WITH_KNOTS('',3,2,(
    (#404,#405,#406)
    ,(#407,#408,#409)
    ,(#410,#411,#412)
    ,(#413,#414,#415
    )),.UNSPECIFIED.,.F.,.F.,.F.,(4,4),(3,3),(1.,2.),(0.,1.),
  .PIECEWISE_BEZIER_KNOTS.);
#404 = CARTESIAN_POINT('',(72.,-4.32E-02,0.));
#405 = CARTESIAN_POINT('',(72.,-4.32E-02,112.5));
#406 = CARTESIAN_POINT('',(72.,-4.32E-02,225.));
#407 = CARTESIAN_POINT('',(72.,-1.44E-02,0.));
#408 = CARTESIAN_POINT('',(72.,-1.44E-02,112.5));
#409 = CARTESIAN_POINT('',(72.,-1.44E-02,225.));
#410 = CARTESIAN_POINT('',(72.,1.44E-02,0.));
#411 = CARTESIAN_POINT('',(72.,1.44E-02,112.5));
#412 = CARTESIAN_POINT('',(72.,1.44E-02,225.));
#413 = CARTESIAN_POINT('',(72.,4.32E-02,0.));
#414 = CARTESIAN_POINT('',(72.,4.32E-02,112.5));
#415 = CARTESIAN_POINT('',(72.,4.32E-02,225.));
#416 = DEFINITIONAL_REPRESENTATION('',(#417),#421);
#417 = LINE('',#418,#419);
#418 = CARTESIAN_POINT('',(2.,0.));
#419 = VECTOR('',#420,1.);
#420 = DIRECTION('',(0.,1.));
#421 = ( GEOMETRIC_REPRESENTATION_CONTEXT(2) 
PARAMETRIC_REPRESENTATION_CONTEXT() REPRESENTATION_CONTEXT('2D SPACE',''
  ) );
#422 = ORIENTED_EDGE('',*,*,#423,.T.);
#423 = EDGE_CURVE('',#22,#424,#426,.T.);
#424 = VERTEX_POINT('',#425);
#425 = CARTESIAN_POINT('',(20.7,6.008235883314,0.));
#426 = SURFACE_CURVE('',#427,(#549,#556),.PCURVE_S1.);
#427 = B_SPLINE_CURVE_WITH_KNOTS('',3,(#428,#429,#430,#431,#432,#433,
    #434,#435,#436,#437,#438,#439,#440,#441,#442,#443,#444,#445,#446,
    #447,#448,#449,#450,#451,#452,#453,#454,#455,#456,#457,#458,#459,
    #460,#461,#462,#463,#464,#465,#466,#467,#468,#469,#470,#471,#472,
    #473,#474,#475,#476,#477,#478,#479,#480,#481,#482,#483,#484,#485,
    #486,#487,#488,#489,#490,#491,#492,#493,#494,#495,#496,#497,#498,
    #499,#500,#501,#502,#503,#504,#505,#506,#507,#508,#509,#510,#511,
    #512,#513,#514,#515,#516,#517,#518,#519,#520,#521,#522,#523,#524,
    #525,#526,#527,#528,#529,#530,#531,#532,#533,#534,#535,#536,#537,
    #538,#539,#540,#541,#542,#543,#544,#545,#546,#547,#548),
  .UNSPECIFIED.,.F.,.F.,(4,1,1,1,1,1,1,1,1,1,1,1,1,1,1,1,1,1,1,1,1,1,1,1
    ,1,1,1,1,1,1,1,1,1,1,1,1,1,1,1,1,1,1,1,1,1,1,1,1,1,1,1,1,1,1,1,1,1,1
    ,1,1,1,1,1,1,1,1,1,1,1,1,1,1,1,1,1,1,1,1,1,1,1,1,1,1,1,1,1,1,1,1,1,1
    ,1,1,1,1,1,1,1,1,1,1,1,1,1,1,1,1,1,1,1,1,1,1,1,1,1,1,4),(0.,
    4.078407677411E-04,1.457980549597E-03,3.204753366262E-03,
    5.642985368529E-03,8.765465479536E-03,1.256297669321E-02,
    1.702433495068E-02,2.213643470887E-02,2.788430025551E-02,
    3.425114182613E-02,4.121841563833E-02,4.876588706683E-02,
    5.687169632928E-02,6.551242622383E-02,7.466317164093E-02,
    8.429761075195E-02,9.438807794483E-02,0.104905638724,0.115820166915,
    0.1271004246,0.138714145282,0.1506281208,0.1628082925,0.175219847173
    ,0.187827318137,0.200594691796,0.213485519815,0.22646303689,
    0.239490283867,0.252530235719,0.265545933618,0.278500620098,
    0.291357876051,0.304081758111,0.316636934886,0.328988820492,
    0.341103703964,0.353090161194,0.364812648141,0.376197519167,
    0.38721480852,0.397836016232,0.408034235542,0.417784287292,
    0.427062868614,0.435848726665,0.444122873021,0.451868861729,
    0.459073165549,0.465725703577,0.471820604191,0.477357338614,
    0.482342444921,0.486792194201,0.490736722153,0.49422623504,
    0.4973393663,0.500191267412,0.502933737755,0.505676143618,
    0.508526386493,0.511632585991,0.515105416054,0.519019187057,
    0.523420263997,0.528335467762,0.533778262572,0.539752873742,
    0.546256953268,0.553283311049,0.560821057132,0.568856370053,
    0.577373023458,0.586352753065,0.595775516221,0.605619678387,
    0.615862149932,0.626478489749,0.637442987668,0.648728734495,
    0.660350032239,0.672380507178,0.684646833505,0.697115935464,
    0.709753854552,0.722525869195,0.73539661944,0.748330235365,
    0.761290467738,0.774240819394,0.787144675907,0.799965434253,
    0.812666628411,0.825212051079,0.837565870937,0.849692745131,
    0.86155792689,0.873127368371,0.884367818963,0.89524691945,
    0.905733292442,0.915796629611,0.925407776187,0.934538813214,
    0.943163137948,0.951255542705,0.958792292319,0.965751200209,
    0.972111702872,0.977854932419,0.982963786569,0.987422995334,
    0.991219183478,0.994340927712,0.996778807537,0.998525448648,
    0.999575557896,1.),.UNSPECIFIED.);
#428 = CARTESIAN_POINT('',(72.,4.32E-02,0.));
#429 = CARTESIAN_POINT('',(71.984221714961,2.623174440698E-02,0.));
#430 = CARTESIAN_POINT('',(71.923696633015,-1.218274920545E-02,0.));
#431 = CARTESIAN_POINT('',(71.760293358299,6.733077767122E-02,0.));
#432 = CARTESIAN_POINT('',(71.512524417189,9.328244997454E-02,0.));
#433 = CARTESIAN_POINT('',(71.157609566969,0.17765836874,0.));
#434 = CARTESIAN_POINT('',(70.706551334166,0.265612266985,0.));
#435 = CARTESIAN_POINT('',(70.156458687307,0.378693366691,0.));
#436 = CARTESIAN_POINT('',(69.510376771845,0.507691612558,0.));
#437 = CARTESIAN_POINT('',(68.769539766247,0.654499335452,0.));
#438 = CARTESIAN_POINT('',(67.936164468403,0.817011226542,0.));
#439 = CARTESIAN_POINT('',(67.012487343922,0.994320394971,0.));
#440 = CARTESIAN_POINT('',(66.001075595555,1.185025913379,0.));
#441 = CARTESIAN_POINT('',(64.904719943764,1.387795900227,0.));
#442 = CARTESIAN_POINT('',(63.726459691867,1.601210355375,0.));
#443 = CARTESIAN_POINT('',(62.469565504084,1.823826596577,0.));
#444 = CARTESIAN_POINT('',(61.137534111024,2.054174014452,0.));
#445 = CARTESIAN_POINT('',(59.734078408345,2.290767357714,0.));
#446 = CARTESIAN_POINT('',(58.263117956895,2.532111544605,0.));
#447 = CARTESIAN_POINT('',(56.728768440869,2.776706051106,0.));
#448 = CARTESIAN_POINT('',(55.13533056472,3.023046707263,0.));
#449 = CARTESIAN_POINT('',(53.487278312768,3.269625897995,0.));
#450 = CARTESIAN_POINT('',(51.789246662024,3.514931391247,0.));
#451 = CARTESIAN_POINT('',(50.046018792095,3.757444359741,0.));
#452 = CARTESIAN_POINT('',(48.262512847574,3.995637151547,0.));
#453 = CARTESIAN_POINT('',(46.44376830058,4.227971417123,0.));
#454 = CARTESIAN_POINT('',(44.594931956635,4.452897194186,0.));
#455 = CARTESIAN_POINT('',(42.721243640298,4.668853518835,0.));
#456 = CARTESIAN_POINT('',(40.82802159035,4.874271068255,0.));
#457 = CARTESIAN_POINT('',(38.920647587523,5.06757723267,0.));
#458 = CARTESIAN_POINT('',(37.004551833703,5.247203939495,0.));
#459 = CARTESIAN_POINT('',(35.085197592638,5.411598236145,0.));
#460 = CARTESIAN_POINT('',(33.168065619131,5.55923613728,0.));
#461 = CARTESIAN_POINT('',(31.258638334192,5.688637638146,0.));
#462 = CARTESIAN_POINT('',(29.362383966368,5.798389696803,0.));
#463 = CARTESIAN_POINT('',(27.484739924304,5.887150335506,0.));
#464 = CARTESIAN_POINT('',(25.631098208209,5.953730164934,0.));
#465 = CARTESIAN_POINT('',(23.806782721962,5.996895716649,0.));
#466 = CARTESIAN_POINT('',(22.010091894409,6.016262315207,0.));
#467 = CARTESIAN_POINT('',(20.244284666721,6.008912886959,0.));
#468 = CARTESIAN_POINT('',(18.514956979868,5.965446857909,0.));
#469 = CARTESIAN_POINT('',(16.834636840278,5.888113808741,0.));
#470 = CARTESIAN_POINT('',(15.210590663863,5.77714453907,0.));
#471 = CARTESIAN_POINT('',(13.647812736416,5.633647085709,0.));
#472 = CARTESIAN_POINT('',(12.151082171681,5.458844263779,0.));
#473 = CARTESIAN_POINT('',(10.724941257141,5.254261736029,0.));
#474 = CARTESIAN_POINT('',(9.373673707815,5.021652437276,0.));
#475 = CARTESIAN_POINT('',(8.101285073661,4.762980266356,0.));
#476 = CARTESIAN_POINT('',(6.911484780904,4.48038155269,0.));
#477 = CARTESIAN_POINT('',(5.807669717899,4.176125231313,0.));
#478 = CARTESIAN_POINT('',(4.792908805104,3.852566790786,0.));
#479 = CARTESIAN_POINT('',(3.869927685777,3.512096971921,0.));
#480 = CARTESIAN_POINT('',(3.041092331994,3.157083399423,0.));
#481 = CARTESIAN_POINT('',(2.308390850751,2.789800753784,0.));
#482 = CARTESIAN_POINT('',(1.673415139218,2.412340106554,0.));
#483 = CARTESIAN_POINT('',(1.137357047989,2.026476856156,0.));
#484 = CARTESIAN_POINT('',(0.701064633603,1.633476661869,0.));
#485 = CARTESIAN_POINT('',(0.365309135041,1.233836858307,0.));
#486 = CARTESIAN_POINT('',(0.131468201859,0.827262199993,0.));
#487 = CARTESIAN_POINT('',(2.610739939513E-03,0.413566537933,0.));
#488 = CARTESIAN_POINT('',(-1.738517016726E-02,-1.394771597038E-03,0.));
#489 = CARTESIAN_POINT('',(6.829918958043E-02,-0.407775947084,0.));
#490 = CARTESIAN_POINT('',(0.260163279901,-0.795684499761,0.));
#491 = CARTESIAN_POINT('',(0.552677478468,-1.16056237707,0.));
#492 = CARTESIAN_POINT('',(0.94223482932,-1.503746075605,0.));
#493 = CARTESIAN_POINT('',(1.42693129528,-1.826544639829,0.));
#494 = CARTESIAN_POINT('',(2.005382684217,-2.129588407527,0.));
#495 = CARTESIAN_POINT('',(2.676096088126,-2.412959003937,0.));
#496 = CARTESIAN_POINT('',(3.437272195287,-2.676464537771,0.));
#497 = CARTESIAN_POINT('',(4.286793748968,-2.919814692745,0.));
#498 = CARTESIAN_POINT('',(5.222258667982,-3.142725113897,0.));
#499 = CARTESIAN_POINT('',(6.241017835581,-3.344978185654,0.));
#500 = CARTESIAN_POINT('',(7.340206603373,-3.526462444201,0.));
#501 = CARTESIAN_POINT('',(8.5167695597,-3.687200044661,0.));
#502 = CARTESIAN_POINT('',(9.767479696412,-3.827366816078,0.));
#503 = CARTESIAN_POINT('',(11.088953242726,-3.947306150594,0.));
#504 = CARTESIAN_POINT('',(12.477661100695,-4.047538451046,0.));
#505 = CARTESIAN_POINT('',(13.92993754996,-4.128761120489,0.));
#506 = CARTESIAN_POINT('',(15.441986825862,-4.191859164571,0.));
#507 = CARTESIAN_POINT('',(17.009887746114,-4.237846668392,0.));
#508 = CARTESIAN_POINT('',(18.62959794615,-4.268053801604,0.));
#509 = CARTESIAN_POINT('',(20.299040865283,-4.283345889857,0.));
#510 = CARTESIAN_POINT('',(22.021096248957,-4.28707202398,0.));
#511 = CARTESIAN_POINT('',(23.791437774365,-4.271576827279,0.));
#512 = CARTESIAN_POINT('',(25.603275541446,-4.235908060803,0.));
#513 = CARTESIAN_POINT('',(27.444603572539,-4.181768453595,0.));
#514 = CARTESIAN_POINT('',(29.310279645288,-4.110292365638,0.));
#515 = CARTESIAN_POINT('',(31.195090426146,-4.022857699733,0.));
#516 = CARTESIAN_POINT('',(33.093761288318,-3.920848366804,0.));
#517 = CARTESIAN_POINT('',(35.000971321861,-3.805689393895,0.));
#518 = CARTESIAN_POINT('',(36.911367383716,-3.67880963187,0.));
#519 = CARTESIAN_POINT('',(38.819578817645,-3.541627171072,0.));
#520 = CARTESIAN_POINT('',(40.720232333618,-3.395532264355,0.));
#521 = CARTESIAN_POINT('',(42.607967104931,-3.241875052125,0.));
#522 = CARTESIAN_POINT('',(44.47744997845,-3.081956377888,0.));
#523 = CARTESIAN_POINT('',(46.323390732583,-2.917022194364,0.));
#524 = CARTESIAN_POINT('',(48.140557306602,-2.748261258569,0.));
#525 = CARTESIAN_POINT('',(49.923790931247,-2.576805836658,0.));
#526 = CARTESIAN_POINT('',(51.668021095523,-2.403734966215,0.));
#527 = CARTESIAN_POINT('',(53.368280292221,-2.230079734248,0.));
#528 = CARTESIAN_POINT('',(55.019718493165,-2.056829954088,0.));
#529 = CARTESIAN_POINT('',(56.617617313285,-1.884941587949,0.));
#530 = CARTESIAN_POINT('',(58.157403831731,-1.715344251079,0.));
#531 = CARTESIAN_POINT('',(59.634664039927,-1.548948180758,0.));
#532 = CARTESIAN_POINT('',(61.045155907475,-1.386650043945,0.));
#533 = CARTESIAN_POINT('',(62.384822001187,-1.22933728181,0.));
#534 = CARTESIAN_POINT('',(63.649801793049,-1.077889970978,0.));
#535 = CARTESIAN_POINT('',(64.83644310017,-0.933182151163,0.));
#536 = CARTESIAN_POINT('',(65.941314448473,-0.79607500775,0.));
#537 = CARTESIAN_POINT('',(66.961212208529,-0.667427144719,0.));
#538 = CARTESIAN_POINT('',(67.893182803223,-0.548038291829,0.));
#539 = CARTESIAN_POINT('',(68.734493301065,-0.438801330191,0.));
#540 = CARTESIAN_POINT('',(69.482764991227,-0.340178516421,0.));
#541 = CARTESIAN_POINT('',(70.135592687438,-0.253792908359,0.));
#542 = CARTESIAN_POINT('',(70.69173157278,-0.177556711613,0.));
#543 = CARTESIAN_POINT('',(71.147661585336,-0.119844099973,0.));
#544 = CARTESIAN_POINT('',(71.507124345386,-6.020478222092E-02,0.));
#545 = CARTESIAN_POINT('',(71.756716317728,-4.994749829778E-02,0.));
#546 = CARTESIAN_POINT('',(71.9248400037,1.63721775793E-02,0.));
#547 = CARTESIAN_POINT('',(71.984408918449,-2.490967936307E-02,0.));
#548 = CARTESIAN_POINT('',(72.,-4.32E-02,0.));
#549 = PCURVE('',#32,#550);
#550 = DEFINITIONAL_REPRESENTATION('',(#551),#555);
#551 = LINE('',#552,#553);
#552 = CARTESIAN_POINT('',(0.,0.));
#553 = VECTOR('',#554,1.);
#554 = DIRECTION('',(1.,0.));
#555 = ( GEOMETRIC_REPRESENTATION_CONTEXT(2) 
PARAMETRIC_REPRESENTATION_CONTEXT() REPRESENTATION_CONTEXT('2D SPACE',''
  ) );
#556 = PCURVE('',#557,#562);
#557 = PLANE('',#558);
#558 = AXIS2_PLACEMENT_3D('',#559,#560,#561);
#559 = CARTESIAN_POINT('',(72.,4.32E-02,0.));
#560 = DIRECTION('',(0.,0.,-1.));
#561 = DIRECTION('',(-0.999985338877,5.414982084736E-03,0.));
#562 = DEFINITIONAL_REPRESENTATION('',(#563),#685);
#563 = B_SPLINE_CURVE_WITH_KNOTS('',3,(#564,#565,#566,#567,#568,#569,
    #570,#571,#572,#573,#574,#575,#576,#577,#578,#579,#580,#581,#582,
    #583,#584,#585,#586,#587,#588,#589,#590,#591,#592,#593,#594,#595,
    #596,#597,#598,#599,#600,#601,#602,#603,#604,#605,#606,#607,#608,
    #609,#610,#611,#612,#613,#614,#615,#616,#617,#618,#619,#620,#621,
    #622,#623,#624,#625,#626,#627,#628,#629,#630,#631,#632,#633,#634,
    #635,#636,#637,#638,#639,#640,#641,#642,#643,#644,#645,#646,#647,
    #648,#649,#650,#651,#652,#653,#654,#655,#656,#657,#658,#659,#660,
    #661,#662,#663,#664,#665,#666,#667,#668,#669,#670,#671,#672,#673,
    #674,#675,#676,#677,#678,#679,#680,#681,#682,#683,#684),
  .UNSPECIFIED.,.F.,.F.,(4,1,1,1,1,1,1,1,1,1,1,1,1,1,1,1,1,1,1,1,1,1,1,1
    ,1,1,1,1,1,1,1,1,1,1,1,1,1,1,1,1,1,1,1,1,1,1,1,1,1,1,1,1,1,1,1,1,1,1
    ,1,1,1,1,1,1,1,1,1,1,1,1,1,1,1,1,1,1,1,1,1,1,1,1,1,1,1,1,1,1,1,1,1,1
    ,1,1,1,1,1,1,1,1,1,1,1,1,1,1,1,1,1,1,1,1,1,1,1,1,1,1,4),(0.,
    4.078407677411E-04,1.457980549597E-03,3.204753366262E-03,
    5.642985368529E-03,8.765465479536E-03,1.256297669321E-02,
    1.702433495068E-02,2.213643470887E-02,2.788430025551E-02,
    3.425114182613E-02,4.121841563833E-02,4.876588706683E-02,
    5.687169632928E-02,6.551242622383E-02,7.466317164093E-02,
    8.429761075195E-02,9.438807794483E-02,0.104905638724,0.115820166915,
    0.1271004246,0.138714145282,0.1506281208,0.1628082925,0.175219847173
    ,0.187827318137,0.200594691796,0.213485519815,0.22646303689,
    0.239490283867,0.252530235719,0.265545933618,0.278500620098,
    0.291357876051,0.304081758111,0.316636934886,0.328988820492,
    0.341103703964,0.353090161194,0.364812648141,0.376197519167,
    0.38721480852,0.397836016232,0.408034235542,0.417784287292,
    0.427062868614,0.435848726665,0.444122873021,0.451868861729,
    0.459073165549,0.465725703577,0.471820604191,0.477357338614,
    0.482342444921,0.486792194201,0.490736722153,0.49422623504,
    0.4973393663,0.500191267412,0.502933737755,0.505676143618,
    0.508526386493,0.511632585991,0.515105416054,0.519019187057,
    0.523420263997,0.528335467762,0.533778262572,0.539752873742,
    0.546256953268,0.553283311049,0.560821057132,0.568856370053,
    0.577373023458,0.586352753065,0.595775516221,0.605619678387,
    0.615862149932,0.626478489749,0.637442987668,0.648728734495,
    0.660350032239,0.672380507178,0.684646833505,0.697115935464,
    0.709753854552,0.722525869195,0.73539661944,0.748330235365,
    0.761290467738,0.774240819394,0.787144675907,0.799965434253,
    0.812666628411,0.825212051079,0.837565870937,0.849692745131,
    0.86155792689,0.873127368371,0.884367818963,0.89524691945,
    0.905733292442,0.915796629611,0.925407776187,0.934538813214,
    0.943163137948,0.951255542705,0.958792292319,0.965751200209,
    0.972111702872,0.977854932419,0.982963786569,0.987422995334,
    0.991219183478,0.994340927712,0.996778807537,0.998525448648,
    0.999575557896,1.),.UNSPECIFIED.);
#564 = CARTESIAN_POINT('',(0.,0.));
#565 = CARTESIAN_POINT('',(1.568617091179E-02,-1.705344595016E-02));
#566 = CARTESIAN_POINT('',(7.600235169693E-02,-5.579511859738E-02));
#567 = CARTESIAN_POINT('',(0.239833795062,2.283241671652E-02));
#568 = CARTESIAN_POINT('',(0.487739631441,4.744204416191E-02));
#569 = CARTESIAN_POINT('',(0.843106172299,0.129894868326));
#570 = CARTESIAN_POINT('',(1.294634060865,0.215405004818));
#571 = CARTESIAN_POINT('',(1.845330974877,0.325505704801));
#572 = CARTESIAN_POINT('',(2.492101941244,0.451003537411));
#573 = CARTESIAN_POINT('',(3.233723046529,0.593797488826));
#574 = CARTESIAN_POINT('',(4.067966125134,0.751794285001));
#575 = CARTESIAN_POINT('',(4.992589833441,0.924099158798));
#576 = CARTESIAN_POINT('',(6.005019420341,1.109325104751));
#577 = CARTESIAN_POINT('',(7.102456994174,1.306155372551));
#578 = CARTESIAN_POINT('',(8.281855606904,1.513186440647));
#579 = CARTESIAN_POINT('',(9.539936830164,1.728993358536));
#580 = CARTESIAN_POINT('',(10.873196021289,1.95212447313));
#581 = CARTESIAN_POINT('',(12.277912296446,2.181114660181));
#582 = CARTESIAN_POINT('',(13.750158056412,2.414490084204));
#583 = CARTESIAN_POINT('',(15.285809552022,2.650772529533));
#584 = CARTESIAN_POINT('',(16.880557996822,2.888481136507));
#585 = CARTESIAN_POINT('',(18.529921308379,3.126132538692));
#586 = CARTESIAN_POINT('',(20.229256388922,3.362239624522));
#587 = CARTESIAN_POINT('',(21.973771904553,3.595309489818));
#588 = CARTESIAN_POINT('',(23.758541510575,3.823841136713));
#589 = CARTESIAN_POINT('',(25.578517478617,4.046323526869));
#590 = CARTESIAN_POINT('',(27.428544685599,4.261234590588));
#591 = CARTESIAN_POINT('',(29.303374931189,4.467041760408));
#592 = CARTESIAN_POINT('',(31.197681556726,4.662204534694));
#593 = CARTESIAN_POINT('',(33.106074344726,4.845179468969));
#594 = CARTESIAN_POINT('',(35.023114681829,5.014427918086));
#595 = CARTESIAN_POINT('',(36.943330975178,5.168426535701));
#596 = CARTESIAN_POINT('',(38.861234297966,5.305681037008));
#597 = CARTESIAN_POINT('',(40.771334295366,5.424741126163));
#598 = CARTESIAN_POINT('',(42.668155167403,5.524223392302));
#599 = CARTESIAN_POINT('',(44.546252318365,5.602815320825));
#600 = CARTESIAN_POINT('',(46.400227386575,5.659356737433));
#601 = CARTESIAN_POINT('',(48.224749866997,5.692643020617));
#602 = CARTESIAN_POINT('',(50.021519222829,5.702280286596));
#603 = CARTESIAN_POINT('',(51.787260764778,5.685369151596));
#604 = CARTESIAN_POINT('',(53.516327729976,5.632539481364));
#605 = CARTESIAN_POINT('',(55.19620447711,5.546108662533));
#606 = CARTESIAN_POINT('',(56.819625946578,5.426346838846));
#607 = CARTESIAN_POINT('',(58.381603925806,5.274389074839));
#608 = CARTESIAN_POINT('',(59.877365992641,5.091484046521));
#609 = CARTESIAN_POINT('',(61.302378187631,4.879181990679));
#610 = CARTESIAN_POINT('',(62.652366350672,4.639259012667));
#611 = CARTESIAN_POINT('',(63.923335625009,4.373700672513));
#612 = CARTESIAN_POINT('',(65.111588206985,4.084663354792));
#613 = CARTESIAN_POINT('',(66.213739544292,3.774434355364));
#614 = CARTESIAN_POINT('',(67.226733516394,3.445385746404));
#615 = CARTESIAN_POINT('',(68.147857465812,3.099922992982));
#616 = CARTESIAN_POINT('',(68.974758275803,2.74042649679));
#617 = CARTESIAN_POINT('',(69.705460185874,2.369181670533));
#618 = CARTESIAN_POINT('',(70.338382645307,1.988288175198));
#619 = CARTESIAN_POINT('',(70.872343434734,1.599527837028));
#620 = CARTESIAN_POINT('',(71.306501363572,1.204170888957));
#621 = CARTESIAN_POINT('',(71.640087897205,0.802718834554));
#622 = CARTESIAN_POINT('',(71.871723807525,0.394883892618));
#623 = CARTESIAN_POINT('',(71.998339225651,-1.95034650476E-02));
#624 = CARTESIAN_POINT('',(72.016087834539,-0.434566968274));
#625 = CARTESIAN_POINT('',(71.928204184235,-0.840478206483));
#626 = CARTESIAN_POINT('',(71.734242388994,-1.227342131373));
#627 = CARTESIAN_POINT('',(71.439756671845,-1.590630700019));
#628 = CARTESIAN_POINT('',(71.048346698762,-1.931699921019));
#629 = CARTESIAN_POINT('',(70.561909390554,-2.251869129974));
#630 = CARTESIAN_POINT('',(69.981825505791,-2.551776150802));
#631 = CARTESIAN_POINT('',(69.309587488591,-2.831510691615));
#632 = CARTESIAN_POINT('',(68.546995663382,-3.090890607178));
#633 = CARTESIAN_POINT('',(67.696168827911,-3.329637050372));
#634 = CARTESIAN_POINT('',(66.759510567926,-3.547478677629));
#635 = CARTESIAN_POINT('',(65.739671139721,-3.744212221488));
#636 = CARTESIAN_POINT('',(64.639515753262,-3.919741731786));
#637 = CARTESIAN_POINT('',(63.462099655441,-4.074105908323));
#638 = CARTESIAN_POINT('',(62.210648854989,-4.207498051754));
#639 = CARTESIAN_POINT('',(60.888545213613,-4.320279872246));
#640 = CARTESIAN_POINT('',(59.49931495955,-4.412990875008));
#641 = CARTESIAN_POINT('',(58.046619982989,-4.486348302681));
#642 = CARTESIAN_POINT('',(56.534251200648,-4.541257701934));
#643 = CARTESIAN_POINT('',(54.966124246075,-4.578754376133));
#644 = CARTESIAN_POINT('',(53.346274221724,-4.600190364758));
#645 = CARTESIAN_POINT('',(51.676772972115,-4.606442225314));
#646 = CARTESIAN_POINT('',(49.954722658758,-4.600843405756));
#647 = CARTESIAN_POINT('',(48.184490994757,-4.575762068588));
#648 = CARTESIAN_POINT('',(46.372872936984,-4.530282756007));
#649 = CARTESIAN_POINT('',(44.53186506683,-4.466173184246));
#650 = CARTESIAN_POINT('',(42.666603388723,-4.384595541699));
#651 = CARTESIAN_POINT('',(40.782293698458,-4.286955941073));
#652 = CARTESIAN_POINT('',(38.884203051643,-4.174666835011));
#653 = CARTESIAN_POINT('',(36.977644563716,-4.049182042299));
#654 = CARTESIAN_POINT('',(35.067963562051,-3.911959380024));
#655 = CARTESIAN_POINT('',(33.160522945212,-3.764445999746));
#656 = CARTESIAN_POINT('',(31.260688396257,-3.608061230206));
#657 = CARTESIAN_POINT('',(29.373813352306,-3.444184220796));
#658 = CARTESIAN_POINT('',(27.505223844262,-3.274144674879));
#659 = CARTESIAN_POINT('',(25.660203269341,-3.099217173363));
#660 = CARTESIAN_POINT('',(23.843977174469,-2.920618787349));
#661 = CARTESIAN_POINT('',(22.06169812207,-2.739509701037));
#662 = CARTESIAN_POINT('',(20.31843070583,-2.556996392915));
#663 = CARTESIAN_POINT('',(18.619136776811,-2.374136833839));
#664 = CARTESIAN_POINT('',(16.968660932261,-2.191947085444));
#665 = CARTESIAN_POINT('',(15.371716311555,-2.011408645898));
#666 = CARTESIAN_POINT('',(13.832870734649,-1.833475879103));
#667 = CARTESIAN_POINT('',(12.356533216487,-1.659082910773));
#668 = CARTESIAN_POINT('',(10.946940869837,-1.48914936524));
#669 = CARTESIAN_POINT('',(9.608146262923,-1.32458464159));
#670 = CARTESIAN_POINT('',(8.34400510156,-1.166289708235));
#671 = CARTESIAN_POINT('',(7.158164782185,-1.01515836858));
#672 = CARTESIAN_POINT('',(6.054052065262,-0.872070376755));
#673 = CARTESIAN_POINT('',(5.034865883927,-0.737901671747));
#674 = CARTESIAN_POINT('',(4.103555441467,-0.613467965158));
#675 = CARTESIAN_POINT('',(3.262848794372,-0.499676923783));
#676 = CARTESIAN_POINT('',(2.515122115482,-0.397003678137));
#677 = CARTESIAN_POINT('',(1.862771766979,-0.307084286305));
#678 = CARTESIAN_POINT('',(1.307053852897,-0.227837725167));
#679 = CARTESIAN_POINT('',(0.851443037545,-0.167657106809));
#680 = CARTESIAN_POINT('',(0.49230849346,-0.10607217903));
#681 = CARTESIAN_POINT('',(0.242775723426,-9.446350943187E-02));
#682 = CARTESIAN_POINT('',(7.501362219273E-02,-2.723441912816E-02));
#683 = CARTESIAN_POINT('',(1.522204027459E-02,-6.819310622597E-02));
#684 = CARTESIAN_POINT('',(-4.678544521255E-04,-8.639873327898E-02));
#685 = ( GEOMETRIC_REPRESENTATION_CONTEXT(2) 
PARAMETRIC_REPRESENTATION_CONTEXT() REPRESENTATION_CONTEXT('2D SPACE',''
  ) );
#686 = ORIENTED_EDGE('',*,*,#687,.T.);
#687 = EDGE_CURVE('',#424,#688,#690,.T.);
#688 = VERTEX_POINT('',#689);
#689 = CARTESIAN_POINT('',(20.7,6.008235883314,10.));
#690 = SURFACE_CURVE('',#691,(#699,#710),.PCURVE_S1.);
#691 = B_SPLINE_CURVE_WITH_KNOTS('',3,(#692,#693,#694,#695,#696,#697,
    #698),.UNSPECIFIED.,.F.,.F.,(4,1,1,1,4),(0.,0.315,0.63,0.945,1.),
  .UNSPECIFIED.);
#692 = CARTESIAN_POINT('',(20.7,6.008235883314,0.));
#693 = CARTESIAN_POINT('',(20.7,6.008235883314,1.05));
#694 = CARTESIAN_POINT('',(20.7,6.008235883314,3.15));
#695 = CARTESIAN_POINT('',(20.7,6.008235883314,6.3));
#696 = CARTESIAN_POINT('',(20.7,6.008235883314,8.583333333333));
#697 = CARTESIAN_POINT('',(20.7,6.008235883314,9.816666666667));
#698 = CARTESIAN_POINT('',(20.7,6.008235883314,10.));
#699 = PCURVE('',#32,#700);
#700 = DEFINITIONAL_REPRESENTATION('',(#701),#709);
#701 = B_SPLINE_CURVE_WITH_KNOTS('',3,(#702,#703,#704,#705,#706,#707,
    #708),.UNSPECIFIED.,.F.,.F.,(4,1,1,1,4),(0.,0.315,0.63,0.945,1.),
  .UNSPECIFIED.);
#702 = CARTESIAN_POINT('',(0.349920622734,0.));
#703 = CARTESIAN_POINT('',(0.349920622734,4.666666666667E-03));
#704 = CARTESIAN_POINT('',(0.349920622734,1.4E-02));
#705 = CARTESIAN_POINT('',(0.349920622734,2.8E-02));
#706 = CARTESIAN_POINT('',(0.349920622734,3.814814814815E-02));
#707 = CARTESIAN_POINT('',(0.349920622734,4.362962962963E-02));
#708 = CARTESIAN_POINT('',(0.349920622734,4.444444444444E-02));
#709 = ( GEOMETRIC_REPRESENTATION_CONTEXT(2) 
PARAMETRIC_REPRESENTATION_CONTEXT() REPRESENTATION_CONTEXT('2D SPACE',''
  ) );
#710 = PCURVE('',#711,#716);
#711 = PLANE('',#712);
#712 = AXIS2_PLACEMENT_3D('',#713,#714,#715);
#713 = CARTESIAN_POINT('',(20.7,-20.,-1.));
#714 = DIRECTION('',(-1.,0.,0.));
#715 = DIRECTION('',(0.,1.,0.));
#716 = DEFINITIONAL_REPRESENTATION('',(#717),#725);
#717 = B_SPLINE_CURVE_WITH_KNOTS('',3,(#718,#719,#720,#721,#722,#723,
    #724),.UNSPECIFIED.,.F.,.F.,(4,1,1,1,4),(0.,0.315,0.63,0.945,1.),
  .UNSPECIFIED.);
#718 = CARTESIAN_POINT('',(26.008235883314,-1.));
#719 = CARTESIAN_POINT('',(26.008235883314,-2.05));
#720 = CARTESIAN_POINT('',(26.008235883314,-4.15));
#721 = CARTESIAN_POINT('',(26.008235883314,-7.3));
#722 = CARTESIAN_POINT('',(26.008235883314,-9.583333333333));
#723 = CARTESIAN_POINT('',(26.008235883314,-10.81666666666));
#724 = CARTESIAN_POINT('',(26.008235883314,-11.));
#725 = ( GEOMETRIC_REPRESENTATION_CONTEXT(2) 
PARAMETRIC_REPRESENTATION_CONTEXT() REPRESENTATION_CONTEXT('2D SPACE',''
  ) );
#726 = ORIENTED_EDGE('',*,*,#727,.F.);
#727 = EDGE_CURVE('',#728,#688,#730,.T.);
#728 = VERTEX_POINT('',#729);
#729 = CARTESIAN_POINT('',(15.3,5.777993652176,10.));
#730 = SURFACE_CURVE('',#731,(#746,#764),.PCURVE_S1.);
#731 = B_SPLINE_CURVE_WITH_KNOTS('',5,(#732,#733,#734,#735,#736,#737,
    #738,#739,#740,#741,#742,#743,#744,#745),.UNSPECIFIED.,.F.,.F.,(6,4,
    4,6),(0.,0.482689009436,0.728867218472,1.),.UNSPECIFIED.);
#732 = CARTESIAN_POINT('',(15.3,5.777993652176,10.));
#733 = CARTESIAN_POINT('',(15.820272550371,5.81893260277,10.));
#734 = CARTESIAN_POINT('',(16.340932629529,5.85494615552,10.));
#735 = CARTESIAN_POINT('',(16.861901651684,5.886240540019,10.));
#736 = CARTESIAN_POINT('',(17.383112284507,5.913024644709,10.));
#737 = CARTESIAN_POINT('',(18.170427853743,5.946977874125,10.));
#738 = CARTESIAN_POINT('',(18.436395442817,5.957324565099,10.));
#739 = CARTESIAN_POINT('',(18.70240361644,5.966592945089,10.));
#740 = CARTESIAN_POINT('',(18.968445980228,5.974787573681,10.));
#741 = CARTESIAN_POINT('',(19.527559660708,5.989753101098,10.));
#742 = CARTESIAN_POINT('',(19.820637601948,5.996292534049,10.));
#743 = CARTESIAN_POINT('',(20.113741471054,6.001564663956,10.));
#744 = CARTESIAN_POINT('',(20.406865262377,6.005486779877,10.));
#745 = CARTESIAN_POINT('',(20.7,6.008235883314,10.));
#746 = PCURVE('',#32,#747);
#747 = DEFINITIONAL_REPRESENTATION('',(#748),#763);
#748 = B_SPLINE_CURVE_WITH_KNOTS('',5,(#749,#750,#751,#752,#753,#754,
    #755,#756,#757,#758,#759,#760,#761,#762),.UNSPECIFIED.,.F.,.F.,(6,4,
    4,6),(0.,0.482689009436,0.728867218472,1.),.UNSPECIFIED.);
#749 = CARTESIAN_POINT('',(0.386479590441,4.444444444444E-02));
#750 = CARTESIAN_POINT('',(0.382950282212,4.444444444444E-02));
#751 = CARTESIAN_POINT('',(0.379420976179,4.444444444444E-02));
#752 = CARTESIAN_POINT('',(0.375891656149,4.444444444444E-02));
#753 = CARTESIAN_POINT('',(0.372362325626,4.444444444444E-02));
#754 = CARTESIAN_POINT('',(0.367033005904,4.444444444444E-02));
#755 = CARTESIAN_POINT('',(0.365233008386,4.444444444444E-02));
#756 = CARTESIAN_POINT('',(0.363433009167,4.444444444444E-02));
#757 = CARTESIAN_POINT('',(0.361633010321,4.444444444444E-02));
#758 = CARTESIAN_POINT('',(0.357850542797,4.444444444444E-02));
#759 = CARTESIAN_POINT('',(0.355868069871,4.444444444444E-02));
#760 = CARTESIAN_POINT('',(0.353885598177,4.444444444444E-02));
#761 = CARTESIAN_POINT('',(0.351903108758,4.444444444444E-02));
#762 = CARTESIAN_POINT('',(0.349920623405,4.444444444444E-02));
#763 = ( GEOMETRIC_REPRESENTATION_CONTEXT(2) 
PARAMETRIC_REPRESENTATION_CONTEXT() REPRESENTATION_CONTEXT('2D SPACE',''
  ) );
#764 = PCURVE('',#765,#770);
#765 = PLANE('',#766);
#766 = AXIS2_PLACEMENT_3D('',#767,#768,#769);
#767 = CARTESIAN_POINT('',(18.,0.,10.));
#768 = DIRECTION('',(0.,0.,1.));
#769 = DIRECTION('',(1.,0.,0.));
#770 = DEFINITIONAL_REPRESENTATION('',(#771),#786);
#771 = B_SPLINE_CURVE_WITH_KNOTS('',5,(#772,#773,#774,#775,#776,#777,
    #778,#779,#780,#781,#782,#783,#784,#785),.UNSPECIFIED.,.F.,.F.,(6,4,
    4,6),(0.,0.482689009436,0.728867218472,1.),.UNSPECIFIED.);
#772 = CARTESIAN_POINT('',(-2.7,5.777993652176));
#773 = CARTESIAN_POINT('',(-2.179727449629,5.81893260277));
#774 = CARTESIAN_POINT('',(-1.659067370471,5.85494615552));
#775 = CARTESIAN_POINT('',(-1.138098348316,5.886240540019));
#776 = CARTESIAN_POINT('',(-0.616887715493,5.913024644709));
#777 = CARTESIAN_POINT('',(0.170427853743,5.946977874125));
#778 = CARTESIAN_POINT('',(0.436395442817,5.957324565099));
#779 = CARTESIAN_POINT('',(0.70240361644,5.966592945089));
#780 = CARTESIAN_POINT('',(0.968445980228,5.974787573681));
#781 = CARTESIAN_POINT('',(1.527559660708,5.989753101098));
#782 = CARTESIAN_POINT('',(1.820637601948,5.996292534049));
#783 = CARTESIAN_POINT('',(2.113741471054,6.001564663956));
#784 = CARTESIAN_POINT('',(2.406865262377,6.005486779877));
#785 = CARTESIAN_POINT('',(2.7,6.008235883314));
#786 = ( GEOMETRIC_REPRESENTATION_CONTEXT(2) 
PARAMETRIC_REPRESENTATION_CONTEXT() REPRESENTATION_CONTEXT('2D SPACE',''
  ) );
#787 = ORIENTED_EDGE('',*,*,#788,.F.);
#788 = EDGE_CURVE('',#789,#728,#791,.T.);
#789 = VERTEX_POINT('',#790);
#790 = CARTESIAN_POINT('',(15.3,5.777993652176,0.));
#791 = SURFACE_CURVE('',#792,(#800,#811),.PCURVE_S1.);
#792 = B_SPLINE_CURVE_WITH_KNOTS('',3,(#793,#794,#795,#796,#797,#798,
    #799),.UNSPECIFIED.,.F.,.F.,(4,1,1,1,4),(0.,0.315,0.63,0.9675,1.),
  .UNSPECIFIED.);
#793 = CARTESIAN_POINT('',(15.3,5.777993652176,1.42108547152E-14));
#794 = CARTESIAN_POINT('',(15.3,5.777993652176,1.05));
#795 = CARTESIAN_POINT('',(15.3,5.777993652176,3.15));
#796 = CARTESIAN_POINT('',(15.3,5.777993652176,6.375));
#797 = CARTESIAN_POINT('',(15.3,5.777993652176,8.658333333333));
#798 = CARTESIAN_POINT('',(15.3,5.777993652176,9.891666666667));
#799 = CARTESIAN_POINT('',(15.3,5.777993652176,10.));
#800 = PCURVE('',#32,#801);
#801 = DEFINITIONAL_REPRESENTATION('',(#802),#810);
#802 = B_SPLINE_CURVE_WITH_KNOTS('',3,(#803,#804,#805,#806,#807,#808,
    #809),.UNSPECIFIED.,.F.,.F.,(4,1,1,1,4),(0.,0.315,0.63,0.9675,1.),
  .UNSPECIFIED.);
#803 = CARTESIAN_POINT('',(0.386479590441,0.));
#804 = CARTESIAN_POINT('',(0.386479590441,4.666666666667E-03));
#805 = CARTESIAN_POINT('',(0.386479590441,1.4E-02));
#806 = CARTESIAN_POINT('',(0.386479590441,2.833333333333E-02));
#807 = CARTESIAN_POINT('',(0.386479590441,3.848148148148E-02));
#808 = CARTESIAN_POINT('',(0.386479590441,4.396296296296E-02));
#809 = CARTESIAN_POINT('',(0.386479590441,4.444444444444E-02));
#810 = ( GEOMETRIC_REPRESENTATION_CONTEXT(2) 
PARAMETRIC_REPRESENTATION_CONTEXT() REPRESENTATION_CONTEXT('2D SPACE',''
  ) );
#811 = PCURVE('',#812,#817);
#812 = PLANE('',#813);
#813 = AXIS2_PLACEMENT_3D('',#814,#815,#816);
#814 = CARTESIAN_POINT('',(15.3,20.,-1.));
#815 = DIRECTION('',(1.,0.,0.));
#816 = DIRECTION('',(0.,-1.,0.));
#817 = DEFINITIONAL_REPRESENTATION('',(#818),#826);
#818 = B_SPLINE_CURVE_WITH_KNOTS('',3,(#819,#820,#821,#822,#823,#824,
    #825),.UNSPECIFIED.,.F.,.F.,(4,1,1,1,4),(0.,0.315,0.63,0.9675,1.),
  .UNSPECIFIED.);
#819 = CARTESIAN_POINT('',(14.222006347824,-1.));
#820 = CARTESIAN_POINT('',(14.222006347824,-2.05));
#821 = CARTESIAN_POINT('',(14.222006347824,-4.15));
#822 = CARTESIAN_POINT('',(14.222006347824,-7.375));
#823 = CARTESIAN_POINT('',(14.222006347824,-9.658333333333));
#824 = CARTESIAN_POINT('',(14.222006347824,-10.89166666666));
#825 = CARTESIAN_POINT('',(14.222006347824,-11.));
#826 = ( GEOMETRIC_REPRESENTATION_CONTEXT(2) 
PARAMETRIC_REPRESENTATION_CONTEXT() REPRESENTATION_CONTEXT('2D SPACE',''
  ) );
#827 = ORIENTED_EDGE('',*,*,#828,.T.);
#828 = EDGE_CURVE('',#789,#829,#831,.T.);
#829 = VERTEX_POINT('',#830);
#830 = CARTESIAN_POINT('',(15.3,-4.183552852892,0.));
#831 = SURFACE_CURVE('',#832,(#954,#961),.PCURVE_S1.);
#832 = B_SPLINE_CURVE_WITH_KNOTS('',3,(#833,#834,#835,#836,#837,#838,
    #839,#840,#841,#842,#843,#844,#845,#846,#847,#848,#849,#850,#851,
    #852,#853,#854,#855,#856,#857,#858,#859,#860,#861,#862,#863,#864,
    #865,#866,#867,#868,#869,#870,#871,#872,#873,#874,#875,#876,#877,
    #878,#879,#880,#881,#882,#883,#884,#885,#886,#887,#888,#889,#890,
    #891,#892,#893,#894,#895,#896,#897,#898,#899,#900,#901,#902,#903,
    #904,#905,#906,#907,#908,#909,#910,#911,#912,#913,#914,#915,#916,
    #917,#918,#919,#920,#921,#922,#923,#924,#925,#926,#927,#928,#929,
    #930,#931,#932,#933,#934,#935,#936,#937,#938,#939,#940,#941,#942,
    #943,#944,#945,#946,#947,#948,#949,#950,#951,#952,#953),
  .UNSPECIFIED.,.F.,.F.,(4,1,1,1,1,1,1,1,1,1,1,1,1,1,1,1,1,1,1,1,1,1,1,1
    ,1,1,1,1,1,1,1,1,1,1,1,1,1,1,1,1,1,1,1,1,1,1,1,1,1,1,1,1,1,1,1,1,1,1
    ,1,1,1,1,1,1,1,1,1,1,1,1,1,1,1,1,1,1,1,1,1,1,1,1,1,1,1,1,1,1,1,1,1,1
    ,1,1,1,1,1,1,1,1,1,1,1,1,1,1,1,1,1,1,1,1,1,1,1,1,1,1,4),(0.,
    4.078407677411E-04,1.457980549597E-03,3.204753366262E-03,
    5.642985368529E-03,8.765465479536E-03,1.256297669321E-02,
    1.702433495068E-02,2.213643470887E-02,2.788430025551E-02,
    3.425114182613E-02,4.121841563833E-02,4.876588706683E-02,
    5.687169632928E-02,6.551242622383E-02,7.466317164093E-02,
    8.429761075195E-02,9.438807794483E-02,0.104905638724,0.115820166915,
    0.1271004246,0.138714145282,0.1506281208,0.1628082925,0.175219847173
    ,0.187827318137,0.200594691796,0.213485519815,0.22646303689,
    0.239490283867,0.252530235719,0.265545933618,0.278500620098,
    0.291357876051,0.304081758111,0.316636934886,0.328988820492,
    0.341103703964,0.353090161194,0.364812648141,0.376197519167,
    0.38721480852,0.397836016232,0.408034235542,0.417784287292,
    0.427062868614,0.435848726665,0.444122873021,0.451868861729,
    0.459073165549,0.465725703577,0.471820604191,0.477357338614,
    0.482342444921,0.486792194201,0.490736722153,0.49422623504,
    0.4973393663,0.500191267412,0.502933737755,0.505676143618,
    0.508526386493,0.511632585991,0.515105416054,0.519019187057,
    0.523420263997,0.528335467762,0.533778262572,0.539752873742,
    0.546256953268,0.553283311049,0.560821057132,0.568856370053,
    0.577373023458,0.586352753065,0.595775516221,0.605619678387,
    0.615862149932,0.626478489749,0.637442987668,0.648728734495,
    0.660350032239,0.672380507178,0.684646833505,0.697115935464,
    0.709753854552,0.722525869195,0.73539661944,0.748330235365,
    0.761290467738,0.774240819394,0.787144675907,0.799965434253,
    0.812666628411,0.825212051079,0.837565870937,0.849692745131,
    0.86155792689,0.873127368371,0.884367818963,0.89524691945,
    0.905733292442,0.915796629611,0.925407776187,0.934538813214,
    0.943163137948,0.951255542705,0.958792292319,0.965751200209,
    0.972111702872,0.977854932419,0.982963786569,0.987422995334,
    0.991219183478,0.994340927712,0.996778807537,0.998525448648,
    0.999575557896,1.),.UNSPECIFIED.);
#833 = CARTESIAN_POINT('',(72.,4.32E-02,0.));
#834 = CARTESIAN_POINT('',(71.984221714961,2.623174440698E-02,0.));
#835 = CARTESIAN_POINT('',(71.923696633015,-1.218274920545E-02,0.));
#836 = CARTESIAN_POINT('',(71.760293358299,6.733077767122E-02,0.));
#837 = CARTESIAN_POINT('',(71.512524417189,9.328244997454E-02,0.));
#838 = CARTESIAN_POINT('',(71.157609566969,0.17765836874,0.));
#839 = CARTESIAN_POINT('',(70.706551334166,0.265612266985,0.));
#840 = CARTESIAN_POINT('',(70.156458687307,0.378693366691,0.));
#841 = CARTESIAN_POINT('',(69.510376771845,0.507691612558,0.));
#842 = CARTESIAN_POINT('',(68.769539766247,0.654499335452,0.));
#843 = CARTESIAN_POINT('',(67.936164468403,0.817011226542,0.));
#844 = CARTESIAN_POINT('',(67.012487343922,0.994320394971,0.));
#845 = CARTESIAN_POINT('',(66.001075595555,1.185025913379,0.));
#846 = CARTESIAN_POINT('',(64.904719943764,1.387795900227,0.));
#847 = CARTESIAN_POINT('',(63.726459691867,1.601210355375,0.));
#848 = CARTESIAN_POINT('',(62.469565504084,1.823826596577,0.));
#849 = CARTESIAN_POINT('',(61.137534111024,2.054174014452,0.));
#850 = CARTESIAN_POINT('',(59.734078408345,2.290767357714,0.));
#851 = CARTESIAN_POINT('',(58.263117956895,2.532111544605,0.));
#852 = CARTESIAN_POINT('',(56.728768440869,2.776706051106,0.));
#853 = CARTESIAN_POINT('',(55.13533056472,3.023046707263,0.));
#854 = CARTESIAN_POINT('',(53.487278312768,3.269625897995,0.));
#855 = CARTESIAN_POINT('',(51.789246662024,3.514931391247,0.));
#856 = CARTESIAN_POINT('',(50.046018792095,3.757444359741,0.));
#857 = CARTESIAN_POINT('',(48.262512847574,3.995637151547,0.));
#858 = CARTESIAN_POINT('',(46.44376830058,4.227971417123,0.));
#859 = CARTESIAN_POINT('',(44.594931956635,4.452897194186,0.));
#860 = CARTESIAN_POINT('',(42.721243640298,4.668853518835,0.));
#861 = CARTESIAN_POINT('',(40.82802159035,4.874271068255,0.));
#862 = CARTESIAN_POINT('',(38.920647587523,5.06757723267,0.));
#863 = CARTESIAN_POINT('',(37.004551833703,5.247203939495,0.));
#864 = CARTESIAN_POINT('',(35.085197592638,5.411598236145,0.));
#865 = CARTESIAN_POINT('',(33.168065619131,5.55923613728,0.));
#866 = CARTESIAN_POINT('',(31.258638334192,5.688637638146,0.));
#867 = CARTESIAN_POINT('',(29.362383966368,5.798389696803,0.));
#868 = CARTESIAN_POINT('',(27.484739924304,5.887150335506,0.));
#869 = CARTESIAN_POINT('',(25.631098208209,5.953730164934,0.));
#870 = CARTESIAN_POINT('',(23.806782721962,5.996895716649,0.));
#871 = CARTESIAN_POINT('',(22.010091894409,6.016262315207,0.));
#872 = CARTESIAN_POINT('',(20.244284666721,6.008912886959,0.));
#873 = CARTESIAN_POINT('',(18.514956979868,5.965446857909,0.));
#874 = CARTESIAN_POINT('',(16.834636840278,5.888113808741,0.));
#875 = CARTESIAN_POINT('',(15.210590663863,5.77714453907,0.));
#876 = CARTESIAN_POINT('',(13.647812736416,5.633647085709,0.));
#877 = CARTESIAN_POINT('',(12.151082171681,5.458844263779,0.));
#878 = CARTESIAN_POINT('',(10.724941257141,5.254261736029,0.));
#879 = CARTESIAN_POINT('',(9.373673707815,5.021652437276,0.));
#880 = CARTESIAN_POINT('',(8.101285073661,4.762980266356,0.));
#881 = CARTESIAN_POINT('',(6.911484780904,4.48038155269,0.));
#882 = CARTESIAN_POINT('',(5.807669717899,4.176125231313,0.));
#883 = CARTESIAN_POINT('',(4.792908805104,3.852566790786,0.));
#884 = CARTESIAN_POINT('',(3.869927685777,3.512096971921,0.));
#885 = CARTESIAN_POINT('',(3.041092331994,3.157083399423,0.));
#886 = CARTESIAN_POINT('',(2.308390850751,2.789800753784,0.));
#887 = CARTESIAN_POINT('',(1.673415139218,2.412340106554,0.));
#888 = CARTESIAN_POINT('',(1.137357047989,2.026476856156,0.));
#889 = CARTESIAN_POINT('',(0.701064633603,1.633476661869,0.));
#890 = CARTESIAN_POINT('',(0.365309135041,1.233836858307,0.));
#891 = CARTESIAN_POINT('',(0.131468201859,0.827262199993,0.));
#892 = CARTESIAN_POINT('',(2.610739939513E-03,0.413566537933,0.));
#893 = CARTESIAN_POINT('',(-1.738517016726E-02,-1.394771597038E-03,0.));
#894 = CARTESIAN_POINT('',(6.829918958043E-02,-0.407775947084,0.));
#895 = CARTESIAN_POINT('',(0.260163279901,-0.795684499761,0.));
#896 = CARTESIAN_POINT('',(0.552677478468,-1.16056237707,0.));
#897 = CARTESIAN_POINT('',(0.94223482932,-1.503746075605,0.));
#898 = CARTESIAN_POINT('',(1.42693129528,-1.826544639829,0.));
#899 = CARTESIAN_POINT('',(2.005382684217,-2.129588407527,0.));
#900 = CARTESIAN_POINT('',(2.676096088126,-2.412959003937,0.));
#901 = CARTESIAN_POINT('',(3.437272195287,-2.676464537771,0.));
#902 = CARTESIAN_POINT('',(4.286793748968,-2.919814692745,0.));
#903 = CARTESIAN_POINT('',(5.222258667982,-3.142725113897,0.));
#904 = CARTESIAN_POINT('',(6.241017835581,-3.344978185654,0.));
#905 = CARTESIAN_POINT('',(7.340206603373,-3.526462444201,0.));
#906 = CARTESIAN_POINT('',(8.5167695597,-3.687200044661,0.));
#907 = CARTESIAN_POINT('',(9.767479696412,-3.827366816078,0.));
#908 = CARTESIAN_POINT('',(11.088953242726,-3.947306150594,0.));
#909 = CARTESIAN_POINT('',(12.477661100695,-4.047538451046,0.));
#910 = CARTESIAN_POINT('',(13.92993754996,-4.128761120489,0.));
#911 = CARTESIAN_POINT('',(15.441986825862,-4.191859164571,0.));
#912 = CARTESIAN_POINT('',(17.009887746114,-4.237846668392,0.));
#913 = CARTESIAN_POINT('',(18.62959794615,-4.268053801604,0.));
#914 = CARTESIAN_POINT('',(20.299040865283,-4.283345889857,0.));
#915 = CARTESIAN_POINT('',(22.021096248957,-4.28707202398,0.));
#916 = CARTESIAN_POINT('',(23.791437774365,-4.271576827279,0.));
#917 = CARTESIAN_POINT('',(25.603275541446,-4.235908060803,0.));
#918 = CARTESIAN_POINT('',(27.444603572539,-4.181768453595,0.));
#919 = CARTESIAN_POINT('',(29.310279645288,-4.110292365638,0.));
#920 = CARTESIAN_POINT('',(31.195090426146,-4.022857699733,0.));
#921 = CARTESIAN_POINT('',(33.093761288318,-3.920848366804,0.));
#922 = CARTESIAN_POINT('',(35.000971321861,-3.805689393895,0.));
#923 = CARTESIAN_POINT('',(36.911367383716,-3.67880963187,0.));
#924 = CARTESIAN_POINT('',(38.819578817645,-3.541627171072,0.));
#925 = CARTESIAN_POINT('',(40.720232333618,-3.395532264355,0.));
#926 = CARTESIAN_POINT('',(42.607967104931,-3.241875052125,0.));
#927 = CARTESIAN_POINT('',(44.47744997845,-3.081956377888,0.));
#928 = CARTESIAN_POINT('',(46.323390732583,-2.917022194364,0.));
#929 = CARTESIAN_POINT('',(48.140557306602,-2.748261258569,0.));
#930 = CARTESIAN_POINT('',(49.923790931247,-2.576805836658,0.));
#931 = CARTESIAN_POINT('',(51.668021095523,-2.403734966215,0.));
#932 = CARTESIAN_POINT('',(53.368280292221,-2.230079734248,0.));
#933 = CARTESIAN_POINT('',(55.019718493165,-2.056829954088,0.));
#934 = CARTESIAN_POINT('',(56.617617313285,-1.884941587949,0.));
#935 = CARTESIAN_POINT('',(58.157403831731,-1.715344251079,0.));
#936 = CARTESIAN_POINT('',(59.634664039927,-1.548948180758,0.));
#937 = CARTESIAN_POINT('',(61.045155907475,-1.386650043945,0.));
#938 = CARTESIAN_POINT('',(62.384822001187,-1.22933728181,0.));
#939 = CARTESIAN_POINT('',(63.649801793049,-1.077889970978,0.));
#940 = CARTESIAN_POINT('',(64.83644310017,-0.933182151163,0.));
#941 = CARTESIAN_POINT('',(65.941314448473,-0.79607500775,0.));
#942 = CARTESIAN_POINT('',(66.961212208529,-0.667427144719,0.));
#943 = CARTESIAN_POINT('',(67.893182803223,-0.548038291829,0.));
#944 = CARTESIAN_POINT('',(68.734493301065,-0.438801330191,0.));
#945 = CARTESIAN_POINT('',(69.482764991227,-0.340178516421,0.));
#946 = CARTESIAN_POINT('',(70.135592687438,-0.253792908359,0.));
#947 = CARTESIAN_POINT('',(70.69173157278,-0.177556711613,0.));
#948 = CARTESIAN_POINT('',(71.147661585336,-0.119844099973,0.));
#949 = CARTESIAN_POINT('',(71.507124345386,-6.020478222092E-02,0.));
#950 = CARTESIAN_POINT('',(71.756716317728,-4.994749829778E-02,0.));
#951 = CARTESIAN_POINT('',(71.9248400037,1.63721775793E-02,0.));
#952 = CARTESIAN_POINT('',(71.984408918449,-2.490967936307E-02,0.));
#953 = CARTESIAN_POINT('',(72.,-4.32E-02,0.));
#954 = PCURVE('',#32,#955);
#955 = DEFINITIONAL_REPRESENTATION('',(#956),#960);
#956 = LINE('',#957,#958);
#957 = CARTESIAN_POINT('',(0.,0.));
#958 = VECTOR('',#959,1.);
#959 = DIRECTION('',(1.,0.));
#960 = ( GEOMETRIC_REPRESENTATION_CONTEXT(2) 
PARAMETRIC_REPRESENTATION_CONTEXT() REPRESENTATION_CONTEXT('2D SPACE',''
  ) );
#961 = PCURVE('',#962,#967);
#962 = PLANE('',#963);
#963 = AXIS2_PLACEMENT_3D('',#964,#965,#966);
#964 = CARTESIAN_POINT('',(72.,4.32E-02,0.));
#965 = DIRECTION('',(0.,0.,-1.));
#966 = DIRECTION('',(-0.999985338877,5.414982084736E-03,0.));
#967 = DEFINITIONAL_REPRESENTATION('',(#968),#1090);
#968 = B_SPLINE_CURVE_WITH_KNOTS('',3,(#969,#970,#971,#972,#973,#974,
    #975,#976,#977,#978,#979,#980,#981,#982,#983,#984,#985,#986,#987,
    #988,#989,#990,#991,#992,#993,#994,#995,#996,#997,#998,#999,#1000,
    #1001,#1002,#1003,#1004,#1005,#1006,#1007,#1008,#1009,#1010,#1011,
    #1012,#1013,#1014,#1015,#1016,#1017,#1018,#1019,#1020,#1021,#1022,
    #1023,#1024,#1025,#1026,#1027,#1028,#1029,#1030,#1031,#1032,#1033,
    #1034,#1035,#1036,#1037,#1038,#1039,#1040,#1041,#1042,#1043,#1044,
    #1045,#1046,#1047,#1048,#1049,#1050,#1051,#1052,#1053,#1054,#1055,
    #1056,#1057,#1058,#1059,#1060,#1061,#1062,#1063,#1064,#1065,#1066,
    #1067,#1068,#1069,#1070,#1071,#1072,#1073,#1074,#1075,#1076,#1077,
    #1078,#1079,#1080,#1081,#1082,#1083,#1084,#1085,#1086,#1087,#1088,
    #1089),.UNSPECIFIED.,.F.,.F.,(4,1,1,1,1,1,1,1,1,1,1,1,1,1,1,1,1,1,1,
    1,1,1,1,1,1,1,1,1,1,1,1,1,1,1,1,1,1,1,1,1,1,1,1,1,1,1,1,1,1,1,1,1,1,
    1,1,1,1,1,1,1,1,1,1,1,1,1,1,1,1,1,1,1,1,1,1,1,1,1,1,1,1,1,1,1,1,1,1,
    1,1,1,1,1,1,1,1,1,1,1,1,1,1,1,1,1,1,1,1,1,1,1,1,1,1,1,1,1,1,1,4),(0.
    ,4.078407677411E-04,1.457980549597E-03,3.204753366262E-03,
    5.642985368529E-03,8.765465479536E-03,1.256297669321E-02,
    1.702433495068E-02,2.213643470887E-02,2.788430025551E-02,
    3.425114182613E-02,4.121841563833E-02,4.876588706683E-02,
    5.687169632928E-02,6.551242622383E-02,7.466317164093E-02,
    8.429761075195E-02,9.438807794483E-02,0.104905638724,0.115820166915,
    0.1271004246,0.138714145282,0.1506281208,0.1628082925,0.175219847173
    ,0.187827318137,0.200594691796,0.213485519815,0.22646303689,
    0.239490283867,0.252530235719,0.265545933618,0.278500620098,
    0.291357876051,0.304081758111,0.316636934886,0.328988820492,
    0.341103703964,0.353090161194,0.364812648141,0.376197519167,
    0.38721480852,0.397836016232,0.408034235542,0.417784287292,
    0.427062868614,0.435848726665,0.444122873021,0.451868861729,
    0.459073165549,0.465725703577,0.471820604191,0.477357338614,
    0.482342444921,0.486792194201,0.490736722153,0.49422623504,
    0.4973393663,0.500191267412,0.502933737755,0.505676143618,
    0.508526386493,0.511632585991,0.515105416054,0.519019187057,
    0.523420263997,0.528335467762,0.533778262572,0.539752873742,
    0.546256953268,0.553283311049,0.560821057132,0.568856370053,
    0.577373023458,0.586352753065,0.595775516221,0.605619678387,
    0.615862149932,0.626478489749,0.637442987668,0.648728734495,
    0.660350032239,0.672380507178,0.684646833505,0.697115935464,
    0.709753854552,0.722525869195,0.73539661944,0.748330235365,
    0.761290467738,0.774240819394,0.787144675907,0.799965434253,
    0.812666628411,0.825212051079,0.837565870937,0.849692745131,
    0.86155792689,0.873127368371,0.884367818963,0.89524691945,
    0.905733292442,0.915796629611,0.925407776187,0.934538813214,
    0.943163137948,0.951255542705,0.958792292319,0.965751200209,
    0.972111702872,0.977854932419,0.982963786569,0.987422995334,
    0.991219183478,0.994340927712,0.996778807537,0.998525448648,
    0.999575557896,1.),.UNSPECIFIED.);
#969 = CARTESIAN_POINT('',(0.,0.));
#970 = CARTESIAN_POINT('',(1.568617091179E-02,-1.705344595016E-02));
#971 = CARTESIAN_POINT('',(7.600235169693E-02,-5.579511859738E-02));
#972 = CARTESIAN_POINT('',(0.239833795062,2.283241671652E-02));
#973 = CARTESIAN_POINT('',(0.487739631441,4.744204416191E-02));
#974 = CARTESIAN_POINT('',(0.843106172299,0.129894868326));
#975 = CARTESIAN_POINT('',(1.294634060865,0.215405004818));
#976 = CARTESIAN_POINT('',(1.845330974877,0.325505704801));
#977 = CARTESIAN_POINT('',(2.492101941244,0.451003537411));
#978 = CARTESIAN_POINT('',(3.233723046529,0.593797488826));
#979 = CARTESIAN_POINT('',(4.067966125134,0.751794285001));
#980 = CARTESIAN_POINT('',(4.992589833441,0.924099158798));
#981 = CARTESIAN_POINT('',(6.005019420341,1.109325104751));
#982 = CARTESIAN_POINT('',(7.102456994174,1.306155372551));
#983 = CARTESIAN_POINT('',(8.281855606904,1.513186440647));
#984 = CARTESIAN_POINT('',(9.539936830164,1.728993358536));
#985 = CARTESIAN_POINT('',(10.873196021289,1.95212447313));
#986 = CARTESIAN_POINT('',(12.277912296446,2.181114660181));
#987 = CARTESIAN_POINT('',(13.750158056412,2.414490084204));
#988 = CARTESIAN_POINT('',(15.285809552022,2.650772529533));
#989 = CARTESIAN_POINT('',(16.880557996822,2.888481136507));
#990 = CARTESIAN_POINT('',(18.529921308379,3.126132538692));
#991 = CARTESIAN_POINT('',(20.229256388922,3.362239624522));
#992 = CARTESIAN_POINT('',(21.973771904553,3.595309489818));
#993 = CARTESIAN_POINT('',(23.758541510575,3.823841136713));
#994 = CARTESIAN_POINT('',(25.578517478617,4.046323526869));
#995 = CARTESIAN_POINT('',(27.428544685599,4.261234590588));
#996 = CARTESIAN_POINT('',(29.303374931189,4.467041760408));
#997 = CARTESIAN_POINT('',(31.197681556726,4.662204534694));
#998 = CARTESIAN_POINT('',(33.106074344726,4.845179468969));
#999 = CARTESIAN_POINT('',(35.023114681829,5.014427918086));
#1000 = CARTESIAN_POINT('',(36.943330975178,5.168426535701));
#1001 = CARTESIAN_POINT('',(38.861234297966,5.305681037008));
#1002 = CARTESIAN_POINT('',(40.771334295366,5.424741126163));
#1003 = CARTESIAN_POINT('',(42.668155167403,5.524223392302));
#1004 = CARTESIAN_POINT('',(44.546252318365,5.602815320825));
#1005 = CARTESIAN_POINT('',(46.400227386575,5.659356737433));
#1006 = CARTESIAN_POINT('',(48.224749866997,5.692643020617));
#1007 = CARTESIAN_POINT('',(50.021519222829,5.702280286596));
#1008 = CARTESIAN_POINT('',(51.787260764778,5.685369151596));
#1009 = CARTESIAN_POINT('',(53.516327729976,5.632539481364));
#1010 = CARTESIAN_POINT('',(55.19620447711,5.546108662533));
#1011 = CARTESIAN_POINT('',(56.819625946578,5.426346838846));
#1012 = CARTESIAN_POINT('',(58.381603925806,5.274389074839));
#1013 = CARTESIAN_POINT('',(59.877365992641,5.091484046521));
#1014 = CARTESIAN_POINT('',(61.302378187631,4.879181990679));
#1015 = CARTESIAN_POINT('',(62.652366350672,4.639259012667));
#1016 = CARTESIAN_POINT('',(63.923335625009,4.373700672513));
#1017 = CARTESIAN_POINT('',(65.111588206985,4.084663354792));
#1018 = CARTESIAN_POINT('',(66.213739544292,3.774434355364));
#1019 = CARTESIAN_POINT('',(67.226733516394,3.445385746404));
#1020 = CARTESIAN_POINT('',(68.147857465812,3.099922992982));
#1021 = CARTESIAN_POINT('',(68.974758275803,2.74042649679));
#1022 = CARTESIAN_POINT('',(69.705460185874,2.369181670533));
#1023 = CARTESIAN_POINT('',(70.338382645307,1.988288175198));
#1024 = CARTESIAN_POINT('',(70.872343434734,1.599527837028));
#1025 = CARTESIAN_POINT('',(71.306501363572,1.204170888957));
#1026 = CARTESIAN_POINT('',(71.640087897205,0.802718834554));
#1027 = CARTESIAN_POINT('',(71.871723807525,0.394883892618));
#1028 = CARTESIAN_POINT('',(71.998339225651,-1.95034650476E-02));
#1029 = CARTESIAN_POINT('',(72.016087834539,-0.434566968274));
#1030 = CARTESIAN_POINT('',(71.928204184235,-0.840478206483));
#1031 = CARTESIAN_POINT('',(71.734242388994,-1.227342131373));
#1032 = CARTESIAN_POINT('',(71.439756671845,-1.590630700019));
#1033 = CARTESIAN_POINT('',(71.048346698762,-1.931699921019));
#1034 = CARTESIAN_POINT('',(70.561909390554,-2.251869129974));
#1035 = CARTESIAN_POINT('',(69.981825505791,-2.551776150802));
#1036 = CARTESIAN_POINT('',(69.309587488591,-2.831510691615));
#1037 = CARTESIAN_POINT('',(68.546995663382,-3.090890607178));
#1038 = CARTESIAN_POINT('',(67.696168827911,-3.329637050372));
#1039 = CARTESIAN_POINT('',(66.759510567926,-3.547478677629));
#1040 = CARTESIAN_POINT('',(65.739671139721,-3.744212221488));
#1041 = CARTESIAN_POINT('',(64.639515753262,-3.919741731786));
#1042 = CARTESIAN_POINT('',(63.462099655441,-4.074105908323));
#1043 = CARTESIAN_POINT('',(62.210648854989,-4.207498051754));
#1044 = CARTESIAN_POINT('',(60.888545213613,-4.320279872246));
#1045 = CARTESIAN_POINT('',(59.49931495955,-4.412990875008));
#1046 = CARTESIAN_POINT('',(58.046619982989,-4.486348302681));
#1047 = CARTESIAN_POINT('',(56.534251200648,-4.541257701934));
#1048 = CARTESIAN_POINT('',(54.966124246075,-4.578754376133));
#1049 = CARTESIAN_POINT('',(53.346274221724,-4.600190364758));
#1050 = CARTESIAN_POINT('',(51.676772972115,-4.606442225314));
#1051 = CARTESIAN_POINT('',(49.954722658758,-4.600843405756));
#1052 = CARTESIAN_POINT('',(48.184490994757,-4.575762068588));
#1053 = CARTESIAN_POINT('',(46.372872936984,-4.530282756007));
#1054 = CARTESIAN_POINT('',(44.53186506683,-4.466173184246));
#1055 = CARTESIAN_POINT('',(42.666603388723,-4.384595541699));
#1056 = CARTESIAN_POINT('',(40.782293698458,-4.286955941073));
#1057 = CARTESIAN_POINT('',(38.884203051643,-4.174666835011));
#1058 = CARTESIAN_POINT('',(36.977644563716,-4.049182042299));
#1059 = CARTESIAN_POINT('',(35.067963562051,-3.911959380024));
#1060 = CARTESIAN_POINT('',(33.160522945212,-3.764445999746));
#1061 = CARTESIAN_POINT('',(31.260688396257,-3.608061230206));
#1062 = CARTESIAN_POINT('',(29.373813352306,-3.444184220796));
#1063 = CARTESIAN_POINT('',(27.505223844262,-3.274144674879));
#1064 = CARTESIAN_POINT('',(25.660203269341,-3.099217173363));
#1065 = CARTESIAN_POINT('',(23.843977174469,-2.920618787349));
#1066 = CARTESIAN_POINT('',(22.06169812207,-2.739509701037));
#1067 = CARTESIAN_POINT('',(20.31843070583,-2.556996392915));
#1068 = CARTESIAN_POINT('',(18.619136776811,-2.374136833839));
#1069 = CARTESIAN_POINT('',(16.968660932261,-2.191947085444));
#1070 = CARTESIAN_POINT('',(15.371716311555,-2.011408645898));
#1071 = CARTESIAN_POINT('',(13.832870734649,-1.833475879103));
#1072 = CARTESIAN_POINT('',(12.356533216487,-1.659082910773));
#1073 = CARTESIAN_POINT('',(10.946940869837,-1.48914936524));
#1074 = CARTESIAN_POINT('',(9.608146262923,-1.32458464159));
#1075 = CARTESIAN_POINT('',(8.34400510156,-1.166289708235));
#1076 = CARTESIAN_POINT('',(7.158164782185,-1.01515836858));
#1077 = CARTESIAN_POINT('',(6.054052065262,-0.872070376755));
#1078 = CARTESIAN_POINT('',(5.034865883927,-0.737901671747));
#1079 = CARTESIAN_POINT('',(4.103555441467,-0.613467965158));
#1080 = CARTESIAN_POINT('',(3.262848794372,-0.499676923783));
#1081 = CARTESIAN_POINT('',(2.515122115482,-0.397003678137));
#1082 = CARTESIAN_POINT('',(1.862771766979,-0.307084286305));
#1083 = CARTESIAN_POINT('',(1.307053852897,-0.227837725167));
#1084 = CARTESIAN_POINT('',(0.851443037545,-0.167657106809));
#1085 = CARTESIAN_POINT('',(0.49230849346,-0.10607217903));
#1086 = CARTESIAN_POINT('',(0.242775723426,-9.446350943187E-02));
#1087 = CARTESIAN_POINT('',(7.501362219273E-02,-2.723441912816E-02));
#1088 = CARTESIAN_POINT('',(1.522204027459E-02,-6.819310622597E-02));
#1089 = CARTESIAN_POINT('',(-4.678544521255E-04,-8.639873327898E-02));
#1090 = ( GEOMETRIC_REPRESENTATION_CONTEXT(2) 
PARAMETRIC_REPRESENTATION_CONTEXT() REPRESENTATION_CONTEXT('2D SPACE',''
  ) );
#1091 = ORIENTED_EDGE('',*,*,#1092,.T.);
#1092 = EDGE_CURVE('',#829,#1093,#1095,.T.);
#1093 = VERTEX_POINT('',#1094);
#1094 = CARTESIAN_POINT('',(15.3,-4.183552852892,10.));
#1095 = SURFACE_CURVE('',#1096,(#1104,#1115),.PCURVE_S1.);
#1096 = B_SPLINE_CURVE_WITH_KNOTS('',3,(#1097,#1098,#1099,#1100,#1101,
    #1102,#1103),.UNSPECIFIED.,.F.,.F.,(4,1,1,1,4),(0.,0.315,0.63,0.945,
    1.),.UNSPECIFIED.);
#1097 = CARTESIAN_POINT('',(15.3,-4.183552852892,-1.42108547152E-14));
#1098 = CARTESIAN_POINT('',(15.3,-4.183552852892,1.05));
#1099 = CARTESIAN_POINT('',(15.3,-4.183552852892,3.15));
#1100 = CARTESIAN_POINT('',(15.3,-4.183552852892,6.3));
#1101 = CARTESIAN_POINT('',(15.3,-4.183552852892,8.583333333333));
#1102 = CARTESIAN_POINT('',(15.3,-4.183552852892,9.816666666667));
#1103 = CARTESIAN_POINT('',(15.3,-4.183552852892,10.));
#1104 = PCURVE('',#32,#1105);
#1105 = DEFINITIONAL_REPRESENTATION('',(#1106),#1114);
#1106 = B_SPLINE_CURVE_WITH_KNOTS('',3,(#1107,#1108,#1109,#1110,#1111,
    #1112,#1113),.UNSPECIFIED.,.F.,.F.,(4,1,1,1,4),(0.,0.315,0.63,0.945,
    1.),.UNSPECIFIED.);
#1107 = CARTESIAN_POINT('',(0.61502517104,0.));
#1108 = CARTESIAN_POINT('',(0.61502517104,4.666666666667E-03));
#1109 = CARTESIAN_POINT('',(0.61502517104,1.4E-02));
#1110 = CARTESIAN_POINT('',(0.61502517104,2.8E-02));
#1111 = CARTESIAN_POINT('',(0.61502517104,3.814814814815E-02));
#1112 = CARTESIAN_POINT('',(0.61502517104,4.362962962963E-02));
#1113 = CARTESIAN_POINT('',(0.61502517104,4.444444444444E-02));
#1114 = ( GEOMETRIC_REPRESENTATION_CONTEXT(2) 
PARAMETRIC_REPRESENTATION_CONTEXT() REPRESENTATION_CONTEXT('2D SPACE',''
  ) );
#1115 = PCURVE('',#812,#1116);
#1116 = DEFINITIONAL_REPRESENTATION('',(#1117),#1125);
#1117 = B_SPLINE_CURVE_WITH_KNOTS('',3,(#1118,#1119,#1120,#1121,#1122,
    #1123,#1124),.UNSPECIFIED.,.F.,.F.,(4,1,1,1,4),(0.,0.315,0.63,0.945,
    1.),.UNSPECIFIED.);
#1118 = CARTESIAN_POINT('',(24.183552852892,-1.));
#1119 = CARTESIAN_POINT('',(24.183552852892,-2.05));
#1120 = CARTESIAN_POINT('',(24.183552852892,-4.15));
#1121 = CARTESIAN_POINT('',(24.183552852892,-7.3));
#1122 = CARTESIAN_POINT('',(24.183552852892,-9.583333333333));
#1123 = CARTESIAN_POINT('',(24.183552852892,-10.81666666666));
#1124 = CARTESIAN_POINT('',(24.183552852892,-11.));
#1125 = ( GEOMETRIC_REPRESENTATION_CONTEXT(2) 
PARAMETRIC_REPRESENTATION_CONTEXT() REPRESENTATION_CONTEXT('2D SPACE',''
  ) );
#1126 = ORIENTED_EDGE('',*,*,#1127,.F.);
#1127 = EDGE_CURVE('',#1128,#1093,#1130,.T.);
#1128 = VERTEX_POINT('',#1129);
#1129 = CARTESIAN_POINT('',(20.7,-4.283287325958,10.));
#1130 = SURFACE_CURVE('',#1131,(#1150,#1172),.PCURVE_S1.);
#1131 = B_SPLINE_CURVE_WITH_KNOTS('',5,(#1132,#1133,#1134,#1135,#1136,
    #1137,#1138,#1139,#1140,#1141,#1142,#1143,#1144,#1145,#1146,#1147,
    #1148,#1149),.UNSPECIFIED.,.F.,.F.,(6,4,4,4,6),(0.,0.238704328655,
    0.430343497882,0.704113678821,1.),.UNSPECIFIED.);
#1132 = CARTESIAN_POINT('',(20.7,-4.283287325958,10.));
#1133 = CARTESIAN_POINT('',(20.442146214262,-4.282286508866,10.));
#1134 = CARTESIAN_POINT('',(20.184293970215,-4.280891248455,10.));
#1135 = CARTESIAN_POINT('',(19.926443386373,-4.279203275139,10.));
#1136 = CARTESIAN_POINT('',(19.668595872334,-4.277116406593,10.));
#1137 = CARTESIAN_POINT('',(19.203747302107,-4.272613333576,10.));
#1138 = CARTESIAN_POINT('',(18.996745234931,-4.270341793725,10.));
#1139 = CARTESIAN_POINT('',(18.789746436939,-4.267783396774,10.));
#1140 = CARTESIAN_POINT('',(18.582751487632,-4.264921043384,10.));
#1141 = CARTESIAN_POINT('',(18.080060528535,-4.257198436438,10.));
#1142 = CARTESIAN_POINT('',(17.784369551041,-4.25201068462,10.));
#1143 = CARTESIAN_POINT('',(17.488690916477,-4.246146113814,10.));
#1144 = CARTESIAN_POINT('',(17.193027273532,-4.239576532655,10.));
#1145 = CARTESIAN_POINT('',(16.577852359619,-4.224370342741,10.));
#1146 = CARTESIAN_POINT('',(16.258344612079,-4.21560776561,10.));
#1147 = CARTESIAN_POINT('',(15.938862797229,-4.20592195271,10.));
#1148 = CARTESIAN_POINT('',(15.619412353246,-4.195257055583,10.));
#1149 = CARTESIAN_POINT('',(15.3,-4.183552852892,10.));
#1150 = PCURVE('',#32,#1151);
#1151 = DEFINITIONAL_REPRESENTATION('',(#1152),#1171);
#1152 = B_SPLINE_CURVE_WITH_KNOTS('',5,(#1153,#1154,#1155,#1156,#1157,
    #1158,#1159,#1160,#1161,#1162,#1163,#1164,#1165,#1166,#1167,#1168,
    #1169,#1170),.UNSPECIFIED.,.F.,.F.,(6,4,4,4,6),(0.,0.238704328655,
    0.430343497882,0.704113678821,1.),.UNSPECIFIED.);
#1153 = CARTESIAN_POINT('',(0.651552137725,4.444444444444E-02));
#1154 = CARTESIAN_POINT('',(0.649808312714,4.444444444444E-02));
#1155 = CARTESIAN_POINT('',(0.648064490161,4.444444444444E-02));
#1156 = CARTESIAN_POINT('',(0.646320663814,4.444444444444E-02));
#1157 = CARTESIAN_POINT('',(0.644576837535,4.444444444444E-02));
#1158 = CARTESIAN_POINT('',(0.641433007732,4.444444444444E-02));
#1159 = CARTESIAN_POINT('',(0.640033007626,4.444444444444E-02));
#1160 = CARTESIAN_POINT('',(0.638633007823,4.444444444444E-02));
#1161 = CARTESIAN_POINT('',(0.637233008127,4.444444444444E-02));
#1162 = CARTESIAN_POINT('',(0.633833007808,4.444444444444E-02));
#1163 = CARTESIAN_POINT('',(0.631833007908,4.444444444444E-02));
#1164 = CARTESIAN_POINT('',(0.629833007639,4.444444444444E-02));
#1165 = CARTESIAN_POINT('',(0.627833007924,4.444444444444E-02));
#1166 = CARTESIAN_POINT('',(0.623671440496,4.444444444444E-02));
#1167 = CARTESIAN_POINT('',(0.6215098753,4.444444444444E-02));
#1168 = CARTESIAN_POINT('',(0.619348305311,4.444444444444E-02));
#1169 = CARTESIAN_POINT('',(0.617186735534,4.444444444444E-02));
#1170 = CARTESIAN_POINT('',(0.61502517104,4.444444444444E-02));
#1171 = ( GEOMETRIC_REPRESENTATION_CONTEXT(2) 
PARAMETRIC_REPRESENTATION_CONTEXT() REPRESENTATION_CONTEXT('2D SPACE',''
  ) );
#1172 = PCURVE('',#765,#1173);
#1173 = DEFINITIONAL_REPRESENTATION('',(#1174),#1193);
#1174 = B_SPLINE_CURVE_WITH_KNOTS('',5,(#1175,#1176,#1177,#1178,#1179,
    #1180,#1181,#1182,#1183,#1184,#1185,#1186,#1187,#1188,#1189,#1190,
    #1191,#1192),.UNSPECIFIED.,.F.,.F.,(6,4,4,4,6),(0.,0.238704328655,
    0.430343497882,0.704113678821,1.),.UNSPECIFIED.);
#1175 = CARTESIAN_POINT('',(2.7,-4.283287325958));
#1176 = CARTESIAN_POINT('',(2.442146214262,-4.282286508866));
#1177 = CARTESIAN_POINT('',(2.184293970215,-4.280891248455));
#1178 = CARTESIAN_POINT('',(1.926443386373,-4.279203275139));
#1179 = CARTESIAN_POINT('',(1.668595872334,-4.277116406593));
#1180 = CARTESIAN_POINT('',(1.203747302107,-4.272613333576));
#1181 = CARTESIAN_POINT('',(0.996745234931,-4.270341793725));
#1182 = CARTESIAN_POINT('',(0.789746436939,-4.267783396774));
#1183 = CARTESIAN_POINT('',(0.582751487632,-4.264921043384));
#1184 = CARTESIAN_POINT('',(8.006052853501E-02,-4.257198436438));
#1185 = CARTESIAN_POINT('',(-0.215630448959,-4.25201068462));
#1186 = CARTESIAN_POINT('',(-0.511309083523,-4.246146113814));
#1187 = CARTESIAN_POINT('',(-0.806972726468,-4.239576532655));
#1188 = CARTESIAN_POINT('',(-1.422147640381,-4.224370342741));
#1189 = CARTESIAN_POINT('',(-1.741655387921,-4.21560776561));
#1190 = CARTESIAN_POINT('',(-2.061137202771,-4.20592195271));
#1191 = CARTESIAN_POINT('',(-2.380587646754,-4.195257055583));
#1192 = CARTESIAN_POINT('',(-2.7,-4.183552852892));
#1193 = ( GEOMETRIC_REPRESENTATION_CONTEXT(2) 
PARAMETRIC_REPRESENTATION_CONTEXT() REPRESENTATION_CONTEXT('2D SPACE',''
  ) );
#1194 = ORIENTED_EDGE('',*,*,#1195,.F.);
#1195 = EDGE_CURVE('',#1196,#1128,#1198,.T.);
#1196 = VERTEX_POINT('',#1197);
#1197 = CARTESIAN_POINT('',(20.7,-4.283287325958,0.));
#1198 = SURFACE_CURVE('',#1199,(#1207,#1218),.PCURVE_S1.);
#1199 = B_SPLINE_CURVE_WITH_KNOTS('',3,(#1200,#1201,#1202,#1203,#1204,
    #1205,#1206),.UNSPECIFIED.,.F.,.F.,(4,1,1,1,4),(0.,0.315,0.63,0.945,
    1.),.UNSPECIFIED.);
#1200 = CARTESIAN_POINT('',(20.7,-4.283287325958,1.42108547152E-14));
#1201 = CARTESIAN_POINT('',(20.7,-4.283287325958,1.05));
#1202 = CARTESIAN_POINT('',(20.7,-4.283287325958,3.15));
#1203 = CARTESIAN_POINT('',(20.7,-4.283287325958,6.3));
#1204 = CARTESIAN_POINT('',(20.7,-4.283287325958,8.583333333333));
#1205 = CARTESIAN_POINT('',(20.7,-4.283287325958,9.816666666667));
#1206 = CARTESIAN_POINT('',(20.7,-4.283287325958,10.));
#1207 = PCURVE('',#32,#1208);
#1208 = DEFINITIONAL_REPRESENTATION('',(#1209),#1217);
#1209 = B_SPLINE_CURVE_WITH_KNOTS('',3,(#1210,#1211,#1212,#1213,#1214,
    #1215,#1216),.UNSPECIFIED.,.F.,.F.,(4,1,1,1,4),(0.,0.315,0.63,0.945,
    1.),.UNSPECIFIED.);
#1210 = CARTESIAN_POINT('',(0.651552137962,0.));
#1211 = CARTESIAN_POINT('',(0.651552137962,4.666666666667E-03));
#1212 = CARTESIAN_POINT('',(0.651552137962,1.4E-02));
#1213 = CARTESIAN_POINT('',(0.651552137962,2.8E-02));
#1214 = CARTESIAN_POINT('',(0.651552137962,3.814814814815E-02));
#1215 = CARTESIAN_POINT('',(0.651552137962,4.362962962963E-02));
#1216 = CARTESIAN_POINT('',(0.651552137962,4.444444444444E-02));
#1217 = ( GEOMETRIC_REPRESENTATION_CONTEXT(2) 
PARAMETRIC_REPRESENTATION_CONTEXT() REPRESENTATION_CONTEXT('2D SPACE',''
  ) );
#1218 = PCURVE('',#711,#1219);
#1219 = DEFINITIONAL_REPRESENTATION('',(#1220),#1228);
#1220 = B_SPLINE_CURVE_WITH_KNOTS('',3,(#1221,#1222,#1223,#1224,#1225,
    #1226,#1227),.UNSPECIFIED.,.F.,.F.,(4,1,1,1,4),(0.,0.315,0.63,0.945,
    1.),.UNSPECIFIED.);
#1221 = CARTESIAN_POINT('',(15.716712674042,-1.));
#1222 = CARTESIAN_POINT('',(15.716712674042,-2.05));
#1223 = CARTESIAN_POINT('',(15.716712674042,-4.15));
#1224 = CARTESIAN_POINT('',(15.716712674042,-7.3));
#1225 = CARTESIAN_POINT('',(15.716712674042,-9.583333333333));
#1226 = CARTESIAN_POINT('',(15.716712674042,-10.81666666666));
#1227 = CARTESIAN_POINT('',(15.716712674042,-11.));
#1228 = ( GEOMETRIC_REPRESENTATION_CONTEXT(2) 
PARAMETRIC_REPRESENTATION_CONTEXT() REPRESENTATION_CONTEXT('2D SPACE',''
  ) );
#1229 = ORIENTED_EDGE('',*,*,#1230,.T.);
#1230 = EDGE_CURVE('',#1196,#1231,#1233,.T.);
#1231 = VERTEX_POINT('',#1232);
#1232 = CARTESIAN_POINT('',(72.,-4.32E-02,0.));
#1233 = SURFACE_CURVE('',#1234,(#1356,#1363),.PCURVE_S1.);
#1234 = B_SPLINE_CURVE_WITH_KNOTS('',3,(#1235,#1236,#1237,#1238,#1239,
    #1240,#1241,#1242,#1243,#1244,#1245,#1246,#1247,#1248,#1249,#1250,
    #1251,#1252,#1253,#1254,#1255,#1256,#1257,#1258,#1259,#1260,#1261,
    #1262,#1263,#1264,#1265,#1266,#1267,#1268,#1269,#1270,#1271,#1272,
    #1273,#1274,#1275,#1276,#1277,#1278,#1279,#1280,#1281,#1282,#1283,
    #1284,#1285,#1286,#1287,#1288,#1289,#1290,#1291,#1292,#1293,#1294,
    #1295,#1296,#1297,#1298,#1299,#1300,#1301,#1302,#1303,#1304,#1305,
    #1306,#1307,#1308,#1309,#1310,#1311,#1312,#1313,#1314,#1315,#1316,
    #1317,#1318,#1319,#1320,#1321,#1322,#1323,#1324,#1325,#1326,#1327,
    #1328,#1329,#1330,#1331,#1332,#1333,#1334,#1335,#1336,#1337,#1338,
    #1339,#1340,#1341,#1342,#1343,#1344,#1345,#1346,#1347,#1348,#1349,
    #1350,#1351,#1352,#1353,#1354,#1355),.UNSPECIFIED.,.F.,.F.,(4,1,1,1,
    1,1,1,1,1,1,1,1,1,1,1,1,1,1,1,1,1,1,1,1,1,1,1,1,1,1,1,1,1,1,1,1,1,1,
    1,1,1,1,1,1,1,1,1,1,1,1,1,1,1,1,1,1,1,1,1,1,1,1,1,1,1,1,1,1,1,1,1,1,
    1,1,1,1,1,1,1,1,1,1,1,1,1,1,1,1,1,1,1,1,1,1,1,1,1,1,1,1,1,1,1,1,1,1,
    1,1,1,1,1,1,1,1,1,1,1,1,4),(0.,4.078407677411E-04,1.457980549597E-03
    ,3.204753366262E-03,5.642985368529E-03,8.765465479536E-03,
    1.256297669321E-02,1.702433495068E-02,2.213643470887E-02,
    2.788430025551E-02,3.425114182613E-02,4.121841563833E-02,
    4.876588706683E-02,5.687169632928E-02,6.551242622383E-02,
    7.466317164093E-02,8.429761075195E-02,9.438807794483E-02,
    0.104905638724,0.115820166915,0.1271004246,0.138714145282,
    0.1506281208,0.1628082925,0.175219847173,0.187827318137,
    0.200594691796,0.213485519815,0.22646303689,0.239490283867,
    0.252530235719,0.265545933618,0.278500620098,0.291357876051,
    0.304081758111,0.316636934886,0.328988820492,0.341103703964,
    0.353090161194,0.364812648141,0.376197519167,0.38721480852,
    0.397836016232,0.408034235542,0.417784287292,0.427062868614,
    0.435848726665,0.444122873021,0.451868861729,0.459073165549,
    0.465725703577,0.471820604191,0.477357338614,0.482342444921,
    0.486792194201,0.490736722153,0.49422623504,0.4973393663,
    0.500191267412,0.502933737755,0.505676143618,0.508526386493,
    0.511632585991,0.515105416054,0.519019187057,0.523420263997,
    0.528335467762,0.533778262572,0.539752873742,0.546256953268,
    0.553283311049,0.560821057132,0.568856370053,0.577373023458,
    0.586352753065,0.595775516221,0.605619678387,0.615862149932,
    0.626478489749,0.637442987668,0.648728734495,0.660350032239,
    0.672380507178,0.684646833505,0.697115935464,0.709753854552,
    0.722525869195,0.73539661944,0.748330235365,0.761290467738,
    0.774240819394,0.787144675907,0.799965434253,0.812666628411,
    0.825212051079,0.837565870937,0.849692745131,0.86155792689,
    0.873127368371,0.884367818963,0.89524691945,0.905733292442,
    0.915796629611,0.925407776187,0.934538813214,0.943163137948,
    0.951255542705,0.958792292319,0.965751200209,0.972111702872,
    0.977854932419,0.982963786569,0.987422995334,0.991219183478,
    0.994340927712,0.996778807537,0.998525448648,0.999575557896,1.),
  .UNSPECIFIED.);
#1235 = CARTESIAN_POINT('',(72.,4.32E-02,0.));
#1236 = CARTESIAN_POINT('',(71.984221714961,2.623174440698E-02,0.));
#1237 = CARTESIAN_POINT('',(71.923696633015,-1.218274920545E-02,0.));
#1238 = CARTESIAN_POINT('',(71.760293358299,6.733077767122E-02,0.));
#1239 = CARTESIAN_POINT('',(71.512524417189,9.328244997454E-02,0.));
#1240 = CARTESIAN_POINT('',(71.157609566969,0.17765836874,0.));
#1241 = CARTESIAN_POINT('',(70.706551334166,0.265612266985,0.));
#1242 = CARTESIAN_POINT('',(70.156458687307,0.378693366691,0.));
#1243 = CARTESIAN_POINT('',(69.510376771845,0.507691612558,0.));
#1244 = CARTESIAN_POINT('',(68.769539766247,0.654499335452,0.));
#1245 = CARTESIAN_POINT('',(67.936164468403,0.817011226542,0.));
#1246 = CARTESIAN_POINT('',(67.012487343922,0.994320394971,0.));
#1247 = CARTESIAN_POINT('',(66.001075595555,1.185025913379,0.));
#1248 = CARTESIAN_POINT('',(64.904719943764,1.387795900227,0.));
#1249 = CARTESIAN_POINT('',(63.726459691867,1.601210355375,0.));
#1250 = CARTESIAN_POINT('',(62.469565504084,1.823826596577,0.));
#1251 = CARTESIAN_POINT('',(61.137534111024,2.054174014452,0.));
#1252 = CARTESIAN_POINT('',(59.734078408345,2.290767357714,0.));
#1253 = CARTESIAN_POINT('',(58.263117956895,2.532111544605,0.));
#1254 = CARTESIAN_POINT('',(56.728768440869,2.776706051106,0.));
#1255 = CARTESIAN_POINT('',(55.13533056472,3.023046707263,0.));
#1256 = CARTESIAN_POINT('',(53.487278312768,3.269625897995,0.));
#1257 = CARTESIAN_POINT('',(51.789246662024,3.514931391247,0.));
#1258 = CARTESIAN_POINT('',(50.046018792095,3.757444359741,0.));
#1259 = CARTESIAN_POINT('',(48.262512847574,3.995637151547,0.));
#1260 = CARTESIAN_POINT('',(46.44376830058,4.227971417123,0.));
#1261 = CARTESIAN_POINT('',(44.594931956635,4.452897194186,0.));
#1262 = CARTESIAN_POINT('',(42.721243640298,4.668853518835,0.));
#1263 = CARTESIAN_POINT('',(40.82802159035,4.874271068255,0.));
#1264 = CARTESIAN_POINT('',(38.920647587523,5.06757723267,0.));
#1265 = CARTESIAN_POINT('',(37.004551833703,5.247203939495,0.));
#1266 = CARTESIAN_POINT('',(35.085197592638,5.411598236145,0.));
#1267 = CARTESIAN_POINT('',(33.168065619131,5.55923613728,0.));
#1268 = CARTESIAN_POINT('',(31.258638334192,5.688637638146,0.));
#1269 = CARTESIAN_POINT('',(29.362383966368,5.798389696803,0.));
#1270 = CARTESIAN_POINT('',(27.484739924304,5.887150335506,0.));
#1271 = CARTESIAN_POINT('',(25.631098208209,5.953730164934,0.));
#1272 = CARTESIAN_POINT('',(23.806782721962,5.996895716649,0.));
#1273 = CARTESIAN_POINT('',(22.010091894409,6.016262315207,0.));
#1274 = CARTESIAN_POINT('',(20.244284666721,6.008912886959,0.));
#1275 = CARTESIAN_POINT('',(18.514956979868,5.965446857909,0.));
#1276 = CARTESIAN_POINT('',(16.834636840278,5.888113808741,0.));
#1277 = CARTESIAN_POINT('',(15.210590663863,5.77714453907,0.));
#1278 = CARTESIAN_POINT('',(13.647812736416,5.633647085709,0.));
#1279 = CARTESIAN_POINT('',(12.151082171681,5.458844263779,0.));
#1280 = CARTESIAN_POINT('',(10.724941257141,5.254261736029,0.));
#1281 = CARTESIAN_POINT('',(9.373673707815,5.021652437276,0.));
#1282 = CARTESIAN_POINT('',(8.101285073661,4.762980266356,0.));
#1283 = CARTESIAN_POINT('',(6.911484780904,4.48038155269,0.));
#1284 = CARTESIAN_POINT('',(5.807669717899,4.176125231313,0.));
#1285 = CARTESIAN_POINT('',(4.792908805104,3.852566790786,0.));
#1286 = CARTESIAN_POINT('',(3.869927685777,3.512096971921,0.));
#1287 = CARTESIAN_POINT('',(3.041092331994,3.157083399423,0.));
#1288 = CARTESIAN_POINT('',(2.308390850751,2.789800753784,0.));
#1289 = CARTESIAN_POINT('',(1.673415139218,2.412340106554,0.));
#1290 = CARTESIAN_POINT('',(1.137357047989,2.026476856156,0.));
#1291 = CARTESIAN_POINT('',(0.701064633603,1.633476661869,0.));
#1292 = CARTESIAN_POINT('',(0.365309135041,1.233836858307,0.));
#1293 = CARTESIAN_POINT('',(0.131468201859,0.827262199993,0.));
#1294 = CARTESIAN_POINT('',(2.610739939513E-03,0.413566537933,0.));
#1295 = CARTESIAN_POINT('',(-1.738517016726E-02,-1.394771597038E-03,0.)
  );
#1296 = CARTESIAN_POINT('',(6.829918958043E-02,-0.407775947084,0.));
#1297 = CARTESIAN_POINT('',(0.260163279901,-0.795684499761,0.));
#1298 = CARTESIAN_POINT('',(0.552677478468,-1.16056237707,0.));
#1299 = CARTESIAN_POINT('',(0.94223482932,-1.503746075605,0.));
#1300 = CARTESIAN_POINT('',(1.42693129528,-1.826544639829,0.));
#1301 = CARTESIAN_POINT('',(2.005382684217,-2.129588407527,0.));
#1302 = CARTESIAN_POINT('',(2.676096088126,-2.412959003937,0.));
#1303 = CARTESIAN_POINT('',(3.437272195287,-2.676464537771,0.));
#1304 = CARTESIAN_POINT('',(4.286793748968,-2.919814692745,0.));
#1305 = CARTESIAN_POINT('',(5.222258667982,-3.142725113897,0.));
#1306 = CARTESIAN_POINT('',(6.241017835581,-3.344978185654,0.));
#1307 = CARTESIAN_POINT('',(7.340206603373,-3.526462444201,0.));
#1308 = CARTESIAN_POINT('',(8.5167695597,-3.687200044661,0.));
#1309 = CARTESIAN_POINT('',(9.767479696412,-3.827366816078,0.));
#1310 = CARTESIAN_POINT('',(11.088953242726,-3.947306150594,0.));
#1311 = CARTESIAN_POINT('',(12.477661100695,-4.047538451046,0.));
#1312 = CARTESIAN_POINT('',(13.92993754996,-4.128761120489,0.));
#1313 = CARTESIAN_POINT('',(15.441986825862,-4.191859164571,0.));
#1314 = CARTESIAN_POINT('',(17.009887746114,-4.237846668392,0.));
#1315 = CARTESIAN_POINT('',(18.62959794615,-4.268053801604,0.));
#1316 = CARTESIAN_POINT('',(20.299040865283,-4.283345889857,0.));
#1317 = CARTESIAN_POINT('',(22.021096248957,-4.28707202398,0.));
#1318 = CARTESIAN_POINT('',(23.791437774365,-4.271576827279,0.));
#1319 = CARTESIAN_POINT('',(25.603275541446,-4.235908060803,0.));
#1320 = CARTESIAN_POINT('',(27.444603572539,-4.181768453595,0.));
#1321 = CARTESIAN_POINT('',(29.310279645288,-4.110292365638,0.));
#1322 = CARTESIAN_POINT('',(31.195090426146,-4.022857699733,0.));
#1323 = CARTESIAN_POINT('',(33.093761288318,-3.920848366804,0.));
#1324 = CARTESIAN_POINT('',(35.000971321861,-3.805689393895,0.));
#1325 = CARTESIAN_POINT('',(36.911367383716,-3.67880963187,0.));
#1326 = CARTESIAN_POINT('',(38.819578817645,-3.541627171072,0.));
#1327 = CARTESIAN_POINT('',(40.720232333618,-3.395532264355,0.));
#1328 = CARTESIAN_POINT('',(42.607967104931,-3.241875052125,0.));
#1329 = CARTESIAN_POINT('',(44.47744997845,-3.081956377888,0.));
#1330 = CARTESIAN_POINT('',(46.323390732583,-2.917022194364,0.));
#1331 = CARTESIAN_POINT('',(48.140557306602,-2.748261258569,0.));
#1332 = CARTESIAN_POINT('',(49.923790931247,-2.576805836658,0.));
#1333 = CARTESIAN_POINT('',(51.668021095523,-2.403734966215,0.));
#1334 = CARTESIAN_POINT('',(53.368280292221,-2.230079734248,0.));
#1335 = CARTESIAN_POINT('',(55.019718493165,-2.056829954088,0.));
#1336 = CARTESIAN_POINT('',(56.617617313285,-1.884941587949,0.));
#1337 = CARTESIAN_POINT('',(58.157403831731,-1.715344251079,0.));
#1338 = CARTESIAN_POINT('',(59.634664039927,-1.548948180758,0.));
#1339 = CARTESIAN_POINT('',(61.045155907475,-1.386650043945,0.));
#1340 = CARTESIAN_POINT('',(62.384822001187,-1.22933728181,0.));
#1341 = CARTESIAN_POINT('',(63.649801793049,-1.077889970978,0.));
#1342 = CARTESIAN_POINT('',(64.83644310017,-0.933182151163,0.));
#1343 = CARTESIAN_POINT('',(65.941314448473,-0.79607500775,0.));
#1344 = CARTESIAN_POINT('',(66.961212208529,-0.667427144719,0.));
#1345 = CARTESIAN_POINT('',(67.893182803223,-0.548038291829,0.));
#1346 = CARTESIAN_POINT('',(68.734493301065,-0.438801330191,0.));
#1347 = CARTESIAN_POINT('',(69.482764991227,-0.340178516421,0.));
#1348 = CARTESIAN_POINT('',(70.135592687438,-0.253792908359,0.));
#1349 = CARTESIAN_POINT('',(70.69173157278,-0.177556711613,0.));
#1350 = CARTESIAN_POINT('',(71.147661585336,-0.119844099973,0.));
#1351 = CARTESIAN_POINT('',(71.507124345386,-6.020478222092E-02,0.));
#1352 = CARTESIAN_POINT('',(71.756716317728,-4.994749829778E-02,0.));
#1353 = CARTESIAN_POINT('',(71.9248400037,1.63721775793E-02,0.));
#1354 = CARTESIAN_POINT('',(71.984408918449,-2.490967936307E-02,0.));
#1355 = CARTESIAN_POINT('',(72.,-4.32E-02,0.));
#1356 = PCURVE('',#32,#1357);
#1357 = DEFINITIONAL_REPRESENTATION('',(#1358),#1362);
#1358 = LINE('',#1359,#1360);
#1359 = CARTESIAN_POINT('',(0.,0.));
#1360 = VECTOR('',#1361,1.);
#1361 = DIRECTION('',(1.,0.));
#1362 = ( GEOMETRIC_REPRESENTATION_CONTEXT(2) 
PARAMETRIC_REPRESENTATION_CONTEXT() REPRESENTATION_CONTEXT('2D SPACE',''
  ) );
#1363 = PCURVE('',#557,#1364);
#1364 = DEFINITIONAL_REPRESENTATION('',(#1365),#1487);
#1365 = B_SPLINE_CURVE_WITH_KNOTS('',3,(#1366,#1367,#1368,#1369,#1370,
    #1371,#1372,#1373,#1374,#1375,#1376,#1377,#1378,#1379,#1380,#1381,
    #1382,#1383,#1384,#1385,#1386,#1387,#1388,#1389,#1390,#1391,#1392,
    #1393,#1394,#1395,#1396,#1397,#1398,#1399,#1400,#1401,#1402,#1403,
    #1404,#1405,#1406,#1407,#1408,#1409,#1410,#1411,#1412,#1413,#1414,
    #1415,#1416,#1417,#1418,#1419,#1420,#1421,#1422,#1423,#1424,#1425,
    #1426,#1427,#1428,#1429,#1430,#1431,#1432,#1433,#1434,#1435,#1436,
    #1437,#1438,#1439,#1440,#1441,#1442,#1443,#1444,#1445,#1446,#1447,
    #1448,#1449,#1450,#1451,#1452,#1453,#1454,#1455,#1456,#1457,#1458,
    #1459,#1460,#1461,#1462,#1463,#1464,#1465,#1466,#1467,#1468,#1469,
    #1470,#1471,#1472,#1473,#1474,#1475,#1476,#1477,#1478,#1479,#1480,
    #1481,#1482,#1483,#1484,#1485,#1486),.UNSPECIFIED.,.F.,.F.,(4,1,1,1,
    1,1,1,1,1,1,1,1,1,1,1,1,1,1,1,1,1,1,1,1,1,1,1,1,1,1,1,1,1,1,1,1,1,1,
    1,1,1,1,1,1,1,1,1,1,1,1,1,1,1,1,1,1,1,1,1,1,1,1,1,1,1,1,1,1,1,1,1,1,
    1,1,1,1,1,1,1,1,1,1,1,1,1,1,1,1,1,1,1,1,1,1,1,1,1,1,1,1,1,1,1,1,1,1,
    1,1,1,1,1,1,1,1,1,1,1,1,4),(0.,4.078407677411E-04,1.457980549597E-03
    ,3.204753366262E-03,5.642985368529E-03,8.765465479536E-03,
    1.256297669321E-02,1.702433495068E-02,2.213643470887E-02,
    2.788430025551E-02,3.425114182613E-02,4.121841563833E-02,
    4.876588706683E-02,5.687169632928E-02,6.551242622383E-02,
    7.466317164093E-02,8.429761075195E-02,9.438807794483E-02,
    0.104905638724,0.115820166915,0.1271004246,0.138714145282,
    0.1506281208,0.1628082925,0.175219847173,0.187827318137,
    0.200594691796,0.213485519815,0.22646303689,0.239490283867,
    0.252530235719,0.265545933618,0.278500620098,0.291357876051,
    0.304081758111,0.316636934886,0.328988820492,0.341103703964,
    0.353090161194,0.364812648141,0.376197519167,0.38721480852,
    0.397836016232,0.408034235542,0.417784287292,0.427062868614,
    0.435848726665,0.444122873021,0.451868861729,0.459073165549,
    0.465725703577,0.471820604191,0.477357338614,0.482342444921,
    0.486792194201,0.490736722153,0.49422623504,0.4973393663,
    0.500191267412,0.502933737755,0.505676143618,0.508526386493,
    0.511632585991,0.515105416054,0.519019187057,0.523420263997,
    0.528335467762,0.533778262572,0.539752873742,0.546256953268,
    0.553283311049,0.560821057132,0.568856370053,0.577373023458,
    0.586352753065,0.595775516221,0.605619678387,0.615862149932,
    0.626478489749,0.637442987668,0.648728734495,0.660350032239,
    0.672380507178,0.684646833505,0.697115935464,0.709753854552,
    0.722525869195,0.73539661944,0.748330235365,0.761290467738,
    0.774240819394,0.787144675907,0.799965434253,0.812666628411,
    0.825212051079,0.837565870937,0.849692745131,0.86155792689,
    0.873127368371,0.884367818963,0.89524691945,0.905733292442,
    0.915796629611,0.925407776187,0.934538813214,0.943163137948,
    0.951255542705,0.958792292319,0.965751200209,0.972111702872,
    0.977854932419,0.982963786569,0.987422995334,0.991219183478,
    0.994340927712,0.996778807537,0.998525448648,0.999575557896,1.),
  .UNSPECIFIED.);
#1366 = CARTESIAN_POINT('',(0.,0.));
#1367 = CARTESIAN_POINT('',(1.568617091179E-02,-1.705344595016E-02));
#1368 = CARTESIAN_POINT('',(7.600235169693E-02,-5.579511859738E-02));
#1369 = CARTESIAN_POINT('',(0.239833795062,2.283241671652E-02));
#1370 = CARTESIAN_POINT('',(0.487739631441,4.744204416191E-02));
#1371 = CARTESIAN_POINT('',(0.843106172299,0.129894868326));
#1372 = CARTESIAN_POINT('',(1.294634060865,0.215405004818));
#1373 = CARTESIAN_POINT('',(1.845330974877,0.325505704801));
#1374 = CARTESIAN_POINT('',(2.492101941244,0.451003537411));
#1375 = CARTESIAN_POINT('',(3.233723046529,0.593797488826));
#1376 = CARTESIAN_POINT('',(4.067966125134,0.751794285001));
#1377 = CARTESIAN_POINT('',(4.992589833441,0.924099158798));
#1378 = CARTESIAN_POINT('',(6.005019420341,1.109325104751));
#1379 = CARTESIAN_POINT('',(7.102456994174,1.306155372551));
#1380 = CARTESIAN_POINT('',(8.281855606904,1.513186440647));
#1381 = CARTESIAN_POINT('',(9.539936830164,1.728993358536));
#1382 = CARTESIAN_POINT('',(10.873196021289,1.95212447313));
#1383 = CARTESIAN_POINT('',(12.277912296446,2.181114660181));
#1384 = CARTESIAN_POINT('',(13.750158056412,2.414490084204));
#1385 = CARTESIAN_POINT('',(15.285809552022,2.650772529533));
#1386 = CARTESIAN_POINT('',(16.880557996822,2.888481136507));
#1387 = CARTESIAN_POINT('',(18.529921308379,3.126132538692));
#1388 = CARTESIAN_POINT('',(20.229256388922,3.362239624522));
#1389 = CARTESIAN_POINT('',(21.973771904553,3.595309489818));
#1390 = CARTESIAN_POINT('',(23.758541510575,3.823841136713));
#1391 = CARTESIAN_POINT('',(25.578517478617,4.046323526869));
#1392 = CARTESIAN_POINT('',(27.428544685599,4.261234590588));
#1393 = CARTESIAN_POINT('',(29.303374931189,4.467041760408));
#1394 = CARTESIAN_POINT('',(31.197681556726,4.662204534694));
#1395 = CARTESIAN_POINT('',(33.106074344726,4.845179468969));
#1396 = CARTESIAN_POINT('',(35.023114681829,5.014427918086));
#1397 = CARTESIAN_POINT('',(36.943330975178,5.168426535701));
#1398 = CARTESIAN_POINT('',(38.861234297966,5.305681037008));
#1399 = CARTESIAN_POINT('',(40.771334295366,5.424741126163));
#1400 = CARTESIAN_POINT('',(42.668155167403,5.524223392302));
#1401 = CARTESIAN_POINT('',(44.546252318365,5.602815320825));
#1402 = CARTESIAN_POINT('',(46.400227386575,5.659356737433));
#1403 = CARTESIAN_POINT('',(48.224749866997,5.692643020617));
#1404 = CARTESIAN_POINT('',(50.021519222829,5.702280286596));
#1405 = CARTESIAN_POINT('',(51.787260764778,5.685369151596));
#1406 = CARTESIAN_POINT('',(53.516327729976,5.632539481364));
#1407 = CARTESIAN_POINT('',(55.19620447711,5.546108662533));
#1408 = CARTESIAN_POINT('',(56.819625946578,5.426346838846));
#1409 = CARTESIAN_POINT('',(58.381603925806,5.274389074839));
#1410 = CARTESIAN_POINT('',(59.877365992641,5.091484046521));
#1411 = CARTESIAN_POINT('',(61.302378187631,4.879181990679));
#1412 = CARTESIAN_POINT('',(62.652366350672,4.639259012667));
#1413 = CARTESIAN_POINT('',(63.923335625009,4.373700672513));
#1414 = CARTESIAN_POINT('',(65.111588206985,4.084663354792));
#1415 = CARTESIAN_POINT('',(66.213739544292,3.774434355364));
#1416 = CARTESIAN_POINT('',(67.226733516394,3.445385746404));
#1417 = CARTESIAN_POINT('',(68.147857465812,3.099922992982));
#1418 = CARTESIAN_POINT('',(68.974758275803,2.74042649679));
#1419 = CARTESIAN_POINT('',(69.705460185874,2.369181670533));
#1420 = CARTESIAN_POINT('',(70.338382645307,1.988288175198));
#1421 = CARTESIAN_POINT('',(70.872343434734,1.599527837028));
#1422 = CARTESIAN_POINT('',(71.306501363572,1.204170888957));
#1423 = CARTESIAN_POINT('',(71.640087897205,0.802718834554));
#1424 = CARTESIAN_POINT('',(71.871723807525,0.394883892618));
#1425 = CARTESIAN_POINT('',(71.998339225651,-1.95034650476E-02));
#1426 = CARTESIAN_POINT('',(72.016087834539,-0.434566968274));
#1427 = CARTESIAN_POINT('',(71.928204184235,-0.840478206483));
#1428 = CARTESIAN_POINT('',(71.734242388994,-1.227342131373));
#1429 = CARTESIAN_POINT('',(71.439756671845,-1.590630700019));
#1430 = CARTESIAN_POINT('',(71.048346698762,-1.931699921019));
#1431 = CARTESIAN_POINT('',(70.561909390554,-2.251869129974));
#1432 = CARTESIAN_POINT('',(69.981825505791,-2.551776150802));
#1433 = CARTESIAN_POINT('',(69.309587488591,-2.831510691615));
#1434 = CARTESIAN_POINT('',(68.546995663382,-3.090890607178));
#1435 = CARTESIAN_POINT('',(67.696168827911,-3.329637050372));
#1436 = CARTESIAN_POINT('',(66.759510567926,-3.547478677629));
#1437 = CARTESIAN_POINT('',(65.739671139721,-3.744212221488));
#1438 = CARTESIAN_POINT('',(64.639515753262,-3.919741731786));
#1439 = CARTESIAN_POINT('',(63.462099655441,-4.074105908323));
#1440 = CARTESIAN_POINT('',(62.210648854989,-4.207498051754));
#1441 = CARTESIAN_POINT('',(60.888545213613,-4.320279872246));
#1442 = CARTESIAN_POINT('',(59.49931495955,-4.412990875008));
#1443 = CARTESIAN_POINT('',(58.046619982989,-4.486348302681));
#1444 = CARTESIAN_POINT('',(56.534251200648,-4.541257701934));
#1445 = CARTESIAN_POINT('',(54.966124246075,-4.578754376133));
#1446 = CARTESIAN_POINT('',(53.346274221724,-4.600190364758));
#1447 = CARTESIAN_POINT('',(51.676772972115,-4.606442225314));
#1448 = CARTESIAN_POINT('',(49.954722658758,-4.600843405756));
#1449 = CARTESIAN_POINT('',(48.184490994757,-4.575762068588));
#1450 = CARTESIAN_POINT('',(46.372872936984,-4.530282756007));
#1451 = CARTESIAN_POINT('',(44.53186506683,-4.466173184246));
#1452 = CARTESIAN_POINT('',(42.666603388723,-4.384595541699));
#1453 = CARTESIAN_POINT('',(40.782293698458,-4.286955941073));
#1454 = CARTESIAN_POINT('',(38.884203051643,-4.174666835011));
#1455 = CARTESIAN_POINT('',(36.977644563716,-4.049182042299));
#1456 = CARTESIAN_POINT('',(35.067963562051,-3.911959380024));
#1457 = CARTESIAN_POINT('',(33.160522945212,-3.764445999746));
#1458 = CARTESIAN_POINT('',(31.260688396257,-3.608061230206));
#1459 = CARTESIAN_POINT('',(29.373813352306,-3.444184220796));
#1460 = CARTESIAN_POINT('',(27.505223844262,-3.274144674879));
#1461 = CARTESIAN_POINT('',(25.660203269341,-3.099217173363));
#1462 = CARTESIAN_POINT('',(23.843977174469,-2.920618787349));
#1463 = CARTESIAN_POINT('',(22.06169812207,-2.739509701037));
#1464 = CARTESIAN_POINT('',(20.31843070583,-2.556996392915));
#1465 = CARTESIAN_POINT('',(18.619136776811,-2.374136833839));
#1466 = CARTESIAN_POINT('',(16.968660932261,-2.191947085444));
#1467 = CARTESIAN_POINT('',(15.371716311555,-2.011408645898));
#1468 = CARTESIAN_POINT('',(13.832870734649,-1.833475879103));
#1469 = CARTESIAN_POINT('',(12.356533216487,-1.659082910773));
#1470 = CARTESIAN_POINT('',(10.946940869837,-1.48914936524));
#1471 = CARTESIAN_POINT('',(9.608146262923,-1.32458464159));
#1472 = CARTESIAN_POINT('',(8.34400510156,-1.166289708235));
#1473 = CARTESIAN_POINT('',(7.158164782185,-1.01515836858));
#1474 = CARTESIAN_POINT('',(6.054052065262,-0.872070376755));
#1475 = CARTESIAN_POINT('',(5.034865883927,-0.737901671747));
#1476 = CARTESIAN_POINT('',(4.103555441467,-0.613467965158));
#1477 = CARTESIAN_POINT('',(3.262848794372,-0.499676923783));
#1478 = CARTESIAN_POINT('',(2.515122115482,-0.397003678137));
#1479 = CARTESIAN_POINT('',(1.862771766979,-0.307084286305));
#1480 = CARTESIAN_POINT('',(1.307053852897,-0.227837725167));
#1481 = CARTESIAN_POINT('',(0.851443037545,-0.167657106809));
#1482 = CARTESIAN_POINT('',(0.49230849346,-0.10607217903));
#1483 = CARTESIAN_POINT('',(0.242775723426,-9.446350943187E-02));
#1484 = CARTESIAN_POINT('',(7.501362219273E-02,-2.723441912816E-02));
#1485 = CARTESIAN_POINT('',(1.522204027459E-02,-6.819310622597E-02));
#1486 = CARTESIAN_POINT('',(-4.678544521255E-04,-8.639873327898E-02));
#1487 = ( GEOMETRIC_REPRESENTATION_CONTEXT(2) 
PARAMETRIC_REPRESENTATION_CONTEXT() REPRESENTATION_CONTEXT('2D SPACE',''
  ) );
#1488 = ORIENTED_EDGE('',*,*,#1489,.T.);
#1489 = EDGE_CURVE('',#1231,#1490,#1492,.T.);
#1490 = VERTEX_POINT('',#1491);
#1491 = CARTESIAN_POINT('',(72.,-4.32E-02,225.));
#1492 = SURFACE_CURVE('',#1493,(#1497,#1504),.PCURVE_S1.);
#1493 = B_SPLINE_CURVE_WITH_KNOTS('',2,(#1494,#1495,#1496),
  .UNSPECIFIED.,.F.,.F.,(3,3),(0.,1.),.PIECEWISE_BEZIER_KNOTS.);
#1494 = CARTESIAN_POINT('',(72.,-4.32E-02,0.));
#1495 = CARTESIAN_POINT('',(72.,-4.32E-02,112.5));
#1496 = CARTESIAN_POINT('',(72.,-4.32E-02,225.));
#1497 = PCURVE('',#32,#1498);
#1498 = DEFINITIONAL_REPRESENTATION('',(#1499),#1503);
#1499 = LINE('',#1500,#1501);
#1500 = CARTESIAN_POINT('',(1.,0.));
#1501 = VECTOR('',#1502,1.);
#1502 = DIRECTION('',(0.,1.));
#1503 = ( GEOMETRIC_REPRESENTATION_CONTEXT(2) 
PARAMETRIC_REPRESENTATION_CONTEXT() REPRESENTATION_CONTEXT('2D SPACE',''
  ) );
#1504 = PCURVE('',#403,#1505);
#1505 = DEFINITIONAL_REPRESENTATION('',(#1506),#1510);
#1506 = LINE('',#1507,#1508);
#1507 = CARTESIAN_POINT('',(1.,0.));
#1508 = VECTOR('',#1509,1.);
#1509 = DIRECTION('',(0.,1.));
#1510 = ( GEOMETRIC_REPRESENTATION_CONTEXT(2) 
PARAMETRIC_REPRESENTATION_CONTEXT() REPRESENTATION_CONTEXT('2D SPACE',''
  ) );
#1511 = ORIENTED_EDGE('',*,*,#1512,.F.);
#1512 = EDGE_CURVE('',#1513,#1490,#1515,.T.);
#1513 = VERTEX_POINT('',#1514);
#1514 = CARTESIAN_POINT('',(20.7,-4.283287325958,225.));
#1515 = SURFACE_CURVE('',#1516,(#1638,#1645),.PCURVE_S1.);
#1516 = B_SPLINE_CURVE_WITH_KNOTS('',3,(#1517,#1518,#1519,#1520,#1521,
    #1522,#1523,#1524,#1525,#1526,#1527,#1528,#1529,#1530,#1531,#1532,
    #1533,#1534,#1535,#1536,#1537,#1538,#1539,#1540,#1541,#1542,#1543,
    #1544,#1545,#1546,#1547,#1548,#1549,#1550,#1551,#1552,#1553,#1554,
    #1555,#1556,#1557,#1558,#1559,#1560,#1561,#1562,#1563,#1564,#1565,
    #1566,#1567,#1568,#1569,#1570,#1571,#1572,#1573,#1574,#1575,#1576,
    #1577,#1578,#1579,#1580,#1581,#1582,#1583,#1584,#1585,#1586,#1587,
    #1588,#1589,#1590,#1591,#1592,#1593,#1594,#1595,#1596,#1597,#1598,
    #1599,#1600,#1601,#1602,#1603,#1604,#1605,#1606,#1607,#1608,#1609,
    #1610,#1611,#1612,#1613,#1614,#1615,#1616,#1617,#1618,#1619,#1620,
    #1621,#1622,#1623,#1624,#1625,#1626,#1627,#1628,#1629,#1630,#1631,
    #1632,#1633,#1634,#1635,#1636,#1637),.UNSPECIFIED.,.F.,.F.,(4,1,1,1,
    1,1,1,1,1,1,1,1,1,1,1,1,1,1,1,1,1,1,1,1,1,1,1,1,1,1,1,1,1,1,1,1,1,1,
    1,1,1,1,1,1,1,1,1,1,1,1,1,1,1,1,1,1,1,1,1,1,1,1,1,1,1,1,1,1,1,1,1,1,
    1,1,1,1,1,1,1,1,1,1,1,1,1,1,1,1,1,1,1,1,1,1,1,1,1,1,1,1,1,1,1,1,1,1,
    1,1,1,1,1,1,1,1,1,1,1,1,4),(0.,4.078407677411E-04,1.457980549597E-03
    ,3.204753366262E-03,5.642985368529E-03,8.765465479536E-03,
    1.256297669321E-02,1.702433495068E-02,2.213643470887E-02,
    2.788430025551E-02,3.425114182613E-02,4.121841563833E-02,
    4.876588706683E-02,5.687169632928E-02,6.551242622383E-02,
    7.466317164093E-02,8.429761075195E-02,9.438807794483E-02,
    0.104905638724,0.115820166915,0.1271004246,0.138714145282,
    0.1506281208,0.1628082925,0.175219847173,0.187827318137,
    0.200594691796,0.213485519815,0.22646303689,0.239490283867,
    0.252530235719,0.265545933618,0.278500620098,0.291357876051,
    0.304081758111,0.316636934886,0.328988820492,0.341103703964,
    0.353090161194,0.364812648141,0.376197519167,0.38721480852,
    0.397836016232,0.408034235542,0.417784287292,0.427062868614,
    0.435848726665,0.444122873021,0.451868861729,0.459073165549,
    0.465725703577,0.471820604191,0.477357338614,0.482342444921,
    0.486792194201,0.490736722153,0.49422623504,0.4973393663,
    0.500191267412,0.502933737755,0.505676143618,0.508526386493,
    0.511632585991,0.515105416054,0.519019187057,0.523420263997,
    0.528335467762,0.533778262572,0.539752873742,0.546256953268,
    0.553283311049,0.560821057132,0.568856370053,0.577373023458,
    0.586352753065,0.595775516221,0.605619678387,0.615862149932,
    0.626478489749,0.637442987668,0.648728734495,0.660350032239,
    0.672380507178,0.684646833505,0.697115935464,0.709753854552,
    0.722525869195,0.73539661944,0.748330235365,0.761290467738,
    0.774240819394,0.787144675907,0.799965434253,0.812666628411,
    0.825212051079,0.837565870937,0.849692745131,0.86155792689,
    0.873127368371,0.884367818963,0.89524691945,0.905733292442,
    0.915796629611,0.925407776187,0.934538813214,0.943163137948,
    0.951255542705,0.958792292319,0.965751200209,0.972111702872,
    0.977854932419,0.982963786569,0.987422995334,0.991219183478,
    0.994340927712,0.996778807537,0.998525448648,0.999575557896,1.),
  .UNSPECIFIED.);
#1517 = CARTESIAN_POINT('',(72.,4.32E-02,225.));
#1518 = CARTESIAN_POINT('',(71.984221714961,2.623174440698E-02,225.));
#1519 = CARTESIAN_POINT('',(71.923696633015,-1.218274920545E-02,225.));
#1520 = CARTESIAN_POINT('',(71.760293358299,6.733077767122E-02,225.));
#1521 = CARTESIAN_POINT('',(71.512524417189,9.328244997454E-02,225.));
#1522 = CARTESIAN_POINT('',(71.157609566969,0.17765836874,225.));
#1523 = CARTESIAN_POINT('',(70.706551334166,0.265612266985,225.));
#1524 = CARTESIAN_POINT('',(70.156458687307,0.378693366691,225.));
#1525 = CARTESIAN_POINT('',(69.510376771845,0.507691612558,225.));
#1526 = CARTESIAN_POINT('',(68.769539766247,0.654499335452,225.));
#1527 = CARTESIAN_POINT('',(67.936164468403,0.817011226542,225.));
#1528 = CARTESIAN_POINT('',(67.012487343922,0.994320394971,225.));
#1529 = CARTESIAN_POINT('',(66.001075595555,1.185025913379,225.));
#1530 = CARTESIAN_POINT('',(64.904719943764,1.387795900227,225.));
#1531 = CARTESIAN_POINT('',(63.726459691867,1.601210355375,225.));
#1532 = CARTESIAN_POINT('',(62.469565504084,1.823826596577,225.));
#1533 = CARTESIAN_POINT('',(61.137534111024,2.054174014452,225.));
#1534 = CARTESIAN_POINT('',(59.734078408345,2.290767357714,225.));
#1535 = CARTESIAN_POINT('',(58.263117956895,2.532111544605,225.));
#1536 = CARTESIAN_POINT('',(56.728768440869,2.776706051106,225.));
#1537 = CARTESIAN_POINT('',(55.13533056472,3.023046707263,225.));
#1538 = CARTESIAN_POINT('',(53.487278312768,3.269625897995,225.));
#1539 = CARTESIAN_POINT('',(51.789246662024,3.514931391247,225.));
#1540 = CARTESIAN_POINT('',(50.046018792095,3.757444359741,225.));
#1541 = CARTESIAN_POINT('',(48.262512847574,3.995637151547,225.));
#1542 = CARTESIAN_POINT('',(46.44376830058,4.227971417123,225.));
#1543 = CARTESIAN_POINT('',(44.594931956635,4.452897194186,225.));
#1544 = CARTESIAN_POINT('',(42.721243640298,4.668853518835,225.));
#1545 = CARTESIAN_POINT('',(40.82802159035,4.874271068255,225.));
#1546 = CARTESIAN_POINT('',(38.920647587523,5.06757723267,225.));
#1547 = CARTESIAN_POINT('',(37.004551833703,5.247203939495,225.));
#1548 = CARTESIAN_POINT('',(35.085197592638,5.411598236145,225.));
#1549 = CARTESIAN_POINT('',(33.168065619131,5.55923613728,225.));
#1550 = CARTESIAN_POINT('',(31.258638334192,5.688637638146,225.));
#1551 = CARTESIAN_POINT('',(29.362383966368,5.798389696803,225.));
#1552 = CARTESIAN_POINT('',(27.484739924304,5.887150335506,225.));
#1553 = CARTESIAN_POINT('',(25.631098208209,5.953730164934,225.));
#1554 = CARTESIAN_POINT('',(23.806782721962,5.996895716649,225.));
#1555 = CARTESIAN_POINT('',(22.010091894409,6.016262315207,225.));
#1556 = CARTESIAN_POINT('',(20.244284666721,6.008912886959,225.));
#1557 = CARTESIAN_POINT('',(18.514956979868,5.965446857909,225.));
#1558 = CARTESIAN_POINT('',(16.834636840278,5.888113808741,225.));
#1559 = CARTESIAN_POINT('',(15.210590663863,5.77714453907,225.));
#1560 = CARTESIAN_POINT('',(13.647812736416,5.633647085709,225.));
#1561 = CARTESIAN_POINT('',(12.151082171681,5.458844263779,225.));
#1562 = CARTESIAN_POINT('',(10.724941257141,5.254261736029,225.));
#1563 = CARTESIAN_POINT('',(9.373673707815,5.021652437276,225.));
#1564 = CARTESIAN_POINT('',(8.101285073661,4.762980266356,225.));
#1565 = CARTESIAN_POINT('',(6.911484780904,4.48038155269,225.));
#1566 = CARTESIAN_POINT('',(5.807669717899,4.176125231313,225.));
#1567 = CARTESIAN_POINT('',(4.792908805104,3.852566790786,225.));
#1568 = CARTESIAN_POINT('',(3.869927685777,3.512096971921,225.));
#1569 = CARTESIAN_POINT('',(3.041092331994,3.157083399423,225.));
#1570 = CARTESIAN_POINT('',(2.308390850751,2.789800753784,225.));
#1571 = CARTESIAN_POINT('',(1.673415139218,2.412340106554,225.));
#1572 = CARTESIAN_POINT('',(1.137357047989,2.026476856156,225.));
#1573 = CARTESIAN_POINT('',(0.701064633603,1.633476661869,225.));
#1574 = CARTESIAN_POINT('',(0.365309135041,1.233836858307,225.));
#1575 = CARTESIAN_POINT('',(0.131468201859,0.827262199993,225.));
#1576 = CARTESIAN_POINT('',(2.610739939513E-03,0.413566537933,225.));
#1577 = CARTESIAN_POINT('',(-1.738517016726E-02,-1.394771597038E-03,225.
    ));
#1578 = CARTESIAN_POINT('',(6.829918958043E-02,-0.407775947084,225.));
#1579 = CARTESIAN_POINT('',(0.260163279901,-0.795684499761,225.));
#1580 = CARTESIAN_POINT('',(0.552677478468,-1.16056237707,225.));
#1581 = CARTESIAN_POINT('',(0.94223482932,-1.503746075605,225.));
#1582 = CARTESIAN_POINT('',(1.42693129528,-1.826544639829,225.));
#1583 = CARTESIAN_POINT('',(2.005382684217,-2.129588407527,225.));
#1584 = CARTESIAN_POINT('',(2.676096088126,-2.412959003937,225.));
#1585 = CARTESIAN_POINT('',(3.437272195287,-2.676464537771,225.));
#1586 = CARTESIAN_POINT('',(4.286793748968,-2.919814692745,225.));
#1587 = CARTESIAN_POINT('',(5.222258667982,-3.142725113897,225.));
#1588 = CARTESIAN_POINT('',(6.241017835581,-3.344978185654,225.));
#1589 = CARTESIAN_POINT('',(7.340206603373,-3.526462444201,225.));
#1590 = CARTESIAN_POINT('',(8.5167695597,-3.687200044661,225.));
#1591 = CARTESIAN_POINT('',(9.767479696412,-3.827366816078,225.));
#1592 = CARTESIAN_POINT('',(11.088953242726,-3.947306150594,225.));
#1593 = CARTESIAN_POINT('',(12.477661100695,-4.047538451046,225.));
#1594 = CARTESIAN_POINT('',(13.92993754996,-4.128761120489,225.));
#1595 = CARTESIAN_POINT('',(15.441986825862,-4.191859164571,225.));
#1596 = CARTESIAN_POINT('',(17.009887746114,-4.237846668392,225.));
#1597 = CARTESIAN_POINT('',(18.62959794615,-4.268053801604,225.));
#1598 = CARTESIAN_POINT('',(20.299040865283,-4.283345889857,225.));
#1599 = CARTESIAN_POINT('',(22.021096248957,-4.28707202398,225.));
#1600 = CARTESIAN_POINT('',(23.791437774365,-4.271576827279,225.));
#1601 = CARTESIAN_POINT('',(25.603275541446,-4.235908060803,225.));
#1602 = CARTESIAN_POINT('',(27.444603572539,-4.181768453595,225.));
#1603 = CARTESIAN_POINT('',(29.310279645288,-4.110292365638,225.));
#1604 = CARTESIAN_POINT('',(31.195090426146,-4.022857699733,225.));
#1605 = CARTESIAN_POINT('',(33.093761288318,-3.920848366804,225.));
#1606 = CARTESIAN_POINT('',(35.000971321861,-3.805689393895,225.));
#1607 = CARTESIAN_POINT('',(36.911367383716,-3.67880963187,225.));
#1608 = CARTESIAN_POINT('',(38.819578817645,-3.541627171072,225.));
#1609 = CARTESIAN_POINT('',(40.720232333618,-3.395532264355,225.));
#1610 = CARTESIAN_POINT('',(42.607967104931,-3.241875052125,225.));
#1611 = CARTESIAN_POINT('',(44.47744997845,-3.081956377888,225.));
#1612 = CARTESIAN_POINT('',(46.323390732583,-2.917022194364,225.));
#1613 = CARTESIAN_POINT('',(48.140557306602,-2.748261258569,225.));
#1614 = CARTESIAN_POINT('',(49.923790931247,-2.576805836658,225.));
#1615 = CARTESIAN_POINT('',(51.668021095523,-2.403734966215,225.));
#1616 = CARTESIAN_POINT('',(53.368280292221,-2.230079734248,225.));
#1617 = CARTESIAN_POINT('',(55.019718493165,-2.056829954088,225.));
#1618 = CARTESIAN_POINT('',(56.617617313285,-1.884941587949,225.));
#1619 = CARTESIAN_POINT('',(58.157403831731,-1.715344251079,225.));
#1620 = CARTESIAN_POINT('',(59.634664039927,-1.548948180758,225.));
#1621 = CARTESIAN_POINT('',(61.045155907475,-1.386650043945,225.));
#1622 = CARTESIAN_POINT('',(62.384822001187,-1.22933728181,225.));
#1623 = CARTESIAN_POINT('',(63.649801793049,-1.077889970978,225.));
#1624 = CARTESIAN_POINT('',(64.83644310017,-0.933182151163,225.));
#1625 = CARTESIAN_POINT('',(65.941314448473,-0.79607500775,225.));
#1626 = CARTESIAN_POINT('',(66.961212208529,-0.667427144719,225.));
#1627 = CARTESIAN_POINT('',(67.893182803223,-0.548038291829,225.));
#1628 = CARTESIAN_POINT('',(68.734493301065,-0.438801330191,225.));
#1629 = CARTESIAN_POINT('',(69.482764991227,-0.340178516421,225.));
#1630 = CARTESIAN_POINT('',(70.135592687438,-0.253792908359,225.));
#1631 = CARTESIAN_POINT('',(70.69173157278,-0.177556711613,225.));
#1632 = CARTESIAN_POINT('',(71.147661585336,-0.119844099973,225.));
#1633 = CARTESIAN_POINT('',(71.507124345386,-6.020478222092E-02,225.));
#1634 = CARTESIAN_POINT('',(71.756716317728,-4.994749829778E-02,225.));
#1635 = CARTESIAN_POINT('',(71.9248400037,1.63721775793E-02,225.));
#1636 = CARTESIAN_POINT('',(71.984408918449,-2.490967936307E-02,225.));
#1637 = CARTESIAN_POINT('',(72.,-4.32E-02,225.));
#1638 = PCURVE('',#32,#1639);
#1639 = DEFINITIONAL_REPRESENTATION('',(#1640),#1644);
#1640 = LINE('',#1641,#1642);
#1641 = CARTESIAN_POINT('',(0.,1.));
#1642 = VECTOR('',#1643,1.);
#1643 = DIRECTION('',(1.,0.));
#1644 = ( GEOMETRIC_REPRESENTATION_CONTEXT(2) 
PARAMETRIC_REPRESENTATION_CONTEXT() REPRESENTATION_CONTEXT('2D SPACE',''
  ) );
#1645 = PCURVE('',#1646,#1651);
#1646 = PLANE('',#1647);
#1647 = AXIS2_PLACEMENT_3D('',#1648,#1649,#1650);
#1648 = CARTESIAN_POINT('',(72.,4.32E-02,225.));
#1649 = DIRECTION('',(-4.136725996622E-16,-3.47074980474E-15,-1.));
#1650 = DIRECTION('',(-0.999985338877,5.414982084736E-03,
    3.94872486744E-16));
#1651 = DEFINITIONAL_REPRESENTATION('',(#1652),#1774);
#1652 = B_SPLINE_CURVE_WITH_KNOTS('',3,(#1653,#1654,#1655,#1656,#1657,
    #1658,#1659,#1660,#1661,#1662,#1663,#1664,#1665,#1666,#1667,#1668,
    #1669,#1670,#1671,#1672,#1673,#1674,#1675,#1676,#1677,#1678,#1679,
    #1680,#1681,#1682,#1683,#1684,#1685,#1686,#1687,#1688,#1689,#1690,
    #1691,#1692,#1693,#1694,#1695,#1696,#1697,#1698,#1699,#1700,#1701,
    #1702,#1703,#1704,#1705,#1706,#1707,#1708,#1709,#1710,#1711,#1712,
    #1713,#1714,#1715,#1716,#1717,#1718,#1719,#1720,#1721,#1722,#1723,
    #1724,#1725,#1726,#1727,#1728,#1729,#1730,#1731,#1732,#1733,#1734,
    #1735,#1736,#1737,#1738,#1739,#1740,#1741,#1742,#1743,#1744,#1745,
    #1746,#1747,#1748,#1749,#1750,#1751,#1752,#1753,#1754,#1755,#1756,
    #1757,#1758,#1759,#1760,#1761,#1762,#1763,#1764,#1765,#1766,#1767,
    #1768,#1769,#1770,#1771,#1772,#1773),.UNSPECIFIED.,.F.,.F.,(4,1,1,1,
    1,1,1,1,1,1,1,1,1,1,1,1,1,1,1,1,1,1,1,1,1,1,1,1,1,1,1,1,1,1,1,1,1,1,
    1,1,1,1,1,1,1,1,1,1,1,1,1,1,1,1,1,1,1,1,1,1,1,1,1,1,1,1,1,1,1,1,1,1,
    1,1,1,1,1,1,1,1,1,1,1,1,1,1,1,1,1,1,1,1,1,1,1,1,1,1,1,1,1,1,1,1,1,1,
    1,1,1,1,1,1,1,1,1,1,1,1,4),(0.,4.078407677411E-04,1.457980549597E-03
    ,3.204753366262E-03,5.642985368529E-03,8.765465479536E-03,
    1.256297669321E-02,1.702433495068E-02,2.213643470887E-02,
    2.788430025551E-02,3.425114182613E-02,4.121841563833E-02,
    4.876588706683E-02,5.687169632928E-02,6.551242622383E-02,
    7.466317164093E-02,8.429761075195E-02,9.438807794483E-02,
    0.104905638724,0.115820166915,0.1271004246,0.138714145282,
    0.1506281208,0.1628082925,0.175219847173,0.187827318137,
    0.200594691796,0.213485519815,0.22646303689,0.239490283867,
    0.252530235719,0.265545933618,0.278500620098,0.291357876051,
    0.304081758111,0.316636934886,0.328988820492,0.341103703964,
    0.353090161194,0.364812648141,0.376197519167,0.38721480852,
    0.397836016232,0.408034235542,0.417784287292,0.427062868614,
    0.435848726665,0.444122873021,0.451868861729,0.459073165549,
    0.465725703577,0.471820604191,0.477357338614,0.482342444921,
    0.486792194201,0.490736722153,0.49422623504,0.4973393663,
    0.500191267412,0.502933737755,0.505676143618,0.508526386493,
    0.511632585991,0.515105416054,0.519019187057,0.523420263997,
    0.528335467762,0.533778262572,0.539752873742,0.546256953268,
    0.553283311049,0.560821057132,0.568856370053,0.577373023458,
    0.586352753065,0.595775516221,0.605619678387,0.615862149932,
    0.626478489749,0.637442987668,0.648728734495,0.660350032239,
    0.672380507178,0.684646833505,0.697115935464,0.709753854552,
    0.722525869195,0.73539661944,0.748330235365,0.761290467738,
    0.774240819394,0.787144675907,0.799965434253,0.812666628411,
    0.825212051079,0.837565870937,0.849692745131,0.86155792689,
    0.873127368371,0.884367818963,0.89524691945,0.905733292442,
    0.915796629611,0.925407776187,0.934538813214,0.943163137948,
    0.951255542705,0.958792292319,0.965751200209,0.972111702872,
    0.977854932419,0.982963786569,0.987422995334,0.991219183478,
    0.994340927712,0.996778807537,0.998525448648,0.999575557896,1.),
  .UNSPECIFIED.);
#1653 = CARTESIAN_POINT('',(0.,0.));
#1654 = CARTESIAN_POINT('',(1.568617091179E-02,-1.705344595016E-02));
#1655 = CARTESIAN_POINT('',(7.600235169693E-02,-5.579511859738E-02));
#1656 = CARTESIAN_POINT('',(0.239833795062,2.283241671652E-02));
#1657 = CARTESIAN_POINT('',(0.487739631441,4.744204416191E-02));
#1658 = CARTESIAN_POINT('',(0.843106172299,0.129894868326));
#1659 = CARTESIAN_POINT('',(1.294634060865,0.215405004818));
#1660 = CARTESIAN_POINT('',(1.845330974877,0.325505704801));
#1661 = CARTESIAN_POINT('',(2.492101941244,0.451003537411));
#1662 = CARTESIAN_POINT('',(3.233723046529,0.593797488826));
#1663 = CARTESIAN_POINT('',(4.067966125134,0.751794285001));
#1664 = CARTESIAN_POINT('',(4.992589833441,0.924099158798));
#1665 = CARTESIAN_POINT('',(6.005019420341,1.109325104751));
#1666 = CARTESIAN_POINT('',(7.102456994174,1.306155372551));
#1667 = CARTESIAN_POINT('',(8.281855606904,1.513186440647));
#1668 = CARTESIAN_POINT('',(9.539936830164,1.728993358536));
#1669 = CARTESIAN_POINT('',(10.873196021289,1.95212447313));
#1670 = CARTESIAN_POINT('',(12.277912296446,2.181114660181));
#1671 = CARTESIAN_POINT('',(13.750158056412,2.414490084204));
#1672 = CARTESIAN_POINT('',(15.285809552022,2.650772529533));
#1673 = CARTESIAN_POINT('',(16.880557996822,2.888481136507));
#1674 = CARTESIAN_POINT('',(18.529921308379,3.126132538692));
#1675 = CARTESIAN_POINT('',(20.229256388922,3.362239624522));
#1676 = CARTESIAN_POINT('',(21.973771904553,3.595309489818));
#1677 = CARTESIAN_POINT('',(23.758541510575,3.823841136713));
#1678 = CARTESIAN_POINT('',(25.578517478617,4.046323526869));
#1679 = CARTESIAN_POINT('',(27.428544685599,4.261234590588));
#1680 = CARTESIAN_POINT('',(29.303374931189,4.467041760408));
#1681 = CARTESIAN_POINT('',(31.197681556726,4.662204534694));
#1682 = CARTESIAN_POINT('',(33.106074344726,4.845179468969));
#1683 = CARTESIAN_POINT('',(35.023114681829,5.014427918086));
#1684 = CARTESIAN_POINT('',(36.943330975178,5.168426535701));
#1685 = CARTESIAN_POINT('',(38.861234297966,5.305681037008));
#1686 = CARTESIAN_POINT('',(40.771334295366,5.424741126163));
#1687 = CARTESIAN_POINT('',(42.668155167403,5.524223392302));
#1688 = CARTESIAN_POINT('',(44.546252318365,5.602815320825));
#1689 = CARTESIAN_POINT('',(46.400227386575,5.659356737433));
#1690 = CARTESIAN_POINT('',(48.224749866997,5.692643020617));
#1691 = CARTESIAN_POINT('',(50.021519222829,5.702280286596));
#1692 = CARTESIAN_POINT('',(51.787260764778,5.685369151596));
#1693 = CARTESIAN_POINT('',(53.516327729976,5.632539481364));
#1694 = CARTESIAN_POINT('',(55.19620447711,5.546108662533));
#1695 = CARTESIAN_POINT('',(56.819625946578,5.426346838846));
#1696 = CARTESIAN_POINT('',(58.381603925806,5.274389074839));
#1697 = CARTESIAN_POINT('',(59.877365992641,5.091484046521));
#1698 = CARTESIAN_POINT('',(61.302378187631,4.879181990679));
#1699 = CARTESIAN_POINT('',(62.652366350672,4.639259012667));
#1700 = CARTESIAN_POINT('',(63.923335625009,4.373700672513));
#1701 = CARTESIAN_POINT('',(65.111588206985,4.084663354792));
#1702 = CARTESIAN_POINT('',(66.213739544292,3.774434355364));
#1703 = CARTESIAN_POINT('',(67.226733516394,3.445385746404));
#1704 = CARTESIAN_POINT('',(68.147857465812,3.099922992982));
#1705 = CARTESIAN_POINT('',(68.974758275803,2.74042649679));
#1706 = CARTESIAN_POINT('',(69.705460185874,2.369181670533));
#1707 = CARTESIAN_POINT('',(70.338382645307,1.988288175198));
#1708 = CARTESIAN_POINT('',(70.872343434734,1.599527837028));
#1709 = CARTESIAN_POINT('',(71.306501363572,1.204170888957));
#1710 = CARTESIAN_POINT('',(71.640087897205,0.802718834554));
#1711 = CARTESIAN_POINT('',(71.871723807525,0.394883892618));
#1712 = CARTESIAN_POINT('',(71.998339225651,-1.95034650476E-02));
#1713 = CARTESIAN_POINT('',(72.016087834539,-0.434566968274));
#1714 = CARTESIAN_POINT('',(71.928204184235,-0.840478206483));
#1715 = CARTESIAN_POINT('',(71.734242388994,-1.227342131373));
#1716 = CARTESIAN_POINT('',(71.439756671845,-1.590630700019));
#1717 = CARTESIAN_POINT('',(71.048346698762,-1.931699921019));
#1718 = CARTESIAN_POINT('',(70.561909390554,-2.251869129974));
#1719 = CARTESIAN_POINT('',(69.981825505791,-2.551776150802));
#1720 = CARTESIAN_POINT('',(69.309587488591,-2.831510691615));
#1721 = CARTESIAN_POINT('',(68.546995663382,-3.090890607178));
#1722 = CARTESIAN_POINT('',(67.696168827911,-3.329637050372));
#1723 = CARTESIAN_POINT('',(66.759510567926,-3.547478677629));
#1724 = CARTESIAN_POINT('',(65.739671139721,-3.744212221488));
#1725 = CARTESIAN_POINT('',(64.639515753262,-3.919741731786));
#1726 = CARTESIAN_POINT('',(63.462099655441,-4.074105908323));
#1727 = CARTESIAN_POINT('',(62.210648854989,-4.207498051754));
#1728 = CARTESIAN_POINT('',(60.888545213613,-4.320279872246));
#1729 = CARTESIAN_POINT('',(59.49931495955,-4.412990875008));
#1730 = CARTESIAN_POINT('',(58.046619982989,-4.486348302681));
#1731 = CARTESIAN_POINT('',(56.534251200648,-4.541257701934));
#1732 = CARTESIAN_POINT('',(54.966124246075,-4.578754376133));
#1733 = CARTESIAN_POINT('',(53.346274221724,-4.600190364758));
#1734 = CARTESIAN_POINT('',(51.676772972115,-4.606442225314));
#1735 = CARTESIAN_POINT('',(49.954722658758,-4.600843405756));
#1736 = CARTESIAN_POINT('',(48.184490994757,-4.575762068588));
#1737 = CARTESIAN_POINT('',(46.372872936984,-4.530282756007));
#1738 = CARTESIAN_POINT('',(44.531865066831,-4.466173184246));
#1739 = CARTESIAN_POINT('',(42.666603388723,-4.384595541699));
#1740 = CARTESIAN_POINT('',(40.782293698458,-4.286955941073));
#1741 = CARTESIAN_POINT('',(38.884203051643,-4.174666835011));
#1742 = CARTESIAN_POINT('',(36.977644563716,-4.049182042299));
#1743 = CARTESIAN_POINT('',(35.067963562051,-3.911959380024));
#1744 = CARTESIAN_POINT('',(33.160522945212,-3.764445999746));
#1745 = CARTESIAN_POINT('',(31.260688396257,-3.608061230206));
#1746 = CARTESIAN_POINT('',(29.373813352306,-3.444184220796));
#1747 = CARTESIAN_POINT('',(27.505223844262,-3.274144674879));
#1748 = CARTESIAN_POINT('',(25.660203269341,-3.099217173363));
#1749 = CARTESIAN_POINT('',(23.843977174469,-2.920618787349));
#1750 = CARTESIAN_POINT('',(22.06169812207,-2.739509701037));
#1751 = CARTESIAN_POINT('',(20.31843070583,-2.556996392915));
#1752 = CARTESIAN_POINT('',(18.619136776811,-2.374136833839));
#1753 = CARTESIAN_POINT('',(16.968660932261,-2.191947085444));
#1754 = CARTESIAN_POINT('',(15.371716311555,-2.011408645898));
#1755 = CARTESIAN_POINT('',(13.832870734649,-1.833475879103));
#1756 = CARTESIAN_POINT('',(12.356533216487,-1.659082910773));
#1757 = CARTESIAN_POINT('',(10.946940869837,-1.48914936524));
#1758 = CARTESIAN_POINT('',(9.608146262923,-1.32458464159));
#1759 = CARTESIAN_POINT('',(8.34400510156,-1.166289708235));
#1760 = CARTESIAN_POINT('',(7.158164782185,-1.01515836858));
#1761 = CARTESIAN_POINT('',(6.054052065262,-0.872070376755));
#1762 = CARTESIAN_POINT('',(5.034865883927,-0.737901671747));
#1763 = CARTESIAN_POINT('',(4.103555441467,-0.613467965158));
#1764 = CARTESIAN_POINT('',(3.262848794372,-0.499676923783));
#1765 = CARTESIAN_POINT('',(2.515122115482,-0.397003678137));
#1766 = CARTESIAN_POINT('',(1.862771766979,-0.307084286305));
#1767 = CARTESIAN_POINT('',(1.307053852897,-0.227837725167));
#1768 = CARTESIAN_POINT('',(0.851443037545,-0.167657106809));
#1769 = CARTESIAN_POINT('',(0.49230849346,-0.10607217903));
#1770 = CARTESIAN_POINT('',(0.242775723426,-9.446350943187E-02));
#1771 = CARTESIAN_POINT('',(7.501362219273E-02,-2.723441912816E-02));
#1772 = CARTESIAN_POINT('',(1.522204027459E-02,-6.819310622597E-02));
#1773 = CARTESIAN_POINT('',(-4.678544521255E-04,-8.639873327898E-02));
#1774 = ( GEOMETRIC_REPRESENTATION_CONTEXT(2) 
PARAMETRIC_REPRESENTATION_CONTEXT() REPRESENTATION_CONTEXT('2D SPACE',''
  ) );
#1775 = ORIENTED_EDGE('',*,*,#1776,.F.);
#1776 = EDGE_CURVE('',#1777,#1513,#1779,.T.);
#1777 = VERTEX_POINT('',#1778);
#1778 = CARTESIAN_POINT('',(20.7,-4.283287325958,215.));
#1779 = SURFACE_CURVE('',#1780,(#1788,#1799),.PCURVE_S1.);
#1780 = B_SPLINE_CURVE_WITH_KNOTS('',3,(#1781,#1782,#1783,#1784,#1785,
    #1786,#1787),.UNSPECIFIED.,.F.,.F.,(4,1,1,1,4),(0.,0.145,0.46,0.775,
    1.),.UNSPECIFIED.);
#1781 = CARTESIAN_POINT('',(20.7,-4.283287325958,215.));
#1782 = CARTESIAN_POINT('',(20.7,-4.283287325958,215.48333333333));
#1783 = CARTESIAN_POINT('',(20.7,-4.283287325958,217.01666666666));
#1784 = CARTESIAN_POINT('',(20.7,-4.283287325958,219.6));
#1785 = CARTESIAN_POINT('',(20.7,-4.283287325958,222.45));
#1786 = CARTESIAN_POINT('',(20.7,-4.283287325958,224.25));
#1787 = CARTESIAN_POINT('',(20.7,-4.283287325958,225.));
#1788 = PCURVE('',#32,#1789);
#1789 = DEFINITIONAL_REPRESENTATION('',(#1790),#1798);
#1790 = B_SPLINE_CURVE_WITH_KNOTS('',3,(#1791,#1792,#1793,#1794,#1795,
    #1796,#1797),.UNSPECIFIED.,.F.,.F.,(4,1,1,1,4),(0.,0.145,0.46,0.775,
    1.),.UNSPECIFIED.);
#1791 = CARTESIAN_POINT('',(0.651552137962,0.955555555556));
#1792 = CARTESIAN_POINT('',(0.651552137962,0.957703703704));
#1793 = CARTESIAN_POINT('',(0.651552137962,0.964518518519));
#1794 = CARTESIAN_POINT('',(0.651552137962,0.976));
#1795 = CARTESIAN_POINT('',(0.651552137962,0.988666666667));
#1796 = CARTESIAN_POINT('',(0.651552137962,0.996666666667));
#1797 = CARTESIAN_POINT('',(0.651552137962,1.));
#1798 = ( GEOMETRIC_REPRESENTATION_CONTEXT(2) 
PARAMETRIC_REPRESENTATION_CONTEXT() REPRESENTATION_CONTEXT('2D SPACE',''
  ) );
#1799 = PCURVE('',#1800,#1805);
#1800 = PLANE('',#1801);
#1801 = AXIS2_PLACEMENT_3D('',#1802,#1803,#1804);
#1802 = CARTESIAN_POINT('',(20.7,-20.,215.));
#1803 = DIRECTION('',(-1.,0.,0.));
#1804 = DIRECTION('',(0.,1.,0.));
#1805 = DEFINITIONAL_REPRESENTATION('',(#1806),#1814);
#1806 = B_SPLINE_CURVE_WITH_KNOTS('',3,(#1807,#1808,#1809,#1810,#1811,
    #1812,#1813),.UNSPECIFIED.,.F.,.F.,(4,1,1,1,4),(0.,0.145,0.46,0.775,
    1.),.UNSPECIFIED.);
#1807 = CARTESIAN_POINT('',(15.716712674042,0.));
#1808 = CARTESIAN_POINT('',(15.716712674042,-0.483333333333));
#1809 = CARTESIAN_POINT('',(15.716712674042,-2.016666666667));
#1810 = CARTESIAN_POINT('',(15.716712674042,-4.6));
#1811 = CARTESIAN_POINT('',(15.716712674042,-7.45));
#1812 = CARTESIAN_POINT('',(15.716712674042,-9.25));
#1813 = CARTESIAN_POINT('',(15.716712674042,-10.));
#1814 = ( GEOMETRIC_REPRESENTATION_CONTEXT(2) 
PARAMETRIC_REPRESENTATION_CONTEXT() REPRESENTATION_CONTEXT('2D SPACE',''
  ) );
#1815 = ORIENTED_EDGE('',*,*,#1816,.T.);
#1816 = EDGE_CURVE('',#1777,#1817,#1819,.T.);
#1817 = VERTEX_POINT('',#1818);
#1818 = CARTESIAN_POINT('',(15.3,-4.183552852892,215.));
#1819 = SURFACE_CURVE('',#1820,(#1839,#1861),.PCURVE_S1.);
#1820 = B_SPLINE_CURVE_WITH_KNOTS('',5,(#1821,#1822,#1823,#1824,#1825,
    #1826,#1827,#1828,#1829,#1830,#1831,#1832,#1833,#1834,#1835,#1836,
    #1837,#1838),.UNSPECIFIED.,.F.,.F.,(6,4,4,4,6),(0.,0.238704328655,
    0.430343497882,0.704113678821,1.),.UNSPECIFIED.);
#1821 = CARTESIAN_POINT('',(20.7,-4.283287325958,215.));
#1822 = CARTESIAN_POINT('',(20.442146214262,-4.282286508866,215.));
#1823 = CARTESIAN_POINT('',(20.184293970215,-4.280891248455,215.));
#1824 = CARTESIAN_POINT('',(19.926443386373,-4.279203275139,215.));
#1825 = CARTESIAN_POINT('',(19.668595872334,-4.277116406593,215.));
#1826 = CARTESIAN_POINT('',(19.203747302107,-4.272613333576,215.));
#1827 = CARTESIAN_POINT('',(18.996745234931,-4.270341793725,215.));
#1828 = CARTESIAN_POINT('',(18.789746436939,-4.267783396774,215.));
#1829 = CARTESIAN_POINT('',(18.582751487632,-4.264921043384,215.));
#1830 = CARTESIAN_POINT('',(18.080060528535,-4.257198436438,215.));
#1831 = CARTESIAN_POINT('',(17.784369551041,-4.25201068462,215.));
#1832 = CARTESIAN_POINT('',(17.488690916477,-4.246146113814,215.));
#1833 = CARTESIAN_POINT('',(17.193027273532,-4.239576532655,215.));
#1834 = CARTESIAN_POINT('',(16.577852359619,-4.224370342741,215.));
#1835 = CARTESIAN_POINT('',(16.258344612079,-4.21560776561,215.));
#1836 = CARTESIAN_POINT('',(15.938862797229,-4.20592195271,215.));
#1837 = CARTESIAN_POINT('',(15.619412353246,-4.195257055583,215.));
#1838 = CARTESIAN_POINT('',(15.3,-4.183552852892,215.));
#1839 = PCURVE('',#32,#1840);
#1840 = DEFINITIONAL_REPRESENTATION('',(#1841),#1860);
#1841 = B_SPLINE_CURVE_WITH_KNOTS('',5,(#1842,#1843,#1844,#1845,#1846,
    #1847,#1848,#1849,#1850,#1851,#1852,#1853,#1854,#1855,#1856,#1857,
    #1858,#1859),.UNSPECIFIED.,.F.,.F.,(6,4,4,4,6),(0.,0.238704328655,
    0.430343497882,0.704113678821,1.),.UNSPECIFIED.);
#1842 = CARTESIAN_POINT('',(0.651552137725,0.955555555556));
#1843 = CARTESIAN_POINT('',(0.649808312714,0.955555555556));
#1844 = CARTESIAN_POINT('',(0.648064490161,0.955555555556));
#1845 = CARTESIAN_POINT('',(0.646320663814,0.955555555556));
#1846 = CARTESIAN_POINT('',(0.644576837535,0.955555555556));
#1847 = CARTESIAN_POINT('',(0.641433007732,0.955555555556));
#1848 = CARTESIAN_POINT('',(0.640033007626,0.955555555556));
#1849 = CARTESIAN_POINT('',(0.638633007823,0.955555555556));
#1850 = CARTESIAN_POINT('',(0.637233008127,0.955555555556));
#1851 = CARTESIAN_POINT('',(0.633833007808,0.955555555556));
#1852 = CARTESIAN_POINT('',(0.631833007908,0.955555555556));
#1853 = CARTESIAN_POINT('',(0.629833007639,0.955555555556));
#1854 = CARTESIAN_POINT('',(0.627833007924,0.955555555556));
#1855 = CARTESIAN_POINT('',(0.623671440496,0.955555555556));
#1856 = CARTESIAN_POINT('',(0.6215098753,0.955555555556));
#1857 = CARTESIAN_POINT('',(0.619348305311,0.955555555556));
#1858 = CARTESIAN_POINT('',(0.617186735534,0.955555555556));
#1859 = CARTESIAN_POINT('',(0.61502517104,0.955555555556));
#1860 = ( GEOMETRIC_REPRESENTATION_CONTEXT(2) 
PARAMETRIC_REPRESENTATION_CONTEXT() REPRESENTATION_CONTEXT('2D SPACE',''
  ) );
#1861 = PCURVE('',#1862,#1867);
#1862 = PLANE('',#1863);
#1863 = AXIS2_PLACEMENT_3D('',#1864,#1865,#1866);
#1864 = CARTESIAN_POINT('',(18.,0.,215.));
#1865 = DIRECTION('',(0.,0.,1.));
#1866 = DIRECTION('',(1.,0.,0.));
#1867 = DEFINITIONAL_REPRESENTATION('',(#1868),#1887);
#1868 = B_SPLINE_CURVE_WITH_KNOTS('',5,(#1869,#1870,#1871,#1872,#1873,
    #1874,#1875,#1876,#1877,#1878,#1879,#1880,#1881,#1882,#1883,#1884,
    #1885,#1886),.UNSPECIFIED.,.F.,.F.,(6,4,4,4,6),(0.,0.238704328655,
    0.430343497882,0.704113678821,1.),.UNSPECIFIED.);
#1869 = CARTESIAN_POINT('',(2.7,-4.283287325958));
#1870 = CARTESIAN_POINT('',(2.442146214262,-4.282286508866));
#1871 = CARTESIAN_POINT('',(2.184293970215,-4.280891248455));
#1872 = CARTESIAN_POINT('',(1.926443386373,-4.279203275139));
#1873 = CARTESIAN_POINT('',(1.668595872334,-4.277116406593));
#1874 = CARTESIAN_POINT('',(1.203747302107,-4.272613333576));
#1875 = CARTESIAN_POINT('',(0.996745234931,-4.270341793725));
#1876 = CARTESIAN_POINT('',(0.789746436939,-4.267783396774));
#1877 = CARTESIAN_POINT('',(0.582751487632,-4.264921043384));
#1878 = CARTESIAN_POINT('',(8.006052853501E-02,-4.257198436438));
#1879 = CARTESIAN_POINT('',(-0.215630448959,-4.25201068462));
#1880 = CARTESIAN_POINT('',(-0.511309083523,-4.246146113814));
#1881 = CARTESIAN_POINT('',(-0.806972726468,-4.239576532655));
#1882 = CARTESIAN_POINT('',(-1.422147640381,-4.224370342741));
#1883 = CARTESIAN_POINT('',(-1.741655387921,-4.21560776561));
#1884 = CARTESIAN_POINT('',(-2.061137202771,-4.20592195271));
#1885 = CARTESIAN_POINT('',(-2.380587646754,-4.195257055583));
#1886 = CARTESIAN_POINT('',(-2.7,-4.183552852892));
#1887 = ( GEOMETRIC_REPRESENTATION_CONTEXT(2) 
PARAMETRIC_REPRESENTATION_CONTEXT() REPRESENTATION_CONTEXT('2D SPACE',''
  ) );
#1888 = ORIENTED_EDGE('',*,*,#1889,.T.);
#1889 = EDGE_CURVE('',#1817,#1890,#1892,.T.);
#1890 = VERTEX_POINT('',#1891);
#1891 = CARTESIAN_POINT('',(15.3,-4.183552852892,225.));
#1892 = SURFACE_CURVE('',#1893,(#1901,#1912),.PCURVE_S1.);
#1893 = B_SPLINE_CURVE_WITH_KNOTS('',3,(#1894,#1895,#1896,#1897,#1898,
    #1899,#1900),.UNSPECIFIED.,.F.,.F.,(4,1,1,1,4),(0.,0.145,0.4825,0.82
    ,1.),.UNSPECIFIED.);
#1894 = CARTESIAN_POINT('',(15.3,-4.183552852892,215.));
#1895 = CARTESIAN_POINT('',(15.3,-4.183552852892,215.48333333333));
#1896 = CARTESIAN_POINT('',(15.3,-4.183552852892,217.09166666666));
#1897 = CARTESIAN_POINT('',(15.3,-4.183552852892,219.825));
#1898 = CARTESIAN_POINT('',(15.3,-4.183552852892,222.675));
#1899 = CARTESIAN_POINT('',(15.3,-4.183552852892,224.4));
#1900 = CARTESIAN_POINT('',(15.3,-4.183552852892,225.));
#1901 = PCURVE('',#32,#1902);
#1902 = DEFINITIONAL_REPRESENTATION('',(#1903),#1911);
#1903 = B_SPLINE_CURVE_WITH_KNOTS('',3,(#1904,#1905,#1906,#1907,#1908,
    #1909,#1910),.UNSPECIFIED.,.F.,.F.,(4,1,1,1,4),(0.,0.145,0.4825,0.82
    ,1.),.UNSPECIFIED.);
#1904 = CARTESIAN_POINT('',(0.61502517104,0.955555555556));
#1905 = CARTESIAN_POINT('',(0.61502517104,0.957703703704));
#1906 = CARTESIAN_POINT('',(0.61502517104,0.964851851852));
#1907 = CARTESIAN_POINT('',(0.61502517104,0.977));
#1908 = CARTESIAN_POINT('',(0.61502517104,0.989666666667));
#1909 = CARTESIAN_POINT('',(0.61502517104,0.997333333333));
#1910 = CARTESIAN_POINT('',(0.61502517104,1.));
#1911 = ( GEOMETRIC_REPRESENTATION_CONTEXT(2) 
PARAMETRIC_REPRESENTATION_CONTEXT() REPRESENTATION_CONTEXT('2D SPACE',''
  ) );
#1912 = PCURVE('',#1913,#1918);
#1913 = PLANE('',#1914);
#1914 = AXIS2_PLACEMENT_3D('',#1915,#1916,#1917);
#1915 = CARTESIAN_POINT('',(15.3,20.,215.));
#1916 = DIRECTION('',(1.,0.,0.));
#1917 = DIRECTION('',(0.,-1.,0.));
#1918 = DEFINITIONAL_REPRESENTATION('',(#1919),#1927);
#1919 = B_SPLINE_CURVE_WITH_KNOTS('',3,(#1920,#1921,#1922,#1923,#1924,
    #1925,#1926),.UNSPECIFIED.,.F.,.F.,(4,1,1,1,4),(0.,0.145,0.4825,0.82
    ,1.),.UNSPECIFIED.);
#1920 = CARTESIAN_POINT('',(24.183552852892,0.));
#1921 = CARTESIAN_POINT('',(24.183552852892,-0.483333333333));
#1922 = CARTESIAN_POINT('',(24.183552852892,-2.091666666667));
#1923 = CARTESIAN_POINT('',(24.183552852892,-4.825));
#1924 = CARTESIAN_POINT('',(24.183552852892,-7.675));
#1925 = CARTESIAN_POINT('',(24.183552852892,-9.4));
#1926 = CARTESIAN_POINT('',(24.183552852892,-10.));
#1927 = ( GEOMETRIC_REPRESENTATION_CONTEXT(2) 
PARAMETRIC_REPRESENTATION_CONTEXT() REPRESENTATION_CONTEXT('2D SPACE',''
  ) );
#1928 = ORIENTED_EDGE('',*,*,#1929,.F.);
#1929 = EDGE_CURVE('',#1930,#1890,#1932,.T.);
#1930 = VERTEX_POINT('',#1931);
#1931 = CARTESIAN_POINT('',(15.3,5.777993652176,225.));
#1932 = SURFACE_CURVE('',#1933,(#2055,#2062),.PCURVE_S1.);
#1933 = B_SPLINE_CURVE_WITH_KNOTS('',3,(#1934,#1935,#1936,#1937,#1938,
    #1939,#1940,#1941,#1942,#1943,#1944,#1945,#1946,#1947,#1948,#1949,
    #1950,#1951,#1952,#1953,#1954,#1955,#1956,#1957,#1958,#1959,#1960,
    #1961,#1962,#1963,#1964,#1965,#1966,#1967,#1968,#1969,#1970,#1971,
    #1972,#1973,#1974,#1975,#1976,#1977,#1978,#1979,#1980,#1981,#1982,
    #1983,#1984,#1985,#1986,#1987,#1988,#1989,#1990,#1991,#1992,#1993,
    #1994,#1995,#1996,#1997,#1998,#1999,#2000,#2001,#2002,#2003,#2004,
    #2005,#2006,#2007,#2008,#2009,#2010,#2011,#2012,#2013,#2014,#2015,
    #2016,#2017,#2018,#2019,#2020,#2021,#2022,#2023,#2024,#2025,#2026,
    #2027,#2028,#2029,#2030,#2031,#2032,#2033,#2034,#2035,#2036,#2037,
    #2038,#2039,#2040,#2041,#2042,#2043,#2044,#2045,#2046,#2047,#2048,
    #2049,#2050,#2051,#2052,#2053,#2054),.UNSPECIFIED.,.F.,.F.,(4,1,1,1,
    1,1,1,1,1,1,1,1,1,1,1,1,1,1,1,1,1,1,1,1,1,1,1,1,1,1,1,1,1,1,1,1,1,1,
    1,1,1,1,1,1,1,1,1,1,1,1,1,1,1,1,1,1,1,1,1,1,1,1,1,1,1,1,1,1,1,1,1,1,
    1,1,1,1,1,1,1,1,1,1,1,1,1,1,1,1,1,1,1,1,1,1,1,1,1,1,1,1,1,1,1,1,1,1,
    1,1,1,1,1,1,1,1,1,1,1,1,4),(0.,4.078407677411E-04,1.457980549597E-03
    ,3.204753366262E-03,5.642985368529E-03,8.765465479536E-03,
    1.256297669321E-02,1.702433495068E-02,2.213643470887E-02,
    2.788430025551E-02,3.425114182613E-02,4.121841563833E-02,
    4.876588706683E-02,5.687169632928E-02,6.551242622383E-02,
    7.466317164093E-02,8.429761075195E-02,9.438807794483E-02,
    0.104905638724,0.115820166915,0.1271004246,0.138714145282,
    0.1506281208,0.1628082925,0.175219847173,0.187827318137,
    0.200594691796,0.213485519815,0.22646303689,0.239490283867,
    0.252530235719,0.265545933618,0.278500620098,0.291357876051,
    0.304081758111,0.316636934886,0.328988820492,0.341103703964,
    0.353090161194,0.364812648141,0.376197519167,0.38721480852,
    0.397836016232,0.408034235542,0.417784287292,0.427062868614,
    0.435848726665,0.444122873021,0.451868861729,0.459073165549,
    0.465725703577,0.471820604191,0.477357338614,0.482342444921,
    0.486792194201,0.490736722153,0.49422623504,0.4973393663,
    0.500191267412,0.502933737755,0.505676143618,0.508526386493,
    0.511632585991,0.515105416054,0.519019187057,0.523420263997,
    0.528335467762,0.533778262572,0.539752873742,0.546256953268,
    0.553283311049,0.560821057132,0.568856370053,0.577373023458,
    0.586352753065,0.595775516221,0.605619678387,0.615862149932,
    0.626478489749,0.637442987668,0.648728734495,0.660350032239,
    0.672380507178,0.684646833505,0.697115935464,0.709753854552,
    0.722525869195,0.73539661944,0.748330235365,0.761290467738,
    0.774240819394,0.787144675907,0.799965434253,0.812666628411,
    0.825212051079,0.837565870937,0.849692745131,0.86155792689,
    0.873127368371,0.884367818963,0.89524691945,0.905733292442,
    0.915796629611,0.925407776187,0.934538813214,0.943163137948,
    0.951255542705,0.958792292319,0.965751200209,0.972111702872,
    0.977854932419,0.982963786569,0.987422995334,0.991219183478,
    0.994340927712,0.996778807537,0.998525448648,0.999575557896,1.),
  .UNSPECIFIED.);
#1934 = CARTESIAN_POINT('',(72.,4.32E-02,225.));
#1935 = CARTESIAN_POINT('',(71.984221714961,2.623174440698E-02,225.));
#1936 = CARTESIAN_POINT('',(71.923696633015,-1.218274920545E-02,225.));
#1937 = CARTESIAN_POINT('',(71.760293358299,6.733077767122E-02,225.));
#1938 = CARTESIAN_POINT('',(71.512524417189,9.328244997454E-02,225.));
#1939 = CARTESIAN_POINT('',(71.157609566969,0.17765836874,225.));
#1940 = CARTESIAN_POINT('',(70.706551334166,0.265612266985,225.));
#1941 = CARTESIAN_POINT('',(70.156458687307,0.378693366691,225.));
#1942 = CARTESIAN_POINT('',(69.510376771845,0.507691612558,225.));
#1943 = CARTESIAN_POINT('',(68.769539766247,0.654499335452,225.));
#1944 = CARTESIAN_POINT('',(67.936164468403,0.817011226542,225.));
#1945 = CARTESIAN_POINT('',(67.012487343922,0.994320394971,225.));
#1946 = CARTESIAN_POINT('',(66.001075595555,1.185025913379,225.));
#1947 = CARTESIAN_POINT('',(64.904719943764,1.387795900227,225.));
#1948 = CARTESIAN_POINT('',(63.726459691867,1.601210355375,225.));
#1949 = CARTESIAN_POINT('',(62.469565504084,1.823826596577,225.));
#1950 = CARTESIAN_POINT('',(61.137534111024,2.054174014452,225.));
#1951 = CARTESIAN_POINT('',(59.734078408345,2.290767357714,225.));
#1952 = CARTESIAN_POINT('',(58.263117956895,2.532111544605,225.));
#1953 = CARTESIAN_POINT('',(56.728768440869,2.776706051106,225.));
#1954 = CARTESIAN_POINT('',(55.13533056472,3.023046707263,225.));
#1955 = CARTESIAN_POINT('',(53.487278312768,3.269625897995,225.));
#1956 = CARTESIAN_POINT('',(51.789246662024,3.514931391247,225.));
#1957 = CARTESIAN_POINT('',(50.046018792095,3.757444359741,225.));
#1958 = CARTESIAN_POINT('',(48.262512847574,3.995637151547,225.));
#1959 = CARTESIAN_POINT('',(46.44376830058,4.227971417123,225.));
#1960 = CARTESIAN_POINT('',(44.594931956635,4.452897194186,225.));
#1961 = CARTESIAN_POINT('',(42.721243640298,4.668853518835,225.));
#1962 = CARTESIAN_POINT('',(40.82802159035,4.874271068255,225.));
#1963 = CARTESIAN_POINT('',(38.920647587523,5.06757723267,225.));
#1964 = CARTESIAN_POINT('',(37.004551833703,5.247203939495,225.));
#1965 = CARTESIAN_POINT('',(35.085197592638,5.411598236145,225.));
#1966 = CARTESIAN_POINT('',(33.168065619131,5.55923613728,225.));
#1967 = CARTESIAN_POINT('',(31.258638334192,5.688637638146,225.));
#1968 = CARTESIAN_POINT('',(29.362383966368,5.798389696803,225.));
#1969 = CARTESIAN_POINT('',(27.484739924304,5.887150335506,225.));
#1970 = CARTESIAN_POINT('',(25.631098208209,5.953730164934,225.));
#1971 = CARTESIAN_POINT('',(23.806782721962,5.996895716649,225.));
#1972 = CARTESIAN_POINT('',(22.010091894409,6.016262315207,225.));
#1973 = CARTESIAN_POINT('',(20.244284666721,6.008912886959,225.));
#1974 = CARTESIAN_POINT('',(18.514956979868,5.965446857909,225.));
#1975 = CARTESIAN_POINT('',(16.834636840278,5.888113808741,225.));
#1976 = CARTESIAN_POINT('',(15.210590663863,5.77714453907,225.));
#1977 = CARTESIAN_POINT('',(13.647812736416,5.633647085709,225.));
#1978 = CARTESIAN_POINT('',(12.151082171681,5.458844263779,225.));
#1979 = CARTESIAN_POINT('',(10.724941257141,5.254261736029,225.));
#1980 = CARTESIAN_POINT('',(9.373673707815,5.021652437276,225.));
#1981 = CARTESIAN_POINT('',(8.101285073661,4.762980266356,225.));
#1982 = CARTESIAN_POINT('',(6.911484780904,4.48038155269,225.));
#1983 = CARTESIAN_POINT('',(5.807669717899,4.176125231313,225.));
#1984 = CARTESIAN_POINT('',(4.792908805104,3.852566790786,225.));
#1985 = CARTESIAN_POINT('',(3.869927685777,3.512096971921,225.));
#1986 = CARTESIAN_POINT('',(3.041092331994,3.157083399423,225.));
#1987 = CARTESIAN_POINT('',(2.308390850751,2.789800753784,225.));
#1988 = CARTESIAN_POINT('',(1.673415139218,2.412340106554,225.));
#1989 = CARTESIAN_POINT('',(1.137357047989,2.026476856156,225.));
#1990 = CARTESIAN_POINT('',(0.701064633603,1.633476661869,225.));
#1991 = CARTESIAN_POINT('',(0.365309135041,1.233836858307,225.));
#1992 = CARTESIAN_POINT('',(0.131468201859,0.827262199993,225.));
#1993 = CARTESIAN_POINT('',(2.610739939513E-03,0.413566537933,225.));
#1994 = CARTESIAN_POINT('',(-1.738517016726E-02,-1.394771597038E-03,225.
    ));
#1995 = CARTESIAN_POINT('',(6.829918958043E-02,-0.407775947084,225.));
#1996 = CARTESIAN_POINT('',(0.260163279901,-0.795684499761,225.));
#1997 = CARTESIAN_POINT('',(0.552677478468,-1.16056237707,225.));
#1998 = CARTESIAN_POINT('',(0.94223482932,-1.503746075605,225.));
#1999 = CARTESIAN_POINT('',(1.42693129528,-1.826544639829,225.));
#2000 = CARTESIAN_POINT('',(2.005382684217,-2.129588407527,225.));
#2001 = CARTESIAN_POINT('',(2.676096088126,-2.412959003937,225.));
#2002 = CARTESIAN_POINT('',(3.437272195287,-2.676464537771,225.));
#2003 = CARTESIAN_POINT('',(4.286793748968,-2.919814692745,225.));
#2004 = CARTESIAN_POINT('',(5.222258667982,-3.142725113897,225.));
#2005 = CARTESIAN_POINT('',(6.241017835581,-3.344978185654,225.));
#2006 = CARTESIAN_POINT('',(7.340206603373,-3.526462444201,225.));
#2007 = CARTESIAN_POINT('',(8.5167695597,-3.687200044661,225.));
#2008 = CARTESIAN_POINT('',(9.767479696412,-3.827366816078,225.));
#2009 = CARTESIAN_POINT('',(11.088953242726,-3.947306150594,225.));
#2010 = CARTESIAN_POINT('',(12.477661100695,-4.047538451046,225.));
#2011 = CARTESIAN_POINT('',(13.92993754996,-4.128761120489,225.));
#2012 = CARTESIAN_POINT('',(15.441986825862,-4.191859164571,225.));
#2013 = CARTESIAN_POINT('',(17.009887746114,-4.237846668392,225.));
#2014 = CARTESIAN_POINT('',(18.62959794615,-4.268053801604,225.));
#2015 = CARTESIAN_POINT('',(20.299040865283,-4.283345889857,225.));
#2016 = CARTESIAN_POINT('',(22.021096248957,-4.28707202398,225.));
#2017 = CARTESIAN_POINT('',(23.791437774365,-4.271576827279,225.));
#2018 = CARTESIAN_POINT('',(25.603275541446,-4.235908060803,225.));
#2019 = CARTESIAN_POINT('',(27.444603572539,-4.181768453595,225.));
#2020 = CARTESIAN_POINT('',(29.310279645288,-4.110292365638,225.));
#2021 = CARTESIAN_POINT('',(31.195090426146,-4.022857699733,225.));
#2022 = CARTESIAN_POINT('',(33.093761288318,-3.920848366804,225.));
#2023 = CARTESIAN_POINT('',(35.000971321861,-3.805689393895,225.));
#2024 = CARTESIAN_POINT('',(36.911367383716,-3.67880963187,225.));
#2025 = CARTESIAN_POINT('',(38.819578817645,-3.541627171072,225.));
#2026 = CARTESIAN_POINT('',(40.720232333618,-3.395532264355,225.));
#2027 = CARTESIAN_POINT('',(42.607967104931,-3.241875052125,225.));
#2028 = CARTESIAN_POINT('',(44.47744997845,-3.081956377888,225.));
#2029 = CARTESIAN_POINT('',(46.323390732583,-2.917022194364,225.));
#2030 = CARTESIAN_POINT('',(48.140557306602,-2.748261258569,225.));
#2031 = CARTESIAN_POINT('',(49.923790931247,-2.576805836658,225.));
#2032 = CARTESIAN_POINT('',(51.668021095523,-2.403734966215,225.));
#2033 = CARTESIAN_POINT('',(53.368280292221,-2.230079734248,225.));
#2034 = CARTESIAN_POINT('',(55.019718493165,-2.056829954088,225.));
#2035 = CARTESIAN_POINT('',(56.617617313285,-1.884941587949,225.));
#2036 = CARTESIAN_POINT('',(58.157403831731,-1.715344251079,225.));
#2037 = CARTESIAN_POINT('',(59.634664039927,-1.548948180758,225.));
#2038 = CARTESIAN_POINT('',(61.045155907475,-1.386650043945,225.));
#2039 = CARTESIAN_POINT('',(62.384822001187,-1.22933728181,225.));
#2040 = CARTESIAN_POINT('',(63.649801793049,-1.077889970978,225.));
#2041 = CARTESIAN_POINT('',(64.83644310017,-0.933182151163,225.));
#2042 = CARTESIAN_POINT('',(65.941314448473,-0.79607500775,225.));
#2043 = CARTESIAN_POINT('',(66.961212208529,-0.667427144719,225.));
#2044 = CARTESIAN_POINT('',(67.893182803223,-0.548038291829,225.));
#2045 = CARTESIAN_POINT('',(68.734493301065,-0.438801330191,225.));
#2046 = CARTESIAN_POINT('',(69.482764991227,-0.340178516421,225.));
#2047 = CARTESIAN_POINT('',(70.135592687438,-0.253792908359,225.));
#2048 = CARTESIAN_POINT('',(70.69173157278,-0.177556711613,225.));
#2049 = CARTESIAN_POINT('',(71.147661585336,-0.119844099973,225.));
#2050 = CARTESIAN_POINT('',(71.507124345386,-6.020478222092E-02,225.));
#2051 = CARTESIAN_POINT('',(71.756716317728,-4.994749829778E-02,225.));
#2052 = CARTESIAN_POINT('',(71.9248400037,1.63721775793E-02,225.));
#2053 = CARTESIAN_POINT('',(71.984408918449,-2.490967936307E-02,225.));
#2054 = CARTESIAN_POINT('',(72.,-4.32E-02,225.));
#2055 = PCURVE('',#32,#2056);
#2056 = DEFINITIONAL_REPRESENTATION('',(#2057),#2061);
#2057 = LINE('',#2058,#2059);
#2058 = CARTESIAN_POINT('',(0.,1.));
#2059 = VECTOR('',#2060,1.);
#2060 = DIRECTION('',(1.,0.));
#2061 = ( GEOMETRIC_REPRESENTATION_CONTEXT(2) 
PARAMETRIC_REPRESENTATION_CONTEXT() REPRESENTATION_CONTEXT('2D SPACE',''
  ) );
#2062 = PCURVE('',#2063,#2068);
#2063 = PLANE('',#2064);
#2064 = AXIS2_PLACEMENT_3D('',#2065,#2066,#2067);
#2065 = CARTESIAN_POINT('',(72.,4.32E-02,225.));
#2066 = DIRECTION('',(-4.136725996622E-16,-3.47074980474E-15,-1.));
#2067 = DIRECTION('',(-0.999985338877,5.414982084736E-03,
    3.94872486744E-16));
#2068 = DEFINITIONAL_REPRESENTATION('',(#2069),#2191);
#2069 = B_SPLINE_CURVE_WITH_KNOTS('',3,(#2070,#2071,#2072,#2073,#2074,
    #2075,#2076,#2077,#2078,#2079,#2080,#2081,#2082,#2083,#2084,#2085,
    #2086,#2087,#2088,#2089,#2090,#2091,#2092,#2093,#2094,#2095,#2096,
    #2097,#2098,#2099,#2100,#2101,#2102,#2103,#2104,#2105,#2106,#2107,
    #2108,#2109,#2110,#2111,#2112,#2113,#2114,#2115,#2116,#2117,#2118,
    #2119,#2120,#2121,#2122,#2123,#2124,#2125,#2126,#2127,#2128,#2129,
    #2130,#2131,#2132,#2133,#2134,#2135,#2136,#2137,#2138,#2139,#2140,
    #2141,#2142,#2143,#2144,#2145,#2146,#2147,#2148,#2149,#2150,#2151,
    #2152,#2153,#2154,#2155,#2156,#2157,#2158,#2159,#2160,#2161,#2162,
    #2163,#2164,#2165,#2166,#2167,#2168,#2169,#2170,#2171,#2172,#2173,
    #2174,#2175,#2176,#2177,#2178,#2179,#2180,#2181,#2182,#2183,#2184,
    #2185,#2186,#2187,#2188,#2189,#2190),.UNSPECIFIED.,.F.,.F.,(4,1,1,1,
    1,1,1,1,1,1,1,1,1,1,1,1,1,1,1,1,1,1,1,1,1,1,1,1,1,1,1,1,1,1,1,1,1,1,
    1,1,1,1,1,1,1,1,1,1,1,1,1,1,1,1,1,1,1,1,1,1,1,1,1,1,1,1,1,1,1,1,1,1,
    1,1,1,1,1,1,1,1,1,1,1,1,1,1,1,1,1,1,1,1,1,1,1,1,1,1,1,1,1,1,1,1,1,1,
    1,1,1,1,1,1,1,1,1,1,1,1,4),(0.,4.078407677411E-04,1.457980549597E-03
    ,3.204753366262E-03,5.642985368529E-03,8.765465479536E-03,
    1.256297669321E-02,1.702433495068E-02,2.213643470887E-02,
    2.788430025551E-02,3.425114182613E-02,4.121841563833E-02,
    4.876588706683E-02,5.687169632928E-02,6.551242622383E-02,
    7.466317164093E-02,8.429761075195E-02,9.438807794483E-02,
    0.104905638724,0.115820166915,0.1271004246,0.138714145282,
    0.1506281208,0.1628082925,0.175219847173,0.187827318137,
    0.200594691796,0.213485519815,0.22646303689,0.239490283867,
    0.252530235719,0.265545933618,0.278500620098,0.291357876051,
    0.304081758111,0.316636934886,0.328988820492,0.341103703964,
    0.353090161194,0.364812648141,0.376197519167,0.38721480852,
    0.397836016232,0.408034235542,0.417784287292,0.427062868614,
    0.435848726665,0.444122873021,0.451868861729,0.459073165549,
    0.465725703577,0.471820604191,0.477357338614,0.482342444921,
    0.486792194201,0.490736722153,0.49422623504,0.4973393663,
    0.500191267412,0.502933737755,0.505676143618,0.508526386493,
    0.511632585991,0.515105416054,0.519019187057,0.523420263997,
    0.528335467762,0.533778262572,0.539752873742,0.546256953268,
    0.553283311049,0.560821057132,0.568856370053,0.577373023458,
    0.586352753065,0.595775516221,0.605619678387,0.615862149932,
    0.626478489749,0.637442987668,0.648728734495,0.660350032239,
    0.672380507178,0.684646833505,0.697115935464,0.709753854552,
    0.722525869195,0.73539661944,0.748330235365,0.761290467738,
    0.774240819394,0.787144675907,0.799965434253,0.812666628411,
    0.825212051079,0.837565870937,0.849692745131,0.86155792689,
    0.873127368371,0.884367818963,0.89524691945,0.905733292442,
    0.915796629611,0.925407776187,0.934538813214,0.943163137948,
    0.951255542705,0.958792292319,0.965751200209,0.972111702872,
    0.977854932419,0.982963786569,0.987422995334,0.991219183478,
    0.994340927712,0.996778807537,0.998525448648,0.999575557896,1.),
  .UNSPECIFIED.);
#2070 = CARTESIAN_POINT('',(0.,0.));
#2071 = CARTESIAN_POINT('',(1.568617091179E-02,-1.705344595016E-02));
#2072 = CARTESIAN_POINT('',(7.600235169693E-02,-5.579511859738E-02));
#2073 = CARTESIAN_POINT('',(0.239833795062,2.283241671652E-02));
#2074 = CARTESIAN_POINT('',(0.487739631441,4.744204416191E-02));
#2075 = CARTESIAN_POINT('',(0.843106172299,0.129894868326));
#2076 = CARTESIAN_POINT('',(1.294634060865,0.215405004818));
#2077 = CARTESIAN_POINT('',(1.845330974877,0.325505704801));
#2078 = CARTESIAN_POINT('',(2.492101941244,0.451003537411));
#2079 = CARTESIAN_POINT('',(3.233723046529,0.593797488826));
#2080 = CARTESIAN_POINT('',(4.067966125134,0.751794285001));
#2081 = CARTESIAN_POINT('',(4.992589833441,0.924099158798));
#2082 = CARTESIAN_POINT('',(6.005019420341,1.109325104751));
#2083 = CARTESIAN_POINT('',(7.102456994174,1.306155372551));
#2084 = CARTESIAN_POINT('',(8.281855606904,1.513186440647));
#2085 = CARTESIAN_POINT('',(9.539936830164,1.728993358536));
#2086 = CARTESIAN_POINT('',(10.873196021289,1.95212447313));
#2087 = CARTESIAN_POINT('',(12.277912296446,2.181114660181));
#2088 = CARTESIAN_POINT('',(13.750158056412,2.414490084204));
#2089 = CARTESIAN_POINT('',(15.285809552022,2.650772529533));
#2090 = CARTESIAN_POINT('',(16.880557996822,2.888481136507));
#2091 = CARTESIAN_POINT('',(18.529921308379,3.126132538692));
#2092 = CARTESIAN_POINT('',(20.229256388922,3.362239624522));
#2093 = CARTESIAN_POINT('',(21.973771904553,3.595309489818));
#2094 = CARTESIAN_POINT('',(23.758541510575,3.823841136713));
#2095 = CARTESIAN_POINT('',(25.578517478617,4.046323526869));
#2096 = CARTESIAN_POINT('',(27.428544685599,4.261234590588));
#2097 = CARTESIAN_POINT('',(29.303374931189,4.467041760408));
#2098 = CARTESIAN_POINT('',(31.197681556726,4.662204534694));
#2099 = CARTESIAN_POINT('',(33.106074344726,4.845179468969));
#2100 = CARTESIAN_POINT('',(35.023114681829,5.014427918086));
#2101 = CARTESIAN_POINT('',(36.943330975178,5.168426535701));
#2102 = CARTESIAN_POINT('',(38.861234297966,5.305681037008));
#2103 = CARTESIAN_POINT('',(40.771334295366,5.424741126163));
#2104 = CARTESIAN_POINT('',(42.668155167403,5.524223392302));
#2105 = CARTESIAN_POINT('',(44.546252318365,5.602815320825));
#2106 = CARTESIAN_POINT('',(46.400227386575,5.659356737433));
#2107 = CARTESIAN_POINT('',(48.224749866997,5.692643020617));
#2108 = CARTESIAN_POINT('',(50.021519222829,5.702280286596));
#2109 = CARTESIAN_POINT('',(51.787260764778,5.685369151596));
#2110 = CARTESIAN_POINT('',(53.516327729976,5.632539481364));
#2111 = CARTESIAN_POINT('',(55.19620447711,5.546108662533));
#2112 = CARTESIAN_POINT('',(56.819625946578,5.426346838846));
#2113 = CARTESIAN_POINT('',(58.381603925806,5.274389074839));
#2114 = CARTESIAN_POINT('',(59.877365992641,5.091484046521));
#2115 = CARTESIAN_POINT('',(61.302378187631,4.879181990679));
#2116 = CARTESIAN_POINT('',(62.652366350672,4.639259012667));
#2117 = CARTESIAN_POINT('',(63.923335625009,4.373700672513));
#2118 = CARTESIAN_POINT('',(65.111588206985,4.084663354792));
#2119 = CARTESIAN_POINT('',(66.213739544292,3.774434355364));
#2120 = CARTESIAN_POINT('',(67.226733516394,3.445385746404));
#2121 = CARTESIAN_POINT('',(68.147857465812,3.099922992982));
#2122 = CARTESIAN_POINT('',(68.974758275803,2.74042649679));
#2123 = CARTESIAN_POINT('',(69.705460185874,2.369181670533));
#2124 = CARTESIAN_POINT('',(70.338382645307,1.988288175198));
#2125 = CARTESIAN_POINT('',(70.872343434734,1.599527837028));
#2126 = CARTESIAN_POINT('',(71.306501363572,1.204170888957));
#2127 = CARTESIAN_POINT('',(71.640087897205,0.802718834554));
#2128 = CARTESIAN_POINT('',(71.871723807525,0.394883892618));
#2129 = CARTESIAN_POINT('',(71.998339225651,-1.95034650476E-02));
#2130 = CARTESIAN_POINT('',(72.016087834539,-0.434566968274));
#2131 = CARTESIAN_POINT('',(71.928204184235,-0.840478206483));
#2132 = CARTESIAN_POINT('',(71.734242388994,-1.227342131373));
#2133 = CARTESIAN_POINT('',(71.439756671845,-1.590630700019));
#2134 = CARTESIAN_POINT('',(71.048346698762,-1.931699921019));
#2135 = CARTESIAN_POINT('',(70.561909390554,-2.251869129974));
#2136 = CARTESIAN_POINT('',(69.981825505791,-2.551776150802));
#2137 = CARTESIAN_POINT('',(69.309587488591,-2.831510691615));
#2138 = CARTESIAN_POINT('',(68.546995663382,-3.090890607178));
#2139 = CARTESIAN_POINT('',(67.696168827911,-3.329637050372));
#2140 = CARTESIAN_POINT('',(66.759510567926,-3.547478677629));
#2141 = CARTESIAN_POINT('',(65.739671139721,-3.744212221488));
#2142 = CARTESIAN_POINT('',(64.639515753262,-3.919741731786));
#2143 = CARTESIAN_POINT('',(63.462099655441,-4.074105908323));
#2144 = CARTESIAN_POINT('',(62.210648854989,-4.207498051754));
#2145 = CARTESIAN_POINT('',(60.888545213613,-4.320279872246));
#2146 = CARTESIAN_POINT('',(59.49931495955,-4.412990875008));
#2147 = CARTESIAN_POINT('',(58.046619982989,-4.486348302681));
#2148 = CARTESIAN_POINT('',(56.534251200648,-4.541257701934));
#2149 = CARTESIAN_POINT('',(54.966124246075,-4.578754376133));
#2150 = CARTESIAN_POINT('',(53.346274221724,-4.600190364758));
#2151 = CARTESIAN_POINT('',(51.676772972115,-4.606442225314));
#2152 = CARTESIAN_POINT('',(49.954722658758,-4.600843405756));
#2153 = CARTESIAN_POINT('',(48.184490994757,-4.575762068588));
#2154 = CARTESIAN_POINT('',(46.372872936984,-4.530282756007));
#2155 = CARTESIAN_POINT('',(44.531865066831,-4.466173184246));
#2156 = CARTESIAN_POINT('',(42.666603388723,-4.384595541699));
#2157 = CARTESIAN_POINT('',(40.782293698458,-4.286955941073));
#2158 = CARTESIAN_POINT('',(38.884203051643,-4.174666835011));
#2159 = CARTESIAN_POINT('',(36.977644563716,-4.049182042299));
#2160 = CARTESIAN_POINT('',(35.067963562051,-3.911959380024));
#2161 = CARTESIAN_POINT('',(33.160522945212,-3.764445999746));
#2162 = CARTESIAN_POINT('',(31.260688396257,-3.608061230206));
#2163 = CARTESIAN_POINT('',(29.373813352306,-3.444184220796));
#2164 = CARTESIAN_POINT('',(27.505223844262,-3.274144674879));
#2165 = CARTESIAN_POINT('',(25.660203269341,-3.099217173363));
#2166 = CARTESIAN_POINT('',(23.843977174469,-2.920618787349));
#2167 = CARTESIAN_POINT('',(22.06169812207,-2.739509701037));
#2168 = CARTESIAN_POINT('',(20.31843070583,-2.556996392915));
#2169 = CARTESIAN_POINT('',(18.619136776811,-2.374136833839));
#2170 = CARTESIAN_POINT('',(16.968660932261,-2.191947085444));
#2171 = CARTESIAN_POINT('',(15.371716311555,-2.011408645898));
#2172 = CARTESIAN_POINT('',(13.832870734649,-1.833475879103));
#2173 = CARTESIAN_POINT('',(12.356533216487,-1.659082910773));
#2174 = CARTESIAN_POINT('',(10.946940869837,-1.48914936524));
#2175 = CARTESIAN_POINT('',(9.608146262923,-1.32458464159));
#2176 = CARTESIAN_POINT('',(8.34400510156,-1.166289708235));
#2177 = CARTESIAN_POINT('',(7.158164782185,-1.01515836858));
#2178 = CARTESIAN_POINT('',(6.054052065262,-0.872070376755));
#2179 = CARTESIAN_POINT('',(5.034865883927,-0.737901671747));
#2180 = CARTESIAN_POINT('',(4.103555441467,-0.613467965158));
#2181 = CARTESIAN_POINT('',(3.262848794372,-0.499676923783));
#2182 = CARTESIAN_POINT('',(2.515122115482,-0.397003678137));
#2183 = CARTESIAN_POINT('',(1.862771766979,-0.307084286305));
#2184 = CARTESIAN_POINT('',(1.307053852897,-0.227837725167));
#2185 = CARTESIAN_POINT('',(0.851443037545,-0.167657106809));
#2186 = CARTESIAN_POINT('',(0.49230849346,-0.10607217903));
#2187 = CARTESIAN_POINT('',(0.242775723426,-9.446350943187E-02));
#2188 = CARTESIAN_POINT('',(7.501362219273E-02,-2.723441912816E-02));
#2189 = CARTESIAN_POINT('',(1.522204027459E-02,-6.819310622597E-02));
#2190 = CARTESIAN_POINT('',(-4.678544521255E-04,-8.639873327898E-02));
#2191 = ( GEOMETRIC_REPRESENTATION_CONTEXT(2) 
PARAMETRIC_REPRESENTATION_CONTEXT() REPRESENTATION_CONTEXT('2D SPACE',''
  ) );
#2192 = ORIENTED_EDGE('',*,*,#2193,.F.);
#2193 = EDGE_CURVE('',#2194,#1930,#2196,.T.);
#2194 = VERTEX_POINT('',#2195);
#2195 = CARTESIAN_POINT('',(15.3,5.777993652176,215.));
#2196 = SURFACE_CURVE('',#2197,(#2205,#2216),.PCURVE_S1.);
#2197 = B_SPLINE_CURVE_WITH_KNOTS('',3,(#2198,#2199,#2200,#2201,#2202,
    #2203,#2204),.UNSPECIFIED.,.F.,.F.,(4,1,1,1,4),(0.,0.145,0.46,0.775,
    1.),.UNSPECIFIED.);
#2198 = CARTESIAN_POINT('',(15.3,5.777993652176,215.));
#2199 = CARTESIAN_POINT('',(15.3,5.777993652176,215.48333333333));
#2200 = CARTESIAN_POINT('',(15.3,5.777993652176,217.01666666666));
#2201 = CARTESIAN_POINT('',(15.3,5.777993652176,219.6));
#2202 = CARTESIAN_POINT('',(15.3,5.777993652176,222.45));
#2203 = CARTESIAN_POINT('',(15.3,5.777993652176,224.25));
#2204 = CARTESIAN_POINT('',(15.3,5.777993652176,225.));
#2205 = PCURVE('',#32,#2206);
#2206 = DEFINITIONAL_REPRESENTATION('',(#2207),#2215);
#2207 = B_SPLINE_CURVE_WITH_KNOTS('',3,(#2208,#2209,#2210,#2211,#2212,
    #2213,#2214),.UNSPECIFIED.,.F.,.F.,(4,1,1,1,4),(0.,0.145,0.46,0.775,
    1.),.UNSPECIFIED.);
#2208 = CARTESIAN_POINT('',(0.386479590441,0.955555555556));
#2209 = CARTESIAN_POINT('',(0.386479590441,0.957703703704));
#2210 = CARTESIAN_POINT('',(0.386479590441,0.964518518519));
#2211 = CARTESIAN_POINT('',(0.386479590441,0.976));
#2212 = CARTESIAN_POINT('',(0.386479590441,0.988666666667));
#2213 = CARTESIAN_POINT('',(0.386479590441,0.996666666667));
#2214 = CARTESIAN_POINT('',(0.386479590441,1.));
#2215 = ( GEOMETRIC_REPRESENTATION_CONTEXT(2) 
PARAMETRIC_REPRESENTATION_CONTEXT() REPRESENTATION_CONTEXT('2D SPACE',''
  ) );
#2216 = PCURVE('',#1913,#2217);
#2217 = DEFINITIONAL_REPRESENTATION('',(#2218),#2226);
#2218 = B_SPLINE_CURVE_WITH_KNOTS('',3,(#2219,#2220,#2221,#2222,#2223,
    #2224,#2225),.UNSPECIFIED.,.F.,.F.,(4,1,1,1,4),(0.,0.145,0.46,0.775,
    1.),.UNSPECIFIED.);
#2219 = CARTESIAN_POINT('',(14.222006347824,0.));
#2220 = CARTESIAN_POINT('',(14.222006347824,-0.483333333333));
#2221 = CARTESIAN_POINT('',(14.222006347824,-2.016666666667));
#2222 = CARTESIAN_POINT('',(14.222006347824,-4.6));
#2223 = CARTESIAN_POINT('',(14.222006347824,-7.45));
#2224 = CARTESIAN_POINT('',(14.222006347824,-9.25));
#2225 = CARTESIAN_POINT('',(14.222006347824,-10.));
#2226 = ( GEOMETRIC_REPRESENTATION_CONTEXT(2) 
PARAMETRIC_REPRESENTATION_CONTEXT() REPRESENTATION_CONTEXT('2D SPACE',''
  ) );
#2227 = ORIENTED_EDGE('',*,*,#2228,.T.);
#2228 = EDGE_CURVE('',#2194,#2229,#2231,.T.);
#2229 = VERTEX_POINT('',#2230);
#2230 = CARTESIAN_POINT('',(20.7,6.008235883314,215.));
#2231 = SURFACE_CURVE('',#2232,(#2247,#2265),.PCURVE_S1.);
#2232 = B_SPLINE_CURVE_WITH_KNOTS('',5,(#2233,#2234,#2235,#2236,#2237,
    #2238,#2239,#2240,#2241,#2242,#2243,#2244,#2245,#2246),
  .UNSPECIFIED.,.F.,.F.,(6,4,4,6),(0.,0.482689009436,0.728867218472,1.),
  .UNSPECIFIED.);
#2233 = CARTESIAN_POINT('',(15.3,5.777993652176,215.));
#2234 = CARTESIAN_POINT('',(15.820272550371,5.81893260277,215.));
#2235 = CARTESIAN_POINT('',(16.340932629529,5.85494615552,215.));
#2236 = CARTESIAN_POINT('',(16.861901651684,5.886240540019,215.));
#2237 = CARTESIAN_POINT('',(17.383112284507,5.913024644709,215.));
#2238 = CARTESIAN_POINT('',(18.170427853743,5.946977874125,215.));
#2239 = CARTESIAN_POINT('',(18.436395442817,5.957324565099,215.));
#2240 = CARTESIAN_POINT('',(18.70240361644,5.966592945089,215.));
#2241 = CARTESIAN_POINT('',(18.968445980228,5.974787573681,215.));
#2242 = CARTESIAN_POINT('',(19.527559660708,5.989753101098,215.));
#2243 = CARTESIAN_POINT('',(19.820637601948,5.996292534049,215.));
#2244 = CARTESIAN_POINT('',(20.113741471054,6.001564663956,215.));
#2245 = CARTESIAN_POINT('',(20.406865262377,6.005486779877,215.));
#2246 = CARTESIAN_POINT('',(20.7,6.008235883314,215.));
#2247 = PCURVE('',#32,#2248);
#2248 = DEFINITIONAL_REPRESENTATION('',(#2249),#2264);
#2249 = B_SPLINE_CURVE_WITH_KNOTS('',5,(#2250,#2251,#2252,#2253,#2254,
    #2255,#2256,#2257,#2258,#2259,#2260,#2261,#2262,#2263),
  .UNSPECIFIED.,.F.,.F.,(6,4,4,6),(0.,0.482689009436,0.728867218472,1.),
  .UNSPECIFIED.);
#2250 = CARTESIAN_POINT('',(0.386479590441,0.955555555556));
#2251 = CARTESIAN_POINT('',(0.382950282212,0.955555555556));
#2252 = CARTESIAN_POINT('',(0.379420976179,0.955555555556));
#2253 = CARTESIAN_POINT('',(0.375891656149,0.955555555556));
#2254 = CARTESIAN_POINT('',(0.372362325626,0.955555555556));
#2255 = CARTESIAN_POINT('',(0.367033005904,0.955555555556));
#2256 = CARTESIAN_POINT('',(0.365233008386,0.955555555556));
#2257 = CARTESIAN_POINT('',(0.363433009167,0.955555555556));
#2258 = CARTESIAN_POINT('',(0.361633010321,0.955555555556));
#2259 = CARTESIAN_POINT('',(0.357850542797,0.955555555556));
#2260 = CARTESIAN_POINT('',(0.355868069871,0.955555555556));
#2261 = CARTESIAN_POINT('',(0.353885598177,0.955555555556));
#2262 = CARTESIAN_POINT('',(0.351903108758,0.955555555556));
#2263 = CARTESIAN_POINT('',(0.349920623405,0.955555555556));
#2264 = ( GEOMETRIC_REPRESENTATION_CONTEXT(2) 
PARAMETRIC_REPRESENTATION_CONTEXT() REPRESENTATION_CONTEXT('2D SPACE',''
  ) );
#2265 = PCURVE('',#1862,#2266);
#2266 = DEFINITIONAL_REPRESENTATION('',(#2267),#2282);
#2267 = B_SPLINE_CURVE_WITH_KNOTS('',5,(#2268,#2269,#2270,#2271,#2272,
    #2273,#2274,#2275,#2276,#2277,#2278,#2279,#2280,#2281),
  .UNSPECIFIED.,.F.,.F.,(6,4,4,6),(0.,0.482689009436,0.728867218472,1.),
  .UNSPECIFIED.);
#2268 = CARTESIAN_POINT('',(-2.7,5.777993652176));
#2269 = CARTESIAN_POINT('',(-2.179727449629,5.81893260277));
#2270 = CARTESIAN_POINT('',(-1.659067370471,5.85494615552));
#2271 = CARTESIAN_POINT('',(-1.138098348316,5.886240540019));
#2272 = CARTESIAN_POINT('',(-0.616887715493,5.913024644709));
#2273 = CARTESIAN_POINT('',(0.170427853743,5.946977874125));
#2274 = CARTESIAN_POINT('',(0.436395442817,5.957324565099));
#2275 = CARTESIAN_POINT('',(0.70240361644,5.966592945089));
#2276 = CARTESIAN_POINT('',(0.968445980228,5.974787573681));
#2277 = CARTESIAN_POINT('',(1.527559660708,5.989753101098));
#2278 = CARTESIAN_POINT('',(1.820637601948,5.996292534049));
#2279 = CARTESIAN_POINT('',(2.113741471054,6.001564663956));
#2280 = CARTESIAN_POINT('',(2.406865262377,6.005486779877));
#2281 = CARTESIAN_POINT('',(2.7,6.008235883314));
#2282 = ( GEOMETRIC_REPRESENTATION_CONTEXT(2) 
PARAMETRIC_REPRESENTATION_CONTEXT() REPRESENTATION_CONTEXT('2D SPACE',''
  ) );
#2283 = ORIENTED_EDGE('',*,*,#2284,.T.);
#2284 = EDGE_CURVE('',#2229,#2285,#2287,.T.);
#2285 = VERTEX_POINT('',#2286);
#2286 = CARTESIAN_POINT('',(20.7,6.008235883314,225.));
#2287 = SURFACE_CURVE('',#2288,(#2296,#2307),.PCURVE_S1.);
#2288 = B_SPLINE_CURVE_WITH_KNOTS('',3,(#2289,#2290,#2291,#2292,#2293,
    #2294,#2295),.UNSPECIFIED.,.F.,.F.,(4,1,1,1,4),(0.,0.145,0.4825,0.82
    ,1.),.UNSPECIFIED.);
#2289 = CARTESIAN_POINT('',(20.7,6.008235883314,215.));
#2290 = CARTESIAN_POINT('',(20.7,6.008235883314,215.48333333333));
#2291 = CARTESIAN_POINT('',(20.7,6.008235883314,217.09166666666));
#2292 = CARTESIAN_POINT('',(20.7,6.008235883314,219.825));
#2293 = CARTESIAN_POINT('',(20.7,6.008235883314,222.675));
#2294 = CARTESIAN_POINT('',(20.7,6.008235883314,224.4));
#2295 = CARTESIAN_POINT('',(20.7,6.008235883314,225.));
#2296 = PCURVE('',#32,#2297);
#2297 = DEFINITIONAL_REPRESENTATION('',(#2298),#2306);
#2298 = B_SPLINE_CURVE_WITH_KNOTS('',3,(#2299,#2300,#2301,#2302,#2303,
    #2304,#2305),.UNSPECIFIED.,.F.,.F.,(4,1,1,1,4),(0.,0.145,0.4825,0.82
    ,1.),.UNSPECIFIED.);
#2299 = CARTESIAN_POINT('',(0.349920622734,0.955555555556));
#2300 = CARTESIAN_POINT('',(0.349920622734,0.957703703704));
#2301 = CARTESIAN_POINT('',(0.349920622734,0.964851851852));
#2302 = CARTESIAN_POINT('',(0.349920622734,0.977));
#2303 = CARTESIAN_POINT('',(0.349920622734,0.989666666667));
#2304 = CARTESIAN_POINT('',(0.349920622734,0.997333333333));
#2305 = CARTESIAN_POINT('',(0.349920622734,1.));
#2306 = ( GEOMETRIC_REPRESENTATION_CONTEXT(2) 
PARAMETRIC_REPRESENTATION_CONTEXT() REPRESENTATION_CONTEXT('2D SPACE',''
  ) );
#2307 = PCURVE('',#1800,#2308);
#2308 = DEFINITIONAL_REPRESENTATION('',(#2309),#2317);
#2309 = B_SPLINE_CURVE_WITH_KNOTS('',3,(#2310,#2311,#2312,#2313,#2314,
    #2315,#2316),.UNSPECIFIED.,.F.,.F.,(4,1,1,1,4),(0.,0.145,0.4825,0.82
    ,1.),.UNSPECIFIED.);
#2310 = CARTESIAN_POINT('',(26.008235883314,0.));
#2311 = CARTESIAN_POINT('',(26.008235883314,-0.483333333333));
#2312 = CARTESIAN_POINT('',(26.008235883314,-2.091666666667));
#2313 = CARTESIAN_POINT('',(26.008235883314,-4.825));
#2314 = CARTESIAN_POINT('',(26.008235883314,-7.675));
#2315 = CARTESIAN_POINT('',(26.008235883314,-9.4));
#2316 = CARTESIAN_POINT('',(26.008235883314,-10.));
#2317 = ( GEOMETRIC_REPRESENTATION_CONTEXT(2) 
PARAMETRIC_REPRESENTATION_CONTEXT() REPRESENTATION_CONTEXT('2D SPACE',''
  ) );
#2318 = ORIENTED_EDGE('',*,*,#2319,.F.);
#2319 = EDGE_CURVE('',#24,#2285,#2320,.T.);
#2320 = SURFACE_CURVE('',#2321,(#2443,#2450),.PCURVE_S1.);
#2321 = B_SPLINE_CURVE_WITH_KNOTS('',3,(#2322,#2323,#2324,#2325,#2326,
    #2327,#2328,#2329,#2330,#2331,#2332,#2333,#2334,#2335,#2336,#2337,
    #2338,#2339,#2340,#2341,#2342,#2343,#2344,#2345,#2346,#2347,#2348,
    #2349,#2350,#2351,#2352,#2353,#2354,#2355,#2356,#2357,#2358,#2359,
    #2360,#2361,#2362,#2363,#2364,#2365,#2366,#2367,#2368,#2369,#2370,
    #2371,#2372,#2373,#2374,#2375,#2376,#2377,#2378,#2379,#2380,#2381,
    #2382,#2383,#2384,#2385,#2386,#2387,#2388,#2389,#2390,#2391,#2392,
    #2393,#2394,#2395,#2396,#2397,#2398,#2399,#2400,#2401,#2402,#2403,
    #2404,#2405,#2406,#2407,#2408,#2409,#2410,#2411,#2412,#2413,#2414,
    #2415,#2416,#2417,#2418,#2419,#2420,#2421,#2422,#2423,#2424,#2425,
    #2426,#2427,#2428,#2429,#2430,#2431,#2432,#2433,#2434,#2435,#2436,
    #2437,#2438,#2439,#2440,#2441,#2442),.UNSPECIFIED.,.F.,.F.,(4,1,1,1,
    1,1,1,1,1,1,1,1,1,1,1,1,1,1,1,1,1,1,1,1,1,1,1,1,1,1,1,1,1,1,1,1,1,1,
    1,1,1,1,1,1,1,1,1,1,1,1,1,1,1,1,1,1,1,1,1,1,1,1,1,1,1,1,1,1,1,1,1,1,
    1,1,1,1,1,1,1,1,1,1,1,1,1,1,1,1,1,1,1,1,1,1,1,1,1,1,1,1,1,1,1,1,1,1,
    1,1,1,1,1,1,1,1,1,1,1,1,4),(0.,4.078407677411E-04,1.457980549597E-03
    ,3.204753366262E-03,5.642985368529E-03,8.765465479536E-03,
    1.256297669321E-02,1.702433495068E-02,2.213643470887E-02,
    2.788430025551E-02,3.425114182613E-02,4.121841563833E-02,
    4.876588706683E-02,5.687169632928E-02,6.551242622383E-02,
    7.466317164093E-02,8.429761075195E-02,9.438807794483E-02,
    0.104905638724,0.115820166915,0.1271004246,0.138714145282,
    0.1506281208,0.1628082925,0.175219847173,0.187827318137,
    0.200594691796,0.213485519815,0.22646303689,0.239490283867,
    0.252530235719,0.265545933618,0.278500620098,0.291357876051,
    0.304081758111,0.316636934886,0.328988820492,0.341103703964,
    0.353090161194,0.364812648141,0.376197519167,0.38721480852,
    0.397836016232,0.408034235542,0.417784287292,0.427062868614,
    0.435848726665,0.444122873021,0.451868861729,0.459073165549,
    0.465725703577,0.471820604191,0.477357338614,0.482342444921,
    0.486792194201,0.490736722153,0.49422623504,0.4973393663,
    0.500191267412,0.502933737755,0.505676143618,0.508526386493,
    0.511632585991,0.515105416054,0.519019187057,0.523420263997,
    0.528335467762,0.533778262572,0.539752873742,0.546256953268,
    0.553283311049,0.560821057132,0.568856370053,0.577373023458,
    0.586352753065,0.595775516221,0.605619678387,0.615862149932,
    0.626478489749,0.637442987668,0.648728734495,0.660350032239,
    0.672380507178,0.684646833505,0.697115935464,0.709753854552,
    0.722525869195,0.73539661944,0.748330235365,0.761290467738,
    0.774240819394,0.787144675907,0.799965434253,0.812666628411,
    0.825212051079,0.837565870937,0.849692745131,0.86155792689,
    0.873127368371,0.884367818963,0.89524691945,0.905733292442,
    0.915796629611,0.925407776187,0.934538813214,0.943163137948,
    0.951255542705,0.958792292319,0.965751200209,0.972111702872,
    0.977854932419,0.982963786569,0.987422995334,0.991219183478,
    0.994340927712,0.996778807537,0.998525448648,0.999575557896,1.),
  .UNSPECIFIED.);
#2322 = CARTESIAN_POINT('',(72.,4.32E-02,225.));
#2323 = CARTESIAN_POINT('',(71.984221714961,2.623174440698E-02,225.));
#2324 = CARTESIAN_POINT('',(71.923696633015,-1.218274920545E-02,225.));
#2325 = CARTESIAN_POINT('',(71.760293358299,6.733077767122E-02,225.));
#2326 = CARTESIAN_POINT('',(71.512524417189,9.328244997454E-02,225.));
#2327 = CARTESIAN_POINT('',(71.157609566969,0.17765836874,225.));
#2328 = CARTESIAN_POINT('',(70.706551334166,0.265612266985,225.));
#2329 = CARTESIAN_POINT('',(70.156458687307,0.378693366691,225.));
#2330 = CARTESIAN_POINT('',(69.510376771845,0.507691612558,225.));
#2331 = CARTESIAN_POINT('',(68.769539766247,0.654499335452,225.));
#2332 = CARTESIAN_POINT('',(67.936164468403,0.817011226542,225.));
#2333 = CARTESIAN_POINT('',(67.012487343922,0.994320394971,225.));
#2334 = CARTESIAN_POINT('',(66.001075595555,1.185025913379,225.));
#2335 = CARTESIAN_POINT('',(64.904719943764,1.387795900227,225.));
#2336 = CARTESIAN_POINT('',(63.726459691867,1.601210355375,225.));
#2337 = CARTESIAN_POINT('',(62.469565504084,1.823826596577,225.));
#2338 = CARTESIAN_POINT('',(61.137534111024,2.054174014452,225.));
#2339 = CARTESIAN_POINT('',(59.734078408345,2.290767357714,225.));
#2340 = CARTESIAN_POINT('',(58.263117956895,2.532111544605,225.));
#2341 = CARTESIAN_POINT('',(56.728768440869,2.776706051106,225.));
#2342 = CARTESIAN_POINT('',(55.13533056472,3.023046707263,225.));
#2343 = CARTESIAN_POINT('',(53.487278312768,3.269625897995,225.));
#2344 = CARTESIAN_POINT('',(51.789246662024,3.514931391247,225.));
#2345 = CARTESIAN_POINT('',(50.046018792095,3.757444359741,225.));
#2346 = CARTESIAN_POINT('',(48.262512847574,3.995637151547,225.));
#2347 = CARTESIAN_POINT('',(46.44376830058,4.227971417123,225.));
#2348 = CARTESIAN_POINT('',(44.594931956635,4.452897194186,225.));
#2349 = CARTESIAN_POINT('',(42.721243640298,4.668853518835,225.));
#2350 = CARTESIAN_POINT('',(40.82802159035,4.874271068255,225.));
#2351 = CARTESIAN_POINT('',(38.920647587523,5.06757723267,225.));
#2352 = CARTESIAN_POINT('',(37.004551833703,5.247203939495,225.));
#2353 = CARTESIAN_POINT('',(35.085197592638,5.411598236145,225.));
#2354 = CARTESIAN_POINT('',(33.168065619131,5.55923613728,225.));
#2355 = CARTESIAN_POINT('',(31.258638334192,5.688637638146,225.));
#2356 = CARTESIAN_POINT('',(29.362383966368,5.798389696803,225.));
#2357 = CARTESIAN_POINT('',(27.484739924304,5.887150335506,225.));
#2358 = CARTESIAN_POINT('',(25.631098208209,5.953730164934,225.));
#2359 = CARTESIAN_POINT('',(23.806782721962,5.996895716649,225.));
#2360 = CARTESIAN_POINT('',(22.010091894409,6.016262315207,225.));
#2361 = CARTESIAN_POINT('',(20.244284666721,6.008912886959,225.));
#2362 = CARTESIAN_POINT('',(18.514956979868,5.965446857909,225.));
#2363 = CARTESIAN_POINT('',(16.834636840278,5.888113808741,225.));
#2364 = CARTESIAN_POINT('',(15.210590663863,5.77714453907,225.));
#2365 = CARTESIAN_POINT('',(13.647812736416,5.633647085709,225.));
#2366 = CARTESIAN_POINT('',(12.151082171681,5.458844263779,225.));
#2367 = CARTESIAN_POINT('',(10.724941257141,5.254261736029,225.));
#2368 = CARTESIAN_POINT('',(9.373673707815,5.021652437276,225.));
#2369 = CARTESIAN_POINT('',(8.101285073661,4.762980266356,225.));
#2370 = CARTESIAN_POINT('',(6.911484780904,4.48038155269,225.));
#2371 = CARTESIAN_POINT('',(5.807669717899,4.176125231313,225.));
#2372 = CARTESIAN_POINT('',(4.792908805104,3.852566790786,225.));
#2373 = CARTESIAN_POINT('',(3.869927685777,3.512096971921,225.));
#2374 = CARTESIAN_POINT('',(3.041092331994,3.157083399423,225.));
#2375 = CARTESIAN_POINT('',(2.308390850751,2.789800753784,225.));
#2376 = CARTESIAN_POINT('',(1.673415139218,2.412340106554,225.));
#2377 = CARTESIAN_POINT('',(1.137357047989,2.026476856156,225.));
#2378 = CARTESIAN_POINT('',(0.701064633603,1.633476661869,225.));
#2379 = CARTESIAN_POINT('',(0.365309135041,1.233836858307,225.));
#2380 = CARTESIAN_POINT('',(0.131468201859,0.827262199993,225.));
#2381 = CARTESIAN_POINT('',(2.610739939513E-03,0.413566537933,225.));
#2382 = CARTESIAN_POINT('',(-1.738517016726E-02,-1.394771597038E-03,225.
    ));
#2383 = CARTESIAN_POINT('',(6.829918958043E-02,-0.407775947084,225.));
#2384 = CARTESIAN_POINT('',(0.260163279901,-0.795684499761,225.));
#2385 = CARTESIAN_POINT('',(0.552677478468,-1.16056237707,225.));
#2386 = CARTESIAN_POINT('',(0.94223482932,-1.503746075605,225.));
#2387 = CARTESIAN_POINT('',(1.42693129528,-1.826544639829,225.));
#2388 = CARTESIAN_POINT('',(2.005382684217,-2.129588407527,225.));
#2389 = CARTESIAN_POINT('',(2.676096088126,-2.412959003937,225.));
#2390 = CARTESIAN_POINT('',(3.437272195287,-2.676464537771,225.));
#2391 = CARTESIAN_POINT('',(4.286793748968,-2.919814692745,225.));
#2392 = CARTESIAN_POINT('',(5.222258667982,-3.142725113897,225.));
#2393 = CARTESIAN_POINT('',(6.241017835581,-3.344978185654,225.));
#2394 = CARTESIAN_POINT('',(7.340206603373,-3.526462444201,225.));
#2395 = CARTESIAN_POINT('',(8.5167695597,-3.687200044661,225.));
#2396 = CARTESIAN_POINT('',(9.767479696412,-3.827366816078,225.));
#2397 = CARTESIAN_POINT('',(11.088953242726,-3.947306150594,225.));
#2398 = CARTESIAN_POINT('',(12.477661100695,-4.047538451046,225.));
#2399 = CARTESIAN_POINT('',(13.92993754996,-4.128761120489,225.));
#2400 = CARTESIAN_POINT('',(15.441986825862,-4.191859164571,225.));
#2401 = CARTESIAN_POINT('',(17.009887746114,-4.237846668392,225.));
#2402 = CARTESIAN_POINT('',(18.62959794615,-4.268053801604,225.));
#2403 = CARTESIAN_POINT('',(20.299040865283,-4.283345889857,225.));
#2404 = CARTESIAN_POINT('',(22.021096248957,-4.28707202398,225.));
#2405 = CARTESIAN_POINT('',(23.791437774365,-4.271576827279,225.));
#2406 = CARTESIAN_POINT('',(25.603275541446,-4.235908060803,225.));
#2407 = CARTESIAN_POINT('',(27.444603572539,-4.181768453595,225.));
#2408 = CARTESIAN_POINT('',(29.310279645288,-4.110292365638,225.));
#2409 = CARTESIAN_POINT('',(31.195090426146,-4.022857699733,225.));
#2410 = CARTESIAN_POINT('',(33.093761288318,-3.920848366804,225.));
#2411 = CARTESIAN_POINT('',(35.000971321861,-3.805689393895,225.));
#2412 = CARTESIAN_POINT('',(36.911367383716,-3.67880963187,225.));
#2413 = CARTESIAN_POINT('',(38.819578817645,-3.541627171072,225.));
#2414 = CARTESIAN_POINT('',(40.720232333618,-3.395532264355,225.));
#2415 = CARTESIAN_POINT('',(42.607967104931,-3.241875052125,225.));
#2416 = CARTESIAN_POINT('',(44.47744997845,-3.081956377888,225.));
#2417 = CARTESIAN_POINT('',(46.323390732583,-2.917022194364,225.));
#2418 = CARTESIAN_POINT('',(48.140557306602,-2.748261258569,225.));
#2419 = CARTESIAN_POINT('',(49.923790931247,-2.576805836658,225.));
#2420 = CARTESIAN_POINT('',(51.668021095523,-2.403734966215,225.));
#2421 = CARTESIAN_POINT('',(53.368280292221,-2.230079734248,225.));
#2422 = CARTESIAN_POINT('',(55.019718493165,-2.056829954088,225.));
#2423 = CARTESIAN_POINT('',(56.617617313285,-1.884941587949,225.));
#2424 = CARTESIAN_POINT('',(58.157403831731,-1.715344251079,225.));
#2425 = CARTESIAN_POINT('',(59.634664039927,-1.548948180758,225.));
#2426 = CARTESIAN_POINT('',(61.045155907475,-1.386650043945,225.));
#2427 = CARTESIAN_POINT('',(62.384822001187,-1.22933728181,225.));
#2428 = CARTESIAN_POINT('',(63.649801793049,-1.077889970978,225.));
#2429 = CARTESIAN_POINT('',(64.83644310017,-0.933182151163,225.));
#2430 = CARTESIAN_POINT('',(65.941314448473,-0.79607500775,225.));
#2431 = CARTESIAN_POINT('',(66.961212208529,-0.667427144719,225.));
#2432 = CARTESIAN_POINT('',(67.893182803223,-0.548038291829,225.));
#2433 = CARTESIAN_POINT('',(68.734493301065,-0.438801330191,225.));
#2434 = CARTESIAN_POINT('',(69.482764991227,-0.340178516421,225.));
#2435 = CARTESIAN_POINT('',(70.135592687438,-0.253792908359,225.));
#2436 = CARTESIAN_POINT('',(70.69173157278,-0.177556711613,225.));
#2437 = CARTESIAN_POINT('',(71.147661585336,-0.119844099973,225.));
#2438 = CARTESIAN_POINT('',(71.507124345386,-6.020478222092E-02,225.));
#2439 = CARTESIAN_POINT('',(71.756716317728,-4.994749829778E-02,225.));
#2440 = CARTESIAN_POINT('',(71.9248400037,1.63721775793E-02,225.));
#2441 = CARTESIAN_POINT('',(71.984408918449,-2.490967936307E-02,225.));
#2442 = CARTESIAN_POINT('',(72.,-4.32E-02,225.));
#2443 = PCURVE('',#32,#2444);
#2444 = DEFINITIONAL_REPRESENTATION('',(#2445),#2449);
#2445 = LINE('',#2446,#2447);
#2446 = CARTESIAN_POINT('',(0.,1.));
#2447 = VECTOR('',#2448,1.);
#2448 = DIRECTION('',(1.,0.));
#2449 = ( GEOMETRIC_REPRESENTATION_CONTEXT(2) 
PARAMETRIC_REPRESENTATION_CONTEXT() REPRESENTATION_CONTEXT('2D SPACE',''
  ) );
#2450 = PCURVE('',#1646,#2451);
#2451 = DEFINITIONAL_REPRESENTATION('',(#2452),#2574);
#2452 = B_SPLINE_CURVE_WITH_KNOTS('',3,(#2453,#2454,#2455,#2456,#2457,
    #2458,#2459,#2460,#2461,#2462,#2463,#2464,#2465,#2466,#2467,#2468,
    #2469,#2470,#2471,#2472,#2473,#2474,#2475,#2476,#2477,#2478,#2479,
    #2480,#2481,#2482,#2483,#2484,#2485,#2486,#2487,#2488,#2489,#2490,
    #2491,#2492,#2493,#2494,#2495,#2496,#2497,#2498,#2499,#2500,#2501,
    #2502,#2503,#2504,#2505,#2506,#2507,#2508,#2509,#2510,#2511,#2512,
    #2513,#2514,#2515,#2516,#2517,#2518,#2519,#2520,#2521,#2522,#2523,
    #2524,#2525,#2526,#2527,#2528,#2529,#2530,#2531,#2532,#2533,#2534,
    #2535,#2536,#2537,#2538,#2539,#2540,#2541,#2542,#2543,#2544,#2545,
    #2546,#2547,#2548,#2549,#2550,#2551,#2552,#2553,#2554,#2555,#2556,
    #2557,#2558,#2559,#2560,#2561,#2562,#2563,#2564,#2565,#2566,#2567,
    #2568,#2569,#2570,#2571,#2572,#2573),.UNSPECIFIED.,.F.,.F.,(4,1,1,1,
    1,1,1,1,1,1,1,1,1,1,1,1,1,1,1,1,1,1,1,1,1,1,1,1,1,1,1,1,1,1,1,1,1,1,
    1,1,1,1,1,1,1,1,1,1,1,1,1,1,1,1,1,1,1,1,1,1,1,1,1,1,1,1,1,1,1,1,1,1,
    1,1,1,1,1,1,1,1,1,1,1,1,1,1,1,1,1,1,1,1,1,1,1,1,1,1,1,1,1,1,1,1,1,1,
    1,1,1,1,1,1,1,1,1,1,1,1,4),(0.,4.078407677411E-04,1.457980549597E-03
    ,3.204753366262E-03,5.642985368529E-03,8.765465479536E-03,
    1.256297669321E-02,1.702433495068E-02,2.213643470887E-02,
    2.788430025551E-02,3.425114182613E-02,4.121841563833E-02,
    4.876588706683E-02,5.687169632928E-02,6.551242622383E-02,
    7.466317164093E-02,8.429761075195E-02,9.438807794483E-02,
    0.104905638724,0.115820166915,0.1271004246,0.138714145282,
    0.1506281208,0.1628082925,0.175219847173,0.187827318137,
    0.200594691796,0.213485519815,0.22646303689,0.239490283867,
    0.252530235719,0.265545933618,0.278500620098,0.291357876051,
    0.304081758111,0.316636934886,0.328988820492,0.341103703964,
    0.353090161194,0.364812648141,0.376197519167,0.38721480852,
    0.397836016232,0.408034235542,0.417784287292,0.427062868614,
    0.435848726665,0.444122873021,0.451868861729,0.459073165549,
    0.465725703577,0.471820604191,0.477357338614,0.482342444921,
    0.486792194201,0.490736722153,0.49422623504,0.4973393663,
    0.500191267412,0.502933737755,0.505676143618,0.508526386493,
    0.511632585991,0.515105416054,0.519019187057,0.523420263997,
    0.528335467762,0.533778262572,0.539752873742,0.546256953268,
    0.553283311049,0.560821057132,0.568856370053,0.577373023458,
    0.586352753065,0.595775516221,0.605619678387,0.615862149932,
    0.626478489749,0.637442987668,0.648728734495,0.660350032239,
    0.672380507178,0.684646833505,0.697115935464,0.709753854552,
    0.722525869195,0.73539661944,0.748330235365,0.761290467738,
    0.774240819394,0.787144675907,0.799965434253,0.812666628411,
    0.825212051079,0.837565870937,0.849692745131,0.86155792689,
    0.873127368371,0.884367818963,0.89524691945,0.905733292442,
    0.915796629611,0.925407776187,0.934538813214,0.943163137948,
    0.951255542705,0.958792292319,0.965751200209,0.972111702872,
    0.977854932419,0.982963786569,0.987422995334,0.991219183478,
    0.994340927712,0.996778807537,0.998525448648,0.999575557896,1.),
  .UNSPECIFIED.);
#2453 = CARTESIAN_POINT('',(0.,0.));
#2454 = CARTESIAN_POINT('',(1.568617091179E-02,-1.705344595016E-02));
#2455 = CARTESIAN_POINT('',(7.600235169693E-02,-5.579511859738E-02));
#2456 = CARTESIAN_POINT('',(0.239833795062,2.283241671652E-02));
#2457 = CARTESIAN_POINT('',(0.487739631441,4.744204416191E-02));
#2458 = CARTESIAN_POINT('',(0.843106172299,0.129894868326));
#2459 = CARTESIAN_POINT('',(1.294634060865,0.215405004818));
#2460 = CARTESIAN_POINT('',(1.845330974877,0.325505704801));
#2461 = CARTESIAN_POINT('',(2.492101941244,0.451003537411));
#2462 = CARTESIAN_POINT('',(3.233723046529,0.593797488826));
#2463 = CARTESIAN_POINT('',(4.067966125134,0.751794285001));
#2464 = CARTESIAN_POINT('',(4.992589833441,0.924099158798));
#2465 = CARTESIAN_POINT('',(6.005019420341,1.109325104751));
#2466 = CARTESIAN_POINT('',(7.102456994174,1.306155372551));
#2467 = CARTESIAN_POINT('',(8.281855606904,1.513186440647));
#2468 = CARTESIAN_POINT('',(9.539936830164,1.728993358536));
#2469 = CARTESIAN_POINT('',(10.873196021289,1.95212447313));
#2470 = CARTESIAN_POINT('',(12.277912296446,2.181114660181));
#2471 = CARTESIAN_POINT('',(13.750158056412,2.414490084204));
#2472 = CARTESIAN_POINT('',(15.285809552022,2.650772529533));
#2473 = CARTESIAN_POINT('',(16.880557996822,2.888481136507));
#2474 = CARTESIAN_POINT('',(18.529921308379,3.126132538692));
#2475 = CARTESIAN_POINT('',(20.229256388922,3.362239624522));
#2476 = CARTESIAN_POINT('',(21.973771904553,3.595309489818));
#2477 = CARTESIAN_POINT('',(23.758541510575,3.823841136713));
#2478 = CARTESIAN_POINT('',(25.578517478617,4.046323526869));
#2479 = CARTESIAN_POINT('',(27.428544685599,4.261234590588));
#2480 = CARTESIAN_POINT('',(29.303374931189,4.467041760408));
#2481 = CARTESIAN_POINT('',(31.197681556726,4.662204534694));
#2482 = CARTESIAN_POINT('',(33.106074344726,4.845179468969));
#2483 = CARTESIAN_POINT('',(35.023114681829,5.014427918086));
#2484 = CARTESIAN_POINT('',(36.943330975178,5.168426535701));
#2485 = CARTESIAN_POINT('',(38.861234297966,5.305681037008));
#2486 = CARTESIAN_POINT('',(40.771334295366,5.424741126163));
#2487 = CARTESIAN_POINT('',(42.668155167403,5.524223392302));
#2488 = CARTESIAN_POINT('',(44.546252318365,5.602815320825));
#2489 = CARTESIAN_POINT('',(46.400227386575,5.659356737433));
#2490 = CARTESIAN_POINT('',(48.224749866997,5.692643020617));
#2491 = CARTESIAN_POINT('',(50.021519222829,5.702280286596));
#2492 = CARTESIAN_POINT('',(51.787260764778,5.685369151596));
#2493 = CARTESIAN_POINT('',(53.516327729976,5.632539481364));
#2494 = CARTESIAN_POINT('',(55.19620447711,5.546108662533));
#2495 = CARTESIAN_POINT('',(56.819625946578,5.426346838846));
#2496 = CARTESIAN_POINT('',(58.381603925806,5.274389074839));
#2497 = CARTESIAN_POINT('',(59.877365992641,5.091484046521));
#2498 = CARTESIAN_POINT('',(61.302378187631,4.879181990679));
#2499 = CARTESIAN_POINT('',(62.652366350672,4.639259012667));
#2500 = CARTESIAN_POINT('',(63.923335625009,4.373700672513));
#2501 = CARTESIAN_POINT('',(65.111588206985,4.084663354792));
#2502 = CARTESIAN_POINT('',(66.213739544292,3.774434355364));
#2503 = CARTESIAN_POINT('',(67.226733516394,3.445385746404));
#2504 = CARTESIAN_POINT('',(68.147857465812,3.099922992982));
#2505 = CARTESIAN_POINT('',(68.974758275803,2.74042649679));
#2506 = CARTESIAN_POINT('',(69.705460185874,2.369181670533));
#2507 = CARTESIAN_POINT('',(70.338382645307,1.988288175198));
#2508 = CARTESIAN_POINT('',(70.872343434734,1.599527837028));
#2509 = CARTESIAN_POINT('',(71.306501363572,1.204170888957));
#2510 = CARTESIAN_POINT('',(71.640087897205,0.802718834554));
#2511 = CARTESIAN_POINT('',(71.871723807525,0.394883892618));
#2512 = CARTESIAN_POINT('',(71.998339225651,-1.95034650476E-02));
#2513 = CARTESIAN_POINT('',(72.016087834539,-0.434566968274));
#2514 = CARTESIAN_POINT('',(71.928204184235,-0.840478206483));
#2515 = CARTESIAN_POINT('',(71.734242388994,-1.227342131373));
#2516 = CARTESIAN_POINT('',(71.439756671845,-1.590630700019));
#2517 = CARTESIAN_POINT('',(71.048346698762,-1.931699921019));
#2518 = CARTESIAN_POINT('',(70.561909390554,-2.251869129974));
#2519 = CARTESIAN_POINT('',(69.981825505791,-2.551776150802));
#2520 = CARTESIAN_POINT('',(69.309587488591,-2.831510691615));
#2521 = CARTESIAN_POINT('',(68.546995663382,-3.090890607178));
#2522 = CARTESIAN_POINT('',(67.696168827911,-3.329637050372));
#2523 = CARTESIAN_POINT('',(66.759510567926,-3.547478677629));
#2524 = CARTESIAN_POINT('',(65.739671139721,-3.744212221488));
#2525 = CARTESIAN_POINT('',(64.639515753262,-3.919741731786));
#2526 = CARTESIAN_POINT('',(63.462099655441,-4.074105908323));
#2527 = CARTESIAN_POINT('',(62.210648854989,-4.207498051754));
#2528 = CARTESIAN_POINT('',(60.888545213613,-4.320279872246));
#2529 = CARTESIAN_POINT('',(59.49931495955,-4.412990875008));
#2530 = CARTESIAN_POINT('',(58.046619982989,-4.486348302681));
#2531 = CARTESIAN_POINT('',(56.534251200648,-4.541257701934));
#2532 = CARTESIAN_POINT('',(54.966124246075,-4.578754376133));
#2533 = CARTESIAN_POINT('',(53.346274221724,-4.600190364758));
#2534 = CARTESIAN_POINT('',(51.676772972115,-4.606442225314));
#2535 = CARTESIAN_POINT('',(49.954722658758,-4.600843405756));
#2536 = CARTESIAN_POINT('',(48.184490994757,-4.575762068588));
#2537 = CARTESIAN_POINT('',(46.372872936984,-4.530282756007));
#2538 = CARTESIAN_POINT('',(44.531865066831,-4.466173184246));
#2539 = CARTESIAN_POINT('',(42.666603388723,-4.384595541699));
#2540 = CARTESIAN_POINT('',(40.782293698458,-4.286955941073));
#2541 = CARTESIAN_POINT('',(38.884203051643,-4.174666835011));
#2542 = CARTESIAN_POINT('',(36.977644563716,-4.049182042299));
#2543 = CARTESIAN_POINT('',(35.067963562051,-3.911959380024));
#2544 = CARTESIAN_POINT('',(33.160522945212,-3.764445999746));
#2545 = CARTESIAN_POINT('',(31.260688396257,-3.608061230206));
#2546 = CARTESIAN_POINT('',(29.373813352306,-3.444184220796));
#2547 = CARTESIAN_POINT('',(27.505223844262,-3.274144674879));
#2548 = CARTESIAN_POINT('',(25.660203269341,-3.099217173363));
#2549 = CARTESIAN_POINT('',(23.843977174469,-2.920618787349));
#2550 = CARTESIAN_POINT('',(22.06169812207,-2.739509701037));
#2551 = CARTESIAN_POINT('',(20.31843070583,-2.556996392915));
#2552 = CARTESIAN_POINT('',(18.619136776811,-2.374136833839));
#2553 = CARTESIAN_POINT('',(16.968660932261,-2.191947085444));
#2554 = CARTESIAN_POINT('',(15.371716311555,-2.011408645898));
#2555 = CARTESIAN_POINT('',(13.832870734649,-1.833475879103));
#2556 = CARTESIAN_POINT('',(12.356533216487,-1.659082910773));
#2557 = CARTESIAN_POINT('',(10.946940869837,-1.48914936524));
#2558 = CARTESIAN_POINT('',(9.608146262923,-1.32458464159));
#2559 = CARTESIAN_POINT('',(8.34400510156,-1.166289708235));
#2560 = CARTESIAN_POINT('',(7.158164782185,-1.01515836858));
#2561 = CARTESIAN_POINT('',(6.054052065262,-0.872070376755));
#2562 = CARTESIAN_POINT('',(5.034865883927,-0.737901671747));
#2563 = CARTESIAN_POINT('',(4.103555441467,-0.613467965158));
#2564 = CARTESIAN_POINT('',(3.262848794372,-0.499676923783));
#2565 = CARTESIAN_POINT('',(2.515122115482,-0.397003678137));
#2566 = CARTESIAN_POINT('',(1.862771766979,-0.307084286305));
#2567 = CARTESIAN_POINT('',(1.307053852897,-0.227837725167));
#2568 = CARTESIAN_POINT('',(0.851443037545,-0.167657106809));
#2569 = CARTESIAN_POINT('',(0.49230849346,-0.10607217903));
#2570 = CARTESIAN_POINT('',(0.242775723426,-9.446350943187E-02));
#2571 = CARTESIAN_POINT('',(7.501362219273E-02,-2.723441912816E-02));
#2572 = CARTESIAN_POINT('',(1.522204027459E-02,-6.819310622597E-02));
#2573 = CARTESIAN_POINT('',(-4.678544521255E-04,-8.639873327898E-02));
#2574 = ( GEOMETRIC_REPRESENTATION_CONTEXT(2) 
PARAMETRIC_REPRESENTATION_CONTEXT() REPRESENTATION_CONTEXT('2D SPACE',''
  ) );
#2575 = ADVANCED_FACE('',(#2576),#403,.T.);
#2576 = FACE_BOUND('',#2577,.T.);
#2577 = EDGE_LOOP('',(#2578,#2601,#2602,#2625));
#2578 = ORIENTED_EDGE('',*,*,#2579,.T.);
#2579 = EDGE_CURVE('',#1231,#22,#2580,.T.);
#2580 = SURFACE_CURVE('',#2581,(#2586,#2593),.PCURVE_S1.);
#2581 = B_SPLINE_CURVE_WITH_KNOTS('',3,(#2582,#2583,#2584,#2585),
  .UNSPECIFIED.,.F.,.F.,(4,4),(1.,2.),.PIECEWISE_BEZIER_KNOTS.);
#2582 = CARTESIAN_POINT('',(72.,-4.32E-02,0.));
#2583 = CARTESIAN_POINT('',(72.,-1.44E-02,0.));
#2584 = CARTESIAN_POINT('',(72.,1.44E-02,0.));
#2585 = CARTESIAN_POINT('',(72.,4.32E-02,0.));
#2586 = PCURVE('',#403,#2587);
#2587 = DEFINITIONAL_REPRESENTATION('',(#2588),#2592);
#2588 = LINE('',#2589,#2590);
#2589 = CARTESIAN_POINT('',(0.,0.));
#2590 = VECTOR('',#2591,1.);
#2591 = DIRECTION('',(1.,0.));
#2592 = ( GEOMETRIC_REPRESENTATION_CONTEXT(2) 
PARAMETRIC_REPRESENTATION_CONTEXT() REPRESENTATION_CONTEXT('2D SPACE',''
  ) );
#2593 = PCURVE('',#557,#2594);
#2594 = DEFINITIONAL_REPRESENTATION('',(#2595),#2600);
#2595 = B_SPLINE_CURVE_WITH_KNOTS('',3,(#2596,#2597,#2598,#2599),
  .UNSPECIFIED.,.F.,.F.,(4,4),(1.,2.),.PIECEWISE_BEZIER_KNOTS.);
#2596 = CARTESIAN_POINT('',(-4.678544521255E-04,-8.639873327898E-02));
#2597 = CARTESIAN_POINT('',(-3.119029680789E-04,-5.759915551932E-02));
#2598 = CARTESIAN_POINT('',(-1.559514840466E-04,-2.879957775966E-02));
#2599 = CARTESIAN_POINT('',(0.,0.));
#2600 = ( GEOMETRIC_REPRESENTATION_CONTEXT(2) 
PARAMETRIC_REPRESENTATION_CONTEXT() REPRESENTATION_CONTEXT('2D SPACE',''
  ) );
#2601 = ORIENTED_EDGE('',*,*,#21,.T.);
#2602 = ORIENTED_EDGE('',*,*,#2603,.F.);
#2603 = EDGE_CURVE('',#1490,#24,#2604,.T.);
#2604 = SURFACE_CURVE('',#2605,(#2610,#2617),.PCURVE_S1.);
#2605 = B_SPLINE_CURVE_WITH_KNOTS('',3,(#2606,#2607,#2608,#2609),
  .UNSPECIFIED.,.F.,.F.,(4,4),(1.,2.),.PIECEWISE_BEZIER_KNOTS.);
#2606 = CARTESIAN_POINT('',(72.,-4.32E-02,225.));
#2607 = CARTESIAN_POINT('',(72.,-1.44E-02,225.));
#2608 = CARTESIAN_POINT('',(72.,1.44E-02,225.));
#2609 = CARTESIAN_POINT('',(72.,4.32E-02,225.));
#2610 = PCURVE('',#403,#2611);
#2611 = DEFINITIONAL_REPRESENTATION('',(#2612),#2616);
#2612 = LINE('',#2613,#2614);
#2613 = CARTESIAN_POINT('',(0.,1.));
#2614 = VECTOR('',#2615,1.);
#2615 = DIRECTION('',(1.,0.));
#2616 = ( GEOMETRIC_REPRESENTATION_CONTEXT(2) 
PARAMETRIC_REPRESENTATION_CONTEXT() REPRESENTATION_CONTEXT('2D SPACE',''
  ) );
#2617 = PCURVE('',#1646,#2618);
#2618 = DEFINITIONAL_REPRESENTATION('',(#2619),#2624);
#2619 = B_SPLINE_CURVE_WITH_KNOTS('',3,(#2620,#2621,#2622,#2623),
  .UNSPECIFIED.,.F.,.F.,(4,4),(1.,2.),.PIECEWISE_BEZIER_KNOTS.);
#2620 = CARTESIAN_POINT('',(-4.678544521255E-04,-8.639873327898E-02));
#2621 = CARTESIAN_POINT('',(-3.119029680789E-04,-5.759915551932E-02));
#2622 = CARTESIAN_POINT('',(-1.559514840466E-04,-2.879957775966E-02));
#2623 = CARTESIAN_POINT('',(0.,0.));
#2624 = ( GEOMETRIC_REPRESENTATION_CONTEXT(2) 
PARAMETRIC_REPRESENTATION_CONTEXT() REPRESENTATION_CONTEXT('2D SPACE',''
  ) );
#2625 = ORIENTED_EDGE('',*,*,#1489,.F.);
#2626 = ADVANCED_FACE('',(#2627,#2651),#1646,.F.);
#2627 = FACE_BOUND('',#2628,.F.);
#2628 = EDGE_LOOP('',(#2629,#2630,#2631,#2632));
#2629 = ORIENTED_EDGE('',*,*,#2319,.F.);
#2630 = ORIENTED_EDGE('',*,*,#2603,.F.);
#2631 = ORIENTED_EDGE('',*,*,#1512,.F.);
#2632 = ORIENTED_EDGE('',*,*,#2633,.T.);
#2633 = EDGE_CURVE('',#1513,#2285,#2634,.T.);
#2634 = SURFACE_CURVE('',#2635,(#2639,#2645),.PCURVE_S1.);
#2635 = LINE('',#2636,#2637);
#2636 = CARTESIAN_POINT('',(20.7,-9.9784,225.));
#2637 = VECTOR('',#2638,1.);
#2638 = DIRECTION('',(0.,1.,-3.47074980474E-15));
#2639 = PCURVE('',#1646,#2640);
#2640 = DEFINITIONAL_REPRESENTATION('',(#2641),#2644);
#2641 = B_SPLINE_CURVE_WITH_KNOTS('',1,(#2642,#2643),.UNSPECIFIED.,.F.,
  .F.,(2,2),(5.69288289178,16.001756543354),.PIECEWISE_BEZIER_KNOTS.);
#2642 = CARTESIAN_POINT('',(51.275807958801,-4.606442225314));
#2643 = CARTESIAN_POINT('',(51.331630324938,5.702280286596));
#2644 = ( GEOMETRIC_REPRESENTATION_CONTEXT(2) 
PARAMETRIC_REPRESENTATION_CONTEXT() REPRESENTATION_CONTEXT('2D SPACE',''
  ) );
#2645 = PCURVE('',#1800,#2646);
#2646 = DEFINITIONAL_REPRESENTATION('',(#2647),#2650);
#2647 = B_SPLINE_CURVE_WITH_KNOTS('',1,(#2648,#2649),.UNSPECIFIED.,.F.,
  .F.,(2,2),(5.69288289178,16.001756543354),.PIECEWISE_BEZIER_KNOTS.);
#2648 = CARTESIAN_POINT('',(15.71448289178,-10.));
#2649 = CARTESIAN_POINT('',(26.023356543354,-10.));
#2650 = ( GEOMETRIC_REPRESENTATION_CONTEXT(2) 
PARAMETRIC_REPRESENTATION_CONTEXT() REPRESENTATION_CONTEXT('2D SPACE',''
  ) );
#2651 = FACE_BOUND('',#2652,.F.);
#2652 = EDGE_LOOP('',(#2653));
#2653 = ORIENTED_EDGE('',*,*,#2654,.F.);
#2654 = EDGE_CURVE('',#2655,#2655,#2657,.T.);
#2655 = VERTEX_POINT('',#2656);
#2656 = CARTESIAN_POINT('',(47.9,0.7776,225.));
#2657 = SURFACE_CURVE('',#2658,(#2663,#2670),.PCURVE_S1.);
#2658 = CIRCLE('',#2659,1.1);
#2659 = AXIS2_PLACEMENT_3D('',#2660,#2661,#2662);
#2660 = CARTESIAN_POINT('',(46.8,0.7776,225.));
#2661 = DIRECTION('',(0.,0.,-1.));
#2662 = DIRECTION('',(1.,0.,0.));
#2663 = PCURVE('',#1646,#2664);
#2664 = DEFINITIONAL_REPRESENTATION('',(#2665),#2669);
#2665 = CIRCLE('',#2666,1.1);
#2666 = AXIS2_PLACEMENT_2D('',#2667,#2668);
#2667 = CARTESIAN_POINT('',(25.203607302544,0.597931684336));
#2668 = DIRECTION('',(-0.999985338877,5.414982084736E-03));
#2669 = ( GEOMETRIC_REPRESENTATION_CONTEXT(2) 
PARAMETRIC_REPRESENTATION_CONTEXT() REPRESENTATION_CONTEXT('2D SPACE',''
  ) );
#2670 = PCURVE('',#2671,#2676);
#2671 = CYLINDRICAL_SURFACE('',#2672,1.1);
#2672 = AXIS2_PLACEMENT_3D('',#2673,#2674,#2675);
#2673 = CARTESIAN_POINT('',(46.8,0.7776,205.));
#2674 = DIRECTION('',(-0.,-0.,-1.));
#2675 = DIRECTION('',(1.,0.,0.));
#2676 = DEFINITIONAL_REPRESENTATION('',(#2677),#2681);
#2677 = LINE('',#2678,#2679);
#2678 = CARTESIAN_POINT('',(-6.28318530718,-20.));
#2679 = VECTOR('',#2680,1.);
#2680 = DIRECTION('',(1.,-0.));
#2681 = ( GEOMETRIC_REPRESENTATION_CONTEXT(2) 
PARAMETRIC_REPRESENTATION_CONTEXT() REPRESENTATION_CONTEXT('2D SPACE',''
  ) );
#2682 = ADVANCED_FACE('',(#2683),#1800,.T.);
#2683 = FACE_BOUND('',#2684,.T.);
#2684 = EDGE_LOOP('',(#2685,#2706,#2707,#2708));
#2685 = ORIENTED_EDGE('',*,*,#2686,.F.);
#2686 = EDGE_CURVE('',#1777,#2229,#2687,.T.);
#2687 = SURFACE_CURVE('',#2688,(#2692,#2699),.PCURVE_S1.);
#2688 = LINE('',#2689,#2690);
#2689 = CARTESIAN_POINT('',(20.7,-20.,215.));
#2690 = VECTOR('',#2691,1.);
#2691 = DIRECTION('',(0.,1.,0.));
#2692 = PCURVE('',#1800,#2693);
#2693 = DEFINITIONAL_REPRESENTATION('',(#2694),#2698);
#2694 = LINE('',#2695,#2696);
#2695 = CARTESIAN_POINT('',(0.,0.));
#2696 = VECTOR('',#2697,1.);
#2697 = DIRECTION('',(1.,0.));
#2698 = ( GEOMETRIC_REPRESENTATION_CONTEXT(2) 
PARAMETRIC_REPRESENTATION_CONTEXT() REPRESENTATION_CONTEXT('2D SPACE',''
  ) );
#2699 = PCURVE('',#1862,#2700);
#2700 = DEFINITIONAL_REPRESENTATION('',(#2701),#2705);
#2701 = LINE('',#2702,#2703);
#2702 = CARTESIAN_POINT('',(2.7,-20.));
#2703 = VECTOR('',#2704,1.);
#2704 = DIRECTION('',(0.,1.));
#2705 = ( GEOMETRIC_REPRESENTATION_CONTEXT(2) 
PARAMETRIC_REPRESENTATION_CONTEXT() REPRESENTATION_CONTEXT('2D SPACE',''
  ) );
#2706 = ORIENTED_EDGE('',*,*,#1776,.T.);
#2707 = ORIENTED_EDGE('',*,*,#2633,.T.);
#2708 = ORIENTED_EDGE('',*,*,#2284,.F.);
#2709 = ADVANCED_FACE('',(#2710,#2736),#1862,.T.);
#2710 = FACE_BOUND('',#2711,.T.);
#2711 = EDGE_LOOP('',(#2712,#2733,#2734,#2735));
#2712 = ORIENTED_EDGE('',*,*,#2713,.T.);
#2713 = EDGE_CURVE('',#2194,#1817,#2714,.T.);
#2714 = SURFACE_CURVE('',#2715,(#2719,#2726),.PCURVE_S1.);
#2715 = LINE('',#2716,#2717);
#2716 = CARTESIAN_POINT('',(15.3,20.,215.));
#2717 = VECTOR('',#2718,1.);
#2718 = DIRECTION('',(0.,-1.,0.));
#2719 = PCURVE('',#1862,#2720);
#2720 = DEFINITIONAL_REPRESENTATION('',(#2721),#2725);
#2721 = LINE('',#2722,#2723);
#2722 = CARTESIAN_POINT('',(-2.7,20.));
#2723 = VECTOR('',#2724,1.);
#2724 = DIRECTION('',(0.,-1.));
#2725 = ( GEOMETRIC_REPRESENTATION_CONTEXT(2) 
PARAMETRIC_REPRESENTATION_CONTEXT() REPRESENTATION_CONTEXT('2D SPACE',''
  ) );
#2726 = PCURVE('',#1913,#2727);
#2727 = DEFINITIONAL_REPRESENTATION('',(#2728),#2732);
#2728 = LINE('',#2729,#2730);
#2729 = CARTESIAN_POINT('',(0.,0.));
#2730 = VECTOR('',#2731,1.);
#2731 = DIRECTION('',(1.,0.));
#2732 = ( GEOMETRIC_REPRESENTATION_CONTEXT(2) 
PARAMETRIC_REPRESENTATION_CONTEXT() REPRESENTATION_CONTEXT('2D SPACE',''
  ) );
#2733 = ORIENTED_EDGE('',*,*,#1816,.F.);
#2734 = ORIENTED_EDGE('',*,*,#2686,.T.);
#2735 = ORIENTED_EDGE('',*,*,#2228,.F.);
#2736 = FACE_BOUND('',#2737,.T.);
#2737 = EDGE_LOOP('',(#2738));
#2738 = ORIENTED_EDGE('',*,*,#2739,.T.);
#2739 = EDGE_CURVE('',#2740,#2740,#2742,.T.);
#2740 = VERTEX_POINT('',#2741);
#2741 = CARTESIAN_POINT('',(20.6,0.7776,215.));
#2742 = SURFACE_CURVE('',#2743,(#2748,#2759),.PCURVE_S1.);
#2743 = CIRCLE('',#2744,2.6);
#2744 = AXIS2_PLACEMENT_3D('',#2745,#2746,#2747);
#2745 = CARTESIAN_POINT('',(18.,0.7776,215.));
#2746 = DIRECTION('',(0.,0.,-1.));
#2747 = DIRECTION('',(1.,0.,0.));
#2748 = PCURVE('',#1862,#2749);
#2749 = DEFINITIONAL_REPRESENTATION('',(#2750),#2758);
#2750 = ( BOUNDED_CURVE() B_SPLINE_CURVE(2,(#2751,#2752,#2753,#2754,
#2755,#2756,#2757),.UNSPECIFIED.,.T.,.F.) B_SPLINE_CURVE_WITH_KNOTS((1,2
    ,2,2,2,1),(-2.094395102393,0.,2.094395102393,4.188790204786,
6.28318530718,8.377580409573),.UNSPECIFIED.) CURVE() 
GEOMETRIC_REPRESENTATION_ITEM() RATIONAL_B_SPLINE_CURVE((1.,0.5,1.,0.5,
1.,0.5,1.)) REPRESENTATION_ITEM('') );
#2751 = CARTESIAN_POINT('',(2.6,0.7776));
#2752 = CARTESIAN_POINT('',(2.6,-3.725732099679));
#2753 = CARTESIAN_POINT('',(-1.3,-1.47406604984));
#2754 = CARTESIAN_POINT('',(-5.2,0.7776));
#2755 = CARTESIAN_POINT('',(-1.3,3.02926604984));
#2756 = CARTESIAN_POINT('',(2.6,5.280932099679));
#2757 = CARTESIAN_POINT('',(2.6,0.7776));
#2758 = ( GEOMETRIC_REPRESENTATION_CONTEXT(2) 
PARAMETRIC_REPRESENTATION_CONTEXT() REPRESENTATION_CONTEXT('2D SPACE',''
  ) );
#2759 = PCURVE('',#2760,#2765);
#2760 = CYLINDRICAL_SURFACE('',#2761,2.6);
#2761 = AXIS2_PLACEMENT_3D('',#2762,#2763,#2764);
#2762 = CARTESIAN_POINT('',(18.,0.7776,-1.));
#2763 = DIRECTION('',(-0.,-0.,-1.));
#2764 = DIRECTION('',(1.,0.,0.));
#2765 = DEFINITIONAL_REPRESENTATION('',(#2766),#2770);
#2766 = LINE('',#2767,#2768);
#2767 = CARTESIAN_POINT('',(-6.28318530718,-216.));
#2768 = VECTOR('',#2769,1.);
#2769 = DIRECTION('',(1.,-0.));
#2770 = ( GEOMETRIC_REPRESENTATION_CONTEXT(2) 
PARAMETRIC_REPRESENTATION_CONTEXT() REPRESENTATION_CONTEXT('2D SPACE',''
  ) );
#2771 = ADVANCED_FACE('',(#2772),#1913,.T.);
#2772 = FACE_BOUND('',#2773,.T.);
#2773 = EDGE_LOOP('',(#2774,#2775,#2776,#2795));
#2774 = ORIENTED_EDGE('',*,*,#2713,.F.);
#2775 = ORIENTED_EDGE('',*,*,#2193,.T.);
#2776 = ORIENTED_EDGE('',*,*,#2777,.T.);
#2777 = EDGE_CURVE('',#1930,#1890,#2778,.T.);
#2778 = SURFACE_CURVE('',#2779,(#2783,#2789),.PCURVE_S1.);
#2779 = LINE('',#2780,#2781);
#2780 = CARTESIAN_POINT('',(15.3,10.0216,225.));
#2781 = VECTOR('',#2782,1.);
#2782 = DIRECTION('',(0.,-1.,3.47074980474E-15));
#2783 = PCURVE('',#1913,#2784);
#2784 = DEFINITIONAL_REPRESENTATION('',(#2785),#2788);
#2785 = B_SPLINE_CURVE_WITH_KNOTS('',1,(#2786,#2787),.UNSPECIFIED.,.F.,
  .F.,(2,2),(3.969002124678,14.277875776252),.PIECEWISE_BEZIER_KNOTS.);
#2786 = CARTESIAN_POINT('',(13.947402124678,-10.));
#2787 = CARTESIAN_POINT('',(24.256275776252,-10.));
#2788 = ( GEOMETRIC_REPRESENTATION_CONTEXT(2) 
PARAMETRIC_REPRESENTATION_CONTEXT() REPRESENTATION_CONTEXT('2D SPACE',''
  ) );
#2789 = PCURVE('',#2063,#2790);
#2790 = DEFINITIONAL_REPRESENTATION('',(#2791),#2794);
#2791 = B_SPLINE_CURVE_WITH_KNOTS('',1,(#2792,#2793),.UNSPECIFIED.,.F.,
  .F.,(2,2),(3.969002124678,14.277875776252),.PIECEWISE_BEZIER_KNOTS.);
#2792 = CARTESIAN_POINT('',(56.731709496163,5.702280286596));
#2793 = CARTESIAN_POINT('',(56.675887130026,-4.606442225314));
#2794 = ( GEOMETRIC_REPRESENTATION_CONTEXT(2) 
PARAMETRIC_REPRESENTATION_CONTEXT() REPRESENTATION_CONTEXT('2D SPACE',''
  ) );
#2795 = ORIENTED_EDGE('',*,*,#1889,.F.);
#2796 = ADVANCED_FACE('',(#2797),#2063,.F.);
#2797 = FACE_BOUND('',#2798,.F.);
#2798 = EDGE_LOOP('',(#2799,#2800));
#2799 = ORIENTED_EDGE('',*,*,#1929,.F.);
#2800 = ORIENTED_EDGE('',*,*,#2777,.T.);
#2801 = ADVANCED_FACE('',(#2802,#2826),#557,.T.);
#2802 = FACE_BOUND('',#2803,.T.);
#2803 = EDGE_LOOP('',(#2804,#2805,#2806,#2807));
#2804 = ORIENTED_EDGE('',*,*,#423,.F.);
#2805 = ORIENTED_EDGE('',*,*,#2579,.F.);
#2806 = ORIENTED_EDGE('',*,*,#1230,.F.);
#2807 = ORIENTED_EDGE('',*,*,#2808,.T.);
#2808 = EDGE_CURVE('',#1196,#424,#2809,.T.);
#2809 = SURFACE_CURVE('',#2810,(#2814,#2820),.PCURVE_S1.);
#2810 = LINE('',#2811,#2812);
#2811 = CARTESIAN_POINT('',(20.7,-9.9784,0.));
#2812 = VECTOR('',#2813,1.);
#2813 = DIRECTION('',(0.,1.,0.));
#2814 = PCURVE('',#557,#2815);
#2815 = DEFINITIONAL_REPRESENTATION('',(#2816),#2819);
#2816 = B_SPLINE_CURVE_WITH_KNOTS('',1,(#2817,#2818),.UNSPECIFIED.,.F.,
  .F.,(2,2),(5.69288289178,16.001756543354),.PIECEWISE_BEZIER_KNOTS.);
#2817 = CARTESIAN_POINT('',(51.275807958801,-4.606442225314));
#2818 = CARTESIAN_POINT('',(51.331630324938,5.702280286596));
#2819 = ( GEOMETRIC_REPRESENTATION_CONTEXT(2) 
PARAMETRIC_REPRESENTATION_CONTEXT() REPRESENTATION_CONTEXT('2D SPACE',''
  ) );
#2820 = PCURVE('',#711,#2821);
#2821 = DEFINITIONAL_REPRESENTATION('',(#2822),#2825);
#2822 = B_SPLINE_CURVE_WITH_KNOTS('',1,(#2823,#2824),.UNSPECIFIED.,.F.,
  .F.,(2,2),(5.69288289178,16.001756543354),.PIECEWISE_BEZIER_KNOTS.);
#2823 = CARTESIAN_POINT('',(15.71448289178,-1.));
#2824 = CARTESIAN_POINT('',(26.023356543354,-1.));
#2825 = ( GEOMETRIC_REPRESENTATION_CONTEXT(2) 
PARAMETRIC_REPRESENTATION_CONTEXT() REPRESENTATION_CONTEXT('2D SPACE',''
  ) );
#2826 = FACE_BOUND('',#2827,.T.);
#2827 = EDGE_LOOP('',(#2828));
#2828 = ORIENTED_EDGE('',*,*,#2829,.F.);
#2829 = EDGE_CURVE('',#2830,#2830,#2832,.T.);
#2830 = VERTEX_POINT('',#2831);
#2831 = CARTESIAN_POINT('',(47.9,0.7776,0.));
#2832 = SURFACE_CURVE('',#2833,(#2838,#2845),.PCURVE_S1.);
#2833 = CIRCLE('',#2834,1.1);
#2834 = AXIS2_PLACEMENT_3D('',#2835,#2836,#2837);
#2835 = CARTESIAN_POINT('',(46.8,0.7776,0.));
#2836 = DIRECTION('',(0.,0.,-1.));
#2837 = DIRECTION('',(1.,0.,0.));
#2838 = PCURVE('',#557,#2839);
#2839 = DEFINITIONAL_REPRESENTATION('',(#2840),#2844);
#2840 = CIRCLE('',#2841,1.1);
#2841 = AXIS2_PLACEMENT_2D('',#2842,#2843);
#2842 = CARTESIAN_POINT('',(25.203607302544,0.597931684336));
#2843 = DIRECTION('',(-0.999985338877,5.414982084736E-03));
#2844 = ( GEOMETRIC_REPRESENTATION_CONTEXT(2) 
PARAMETRIC_REPRESENTATION_CONTEXT() REPRESENTATION_CONTEXT('2D SPACE',''
  ) );
#2845 = PCURVE('',#2846,#2851);
#2846 = CYLINDRICAL_SURFACE('',#2847,1.1);
#2847 = AXIS2_PLACEMENT_3D('',#2848,#2849,#2850);
#2848 = CARTESIAN_POINT('',(46.8,0.7776,-1.));
#2849 = DIRECTION('',(-0.,-0.,-1.));
#2850 = DIRECTION('',(1.,0.,0.));
#2851 = DEFINITIONAL_REPRESENTATION('',(#2852),#2856);
#2852 = LINE('',#2853,#2854);
#2853 = CARTESIAN_POINT('',(-6.28318530718,-1.));
#2854 = VECTOR('',#2855,1.);
#2855 = DIRECTION('',(1.,-0.));
#2856 = ( GEOMETRIC_REPRESENTATION_CONTEXT(2) 
PARAMETRIC_REPRESENTATION_CONTEXT() REPRESENTATION_CONTEXT('2D SPACE',''
  ) );
#2857 = ADVANCED_FACE('',(#2858),#711,.T.);
#2858 = FACE_BOUND('',#2859,.T.);
#2859 = EDGE_LOOP('',(#2860,#2861,#2882,#2883));
#2860 = ORIENTED_EDGE('',*,*,#1195,.T.);
#2861 = ORIENTED_EDGE('',*,*,#2862,.T.);
#2862 = EDGE_CURVE('',#1128,#688,#2863,.T.);
#2863 = SURFACE_CURVE('',#2864,(#2868,#2875),.PCURVE_S1.);
#2864 = LINE('',#2865,#2866);
#2865 = CARTESIAN_POINT('',(20.7,-20.,10.));
#2866 = VECTOR('',#2867,1.);
#2867 = DIRECTION('',(0.,1.,0.));
#2868 = PCURVE('',#711,#2869);
#2869 = DEFINITIONAL_REPRESENTATION('',(#2870),#2874);
#2870 = LINE('',#2871,#2872);
#2871 = CARTESIAN_POINT('',(0.,-11.));
#2872 = VECTOR('',#2873,1.);
#2873 = DIRECTION('',(1.,0.));
#2874 = ( GEOMETRIC_REPRESENTATION_CONTEXT(2) 
PARAMETRIC_REPRESENTATION_CONTEXT() REPRESENTATION_CONTEXT('2D SPACE',''
  ) );
#2875 = PCURVE('',#765,#2876);
#2876 = DEFINITIONAL_REPRESENTATION('',(#2877),#2881);
#2877 = LINE('',#2878,#2879);
#2878 = CARTESIAN_POINT('',(2.7,-20.));
#2879 = VECTOR('',#2880,1.);
#2880 = DIRECTION('',(0.,1.));
#2881 = ( GEOMETRIC_REPRESENTATION_CONTEXT(2) 
PARAMETRIC_REPRESENTATION_CONTEXT() REPRESENTATION_CONTEXT('2D SPACE',''
  ) );
#2882 = ORIENTED_EDGE('',*,*,#687,.F.);
#2883 = ORIENTED_EDGE('',*,*,#2808,.F.);
#2884 = ADVANCED_FACE('',(#2885,#2911),#765,.F.);
#2885 = FACE_BOUND('',#2886,.F.);
#2886 = EDGE_LOOP('',(#2887,#2908,#2909,#2910));
#2887 = ORIENTED_EDGE('',*,*,#2888,.T.);
#2888 = EDGE_CURVE('',#728,#1093,#2889,.T.);
#2889 = SURFACE_CURVE('',#2890,(#2894,#2901),.PCURVE_S1.);
#2890 = LINE('',#2891,#2892);
#2891 = CARTESIAN_POINT('',(15.3,20.,10.));
#2892 = VECTOR('',#2893,1.);
#2893 = DIRECTION('',(0.,-1.,0.));
#2894 = PCURVE('',#765,#2895);
#2895 = DEFINITIONAL_REPRESENTATION('',(#2896),#2900);
#2896 = LINE('',#2897,#2898);
#2897 = CARTESIAN_POINT('',(-2.7,20.));
#2898 = VECTOR('',#2899,1.);
#2899 = DIRECTION('',(0.,-1.));
#2900 = ( GEOMETRIC_REPRESENTATION_CONTEXT(2) 
PARAMETRIC_REPRESENTATION_CONTEXT() REPRESENTATION_CONTEXT('2D SPACE',''
  ) );
#2901 = PCURVE('',#812,#2902);
#2902 = DEFINITIONAL_REPRESENTATION('',(#2903),#2907);
#2903 = LINE('',#2904,#2905);
#2904 = CARTESIAN_POINT('',(0.,-11.));
#2905 = VECTOR('',#2906,1.);
#2906 = DIRECTION('',(1.,0.));
#2907 = ( GEOMETRIC_REPRESENTATION_CONTEXT(2) 
PARAMETRIC_REPRESENTATION_CONTEXT() REPRESENTATION_CONTEXT('2D SPACE',''
  ) );
#2908 = ORIENTED_EDGE('',*,*,#1127,.F.);
#2909 = ORIENTED_EDGE('',*,*,#2862,.T.);
#2910 = ORIENTED_EDGE('',*,*,#727,.F.);
#2911 = FACE_BOUND('',#2912,.F.);
#2912 = EDGE_LOOP('',(#2913));
#2913 = ORIENTED_EDGE('',*,*,#2914,.T.);
#2914 = EDGE_CURVE('',#2915,#2915,#2917,.T.);
#2915 = VERTEX_POINT('',#2916);
#2916 = CARTESIAN_POINT('',(20.6,0.7776,10.));
#2917 = SURFACE_CURVE('',#2918,(#2923,#2934),.PCURVE_S1.);
#2918 = CIRCLE('',#2919,2.6);
#2919 = AXIS2_PLACEMENT_3D('',#2920,#2921,#2922);
#2920 = CARTESIAN_POINT('',(18.,0.7776,10.));
#2921 = DIRECTION('',(0.,0.,-1.));
#2922 = DIRECTION('',(1.,0.,0.));
#2923 = PCURVE('',#765,#2924);
#2924 = DEFINITIONAL_REPRESENTATION('',(#2925),#2933);
#2925 = ( BOUNDED_CURVE() B_SPLINE_CURVE(2,(#2926,#2927,#2928,#2929,
#2930,#2931,#2932),.UNSPECIFIED.,.T.,.F.) B_SPLINE_CURVE_WITH_KNOTS((1,2
    ,2,2,2,1),(-2.094395102393,0.,2.094395102393,4.188790204786,
6.28318530718,8.377580409573),.UNSPECIFIED.) CURVE() 
GEOMETRIC_REPRESENTATION_ITEM() RATIONAL_B_SPLINE_CURVE((1.,0.5,1.,0.5,
1.,0.5,1.)) REPRESENTATION_ITEM('') );
#2926 = CARTESIAN_POINT('',(2.6,0.7776));
#2927 = CARTESIAN_POINT('',(2.6,-3.725732099679));
#2928 = CARTESIAN_POINT('',(-1.3,-1.47406604984));
#2929 = CARTESIAN_POINT('',(-5.2,0.7776));
#2930 = CARTESIAN_POINT('',(-1.3,3.02926604984));
#2931 = CARTESIAN_POINT('',(2.6,5.280932099679));
#2932 = CARTESIAN_POINT('',(2.6,0.7776));
#2933 = ( GEOMETRIC_REPRESENTATION_CONTEXT(2) 
PARAMETRIC_REPRESENTATION_CONTEXT() REPRESENTATION_CONTEXT('2D SPACE',''
  ) );
#2934 = PCURVE('',#2760,#2935);
#2935 = DEFINITIONAL_REPRESENTATION('',(#2936),#2940);
#2936 = LINE('',#2937,#2938);
#2937 = CARTESIAN_POINT('',(-6.28318530718,-11.));
#2938 = VECTOR('',#2939,1.);
#2939 = DIRECTION('',(1.,-0.));
#2940 = ( GEOMETRIC_REPRESENTATION_CONTEXT(2) 
PARAMETRIC_REPRESENTATION_CONTEXT() REPRESENTATION_CONTEXT('2D SPACE',''
  ) );
#2941 = ADVANCED_FACE('',(#2942),#812,.T.);
#2942 = FACE_BOUND('',#2943,.T.);
#2943 = EDGE_LOOP('',(#2944,#2945,#2946,#2947));
#2944 = ORIENTED_EDGE('',*,*,#788,.T.);
#2945 = ORIENTED_EDGE('',*,*,#2888,.T.);
#2946 = ORIENTED_EDGE('',*,*,#1092,.F.);
#2947 = ORIENTED_EDGE('',*,*,#2948,.F.);
#2948 = EDGE_CURVE('',#789,#829,#2949,.T.);
#2949 = SURFACE_CURVE('',#2950,(#2954,#2960),.PCURVE_S1.);
#2950 = LINE('',#2951,#2952);
#2951 = CARTESIAN_POINT('',(15.3,10.0216,0.));
#2952 = VECTOR('',#2953,1.);
#2953 = DIRECTION('',(0.,-1.,0.));
#2954 = PCURVE('',#812,#2955);
#2955 = DEFINITIONAL_REPRESENTATION('',(#2956),#2959);
#2956 = B_SPLINE_CURVE_WITH_KNOTS('',1,(#2957,#2958),.UNSPECIFIED.,.F.,
  .F.,(2,2),(3.969002124678,14.277875776252),.PIECEWISE_BEZIER_KNOTS.);
#2957 = CARTESIAN_POINT('',(13.947402124678,-1.));
#2958 = CARTESIAN_POINT('',(24.256275776252,-1.));
#2959 = ( GEOMETRIC_REPRESENTATION_CONTEXT(2) 
PARAMETRIC_REPRESENTATION_CONTEXT() REPRESENTATION_CONTEXT('2D SPACE',''
  ) );
#2960 = PCURVE('',#962,#2961);
#2961 = DEFINITIONAL_REPRESENTATION('',(#2962),#2965);
#2962 = B_SPLINE_CURVE_WITH_KNOTS('',1,(#2963,#2964),.UNSPECIFIED.,.F.,
  .F.,(2,2),(3.969002124678,14.277875776252),.PIECEWISE_BEZIER_KNOTS.);
#2963 = CARTESIAN_POINT('',(56.731709496163,5.702280286596));
#2964 = CARTESIAN_POINT('',(56.675887130026,-4.606442225314));
#2965 = ( GEOMETRIC_REPRESENTATION_CONTEXT(2) 
PARAMETRIC_REPRESENTATION_CONTEXT() REPRESENTATION_CONTEXT('2D SPACE',''
  ) );
#2966 = ADVANCED_FACE('',(#2967),#962,.T.);
#2967 = FACE_BOUND('',#2968,.T.);
#2968 = EDGE_LOOP('',(#2969,#2970));
#2969 = ORIENTED_EDGE('',*,*,#828,.F.);
#2970 = ORIENTED_EDGE('',*,*,#2948,.T.);
#2971 = ADVANCED_FACE('',(#2972),#2671,.F.);
#2972 = FACE_BOUND('',#2973,.T.);
#2973 = EDGE_LOOP('',(#2974,#3003,#3024,#3025));
#2974 = ORIENTED_EDGE('',*,*,#2975,.F.);
#2975 = EDGE_CURVE('',#2976,#2976,#2978,.T.);
#2976 = VERTEX_POINT('',#2977);
#2977 = CARTESIAN_POINT('',(47.9,0.7776,205.));
#2978 = SURFACE_CURVE('',#2979,(#2984,#2991),.PCURVE_S1.);
#2979 = CIRCLE('',#2980,1.1);
#2980 = AXIS2_PLACEMENT_3D('',#2981,#2982,#2983);
#2981 = CARTESIAN_POINT('',(46.8,0.7776,205.));
#2982 = DIRECTION('',(0.,0.,1.));
#2983 = DIRECTION('',(1.,0.,0.));
#2984 = PCURVE('',#2671,#2985);
#2985 = DEFINITIONAL_REPRESENTATION('',(#2986),#2990);
#2986 = LINE('',#2987,#2988);
#2987 = CARTESIAN_POINT('',(-0.,0.));
#2988 = VECTOR('',#2989,1.);
#2989 = DIRECTION('',(-1.,0.));
#2990 = ( GEOMETRIC_REPRESENTATION_CONTEXT(2) 
PARAMETRIC_REPRESENTATION_CONTEXT() REPRESENTATION_CONTEXT('2D SPACE',''
  ) );
#2991 = PCURVE('',#2992,#2997);
#2992 = PLANE('',#2993);
#2993 = AXIS2_PLACEMENT_3D('',#2994,#2995,#2996);
#2994 = CARTESIAN_POINT('',(46.8,0.7776,205.));
#2995 = DIRECTION('',(0.,0.,1.));
#2996 = DIRECTION('',(1.,0.,-0.));
#2997 = DEFINITIONAL_REPRESENTATION('',(#2998),#3002);
#2998 = CIRCLE('',#2999,1.1);
#2999 = AXIS2_PLACEMENT_2D('',#3000,#3001);
#3000 = CARTESIAN_POINT('',(-7.105427357601E-15,-1.110223024625E-16));
#3001 = DIRECTION('',(1.,0.));
#3002 = ( GEOMETRIC_REPRESENTATION_CONTEXT(2) 
PARAMETRIC_REPRESENTATION_CONTEXT() REPRESENTATION_CONTEXT('2D SPACE',''
  ) );
#3003 = ORIENTED_EDGE('',*,*,#3004,.T.);
#3004 = EDGE_CURVE('',#2976,#2655,#3005,.T.);
#3005 = SEAM_CURVE('',#3006,(#3010,#3017),.PCURVE_S1.);
#3006 = LINE('',#3007,#3008);
#3007 = CARTESIAN_POINT('',(47.9,0.7776,205.));
#3008 = VECTOR('',#3009,1.);
#3009 = DIRECTION('',(0.,0.,1.));
#3010 = PCURVE('',#2671,#3011);
#3011 = DEFINITIONAL_REPRESENTATION('',(#3012),#3016);
#3012 = LINE('',#3013,#3014);
#3013 = CARTESIAN_POINT('',(-6.28318530718,0.));
#3014 = VECTOR('',#3015,1.);
#3015 = DIRECTION('',(-0.,-1.));
#3016 = ( GEOMETRIC_REPRESENTATION_CONTEXT(2) 
PARAMETRIC_REPRESENTATION_CONTEXT() REPRESENTATION_CONTEXT('2D SPACE',''
  ) );
#3017 = PCURVE('',#2671,#3018);
#3018 = DEFINITIONAL_REPRESENTATION('',(#3019),#3023);
#3019 = LINE('',#3020,#3021);
#3020 = CARTESIAN_POINT('',(-0.,0.));
#3021 = VECTOR('',#3022,1.);
#3022 = DIRECTION('',(-0.,-1.));
#3023 = ( GEOMETRIC_REPRESENTATION_CONTEXT(2) 
PARAMETRIC_REPRESENTATION_CONTEXT() REPRESENTATION_CONTEXT('2D SPACE',''
  ) );
#3024 = ORIENTED_EDGE('',*,*,#2654,.F.);
#3025 = ORIENTED_EDGE('',*,*,#3004,.F.);
#3026 = ADVANCED_FACE('',(#3027),#2760,.F.);
#3027 = FACE_BOUND('',#3028,.T.);
#3028 = EDGE_LOOP('',(#3029,#3050,#3051,#3052));
#3029 = ORIENTED_EDGE('',*,*,#3030,.F.);
#3030 = EDGE_CURVE('',#2915,#2740,#3031,.T.);
#3031 = SEAM_CURVE('',#3032,(#3036,#3043),.PCURVE_S1.);
#3032 = LINE('',#3033,#3034);
#3033 = CARTESIAN_POINT('',(20.6,0.7776,-1.));
#3034 = VECTOR('',#3035,1.);
#3035 = DIRECTION('',(0.,0.,1.));
#3036 = PCURVE('',#2760,#3037);
#3037 = DEFINITIONAL_REPRESENTATION('',(#3038),#3042);
#3038 = LINE('',#3039,#3040);
#3039 = CARTESIAN_POINT('',(-6.28318530718,0.));
#3040 = VECTOR('',#3041,1.);
#3041 = DIRECTION('',(-0.,-1.));
#3042 = ( GEOMETRIC_REPRESENTATION_CONTEXT(2) 
PARAMETRIC_REPRESENTATION_CONTEXT() REPRESENTATION_CONTEXT('2D SPACE',''
  ) );
#3043 = PCURVE('',#2760,#3044);
#3044 = DEFINITIONAL_REPRESENTATION('',(#3045),#3049);
#3045 = LINE('',#3046,#3047);
#3046 = CARTESIAN_POINT('',(-0.,0.));
#3047 = VECTOR('',#3048,1.);
#3048 = DIRECTION('',(-0.,-1.));
#3049 = ( GEOMETRIC_REPRESENTATION_CONTEXT(2) 
PARAMETRIC_REPRESENTATION_CONTEXT() REPRESENTATION_CONTEXT('2D SPACE',''
  ) );
#3050 = ORIENTED_EDGE('',*,*,#2914,.T.);
#3051 = ORIENTED_EDGE('',*,*,#3030,.T.);
#3052 = ORIENTED_EDGE('',*,*,#2739,.F.);
#3053 = ADVANCED_FACE('',(#3054),#2846,.F.);
#3054 = FACE_BOUND('',#3055,.T.);
#3055 = EDGE_LOOP('',(#3056,#3057,#3080,#3107));
#3056 = ORIENTED_EDGE('',*,*,#2829,.T.);
#3057 = ORIENTED_EDGE('',*,*,#3058,.T.);
#3058 = EDGE_CURVE('',#2830,#3059,#3061,.T.);
#3059 = VERTEX_POINT('',#3060);
#3060 = CARTESIAN_POINT('',(47.9,0.7776,20.));
#3061 = SEAM_CURVE('',#3062,(#3066,#3073),.PCURVE_S1.);
#3062 = LINE('',#3063,#3064);
#3063 = CARTESIAN_POINT('',(47.9,0.7776,-1.));
#3064 = VECTOR('',#3065,1.);
#3065 = DIRECTION('',(0.,0.,1.));
#3066 = PCURVE('',#2846,#3067);
#3067 = DEFINITIONAL_REPRESENTATION('',(#3068),#3072);
#3068 = LINE('',#3069,#3070);
#3069 = CARTESIAN_POINT('',(-6.28318530718,0.));
#3070 = VECTOR('',#3071,1.);
#3071 = DIRECTION('',(-0.,-1.));
#3072 = ( GEOMETRIC_REPRESENTATION_CONTEXT(2) 
PARAMETRIC_REPRESENTATION_CONTEXT() REPRESENTATION_CONTEXT('2D SPACE',''
  ) );
#3073 = PCURVE('',#2846,#3074);
#3074 = DEFINITIONAL_REPRESENTATION('',(#3075),#3079);
#3075 = LINE('',#3076,#3077);
#3076 = CARTESIAN_POINT('',(-0.,0.));
#3077 = VECTOR('',#3078,1.);
#3078 = DIRECTION('',(-0.,-1.));
#3079 = ( GEOMETRIC_REPRESENTATION_CONTEXT(2) 
PARAMETRIC_REPRESENTATION_CONTEXT() REPRESENTATION_CONTEXT('2D SPACE',''
  ) );
#3080 = ORIENTED_EDGE('',*,*,#3081,.T.);
#3081 = EDGE_CURVE('',#3059,#3059,#3082,.T.);
#3082 = SURFACE_CURVE('',#3083,(#3088,#3095),.PCURVE_S1.);
#3083 = CIRCLE('',#3084,1.1);
#3084 = AXIS2_PLACEMENT_3D('',#3085,#3086,#3087);
#3085 = CARTESIAN_POINT('',(46.8,0.7776,20.));
#3086 = DIRECTION('',(0.,0.,1.));
#3087 = DIRECTION('',(1.,0.,0.));
#3088 = PCURVE('',#2846,#3089);
#3089 = DEFINITIONAL_REPRESENTATION('',(#3090),#3094);
#3090 = LINE('',#3091,#3092);
#3091 = CARTESIAN_POINT('',(-0.,-21.));
#3092 = VECTOR('',#3093,1.);
#3093 = DIRECTION('',(-1.,0.));
#3094 = ( GEOMETRIC_REPRESENTATION_CONTEXT(2) 
PARAMETRIC_REPRESENTATION_CONTEXT() REPRESENTATION_CONTEXT('2D SPACE',''
  ) );
#3095 = PCURVE('',#3096,#3101);
#3096 = PLANE('',#3097);
#3097 = AXIS2_PLACEMENT_3D('',#3098,#3099,#3100);
#3098 = CARTESIAN_POINT('',(46.8,0.7776,20.));
#3099 = DIRECTION('',(0.,0.,1.));
#3100 = DIRECTION('',(1.,0.,-0.));
#3101 = DEFINITIONAL_REPRESENTATION('',(#3102),#3106);
#3102 = CIRCLE('',#3103,1.1);
#3103 = AXIS2_PLACEMENT_2D('',#3104,#3105);
#3104 = CARTESIAN_POINT('',(-7.105427357601E-15,-1.110223024625E-16));
#3105 = DIRECTION('',(1.,0.));
#3106 = ( GEOMETRIC_REPRESENTATION_CONTEXT(2) 
PARAMETRIC_REPRESENTATION_CONTEXT() REPRESENTATION_CONTEXT('2D SPACE',''
  ) );
#3107 = ORIENTED_EDGE('',*,*,#3058,.F.);
#3108 = ADVANCED_FACE('',(#3109),#2992,.T.);
#3109 = FACE_BOUND('',#3110,.T.);
#3110 = EDGE_LOOP('',(#3111));
#3111 = ORIENTED_EDGE('',*,*,#2975,.T.);
#3112 = ADVANCED_FACE('',(#3113),#3096,.F.);
#3113 = FACE_BOUND('',#3114,.F.);
#3114 = EDGE_LOOP('',(#3115));
#3115 = ORIENTED_EDGE('',*,*,#3081,.T.);
#3116 = ( GEOMETRIC_REPRESENTATION_CONTEXT(3) 
GLOBAL_UNCERTAINTY_ASSIGNED_CONTEXT((#3120)) 
GLOBAL_UNIT_ASSIGNED_CONTEXT((#3117,#3118,#3119)) REPRESENTATION_CONTEXT
('Context #1','3D Context with UNIT and UNCERTAINTY') );
#3117 = ( LENGTH_UNIT() NAMED_UNIT(*) SI_UNIT(.MILLI.,.METRE.) );
#3118 = ( NAMED_UNIT(*) PLANE_ANGLE_UNIT() SI_UNIT($,.RADIAN.) );
#3119 = ( NAMED_UNIT(*) SI_UNIT($,.STERADIAN.) SOLID_ANGLE_UNIT() );
#3120 = UNCERTAINTY_MEASURE_WITH_UNIT(LENGTH_MEASURE(2.E-06),#3117,
  'distance_accuracy_value','confusion accuracy');
#3121 = PRODUCT_RELATED_PRODUCT_CATEGORY('part',$,(#7));
ENDSEC;
END-ISO-10303-21;
